person_id,night_index,age,chronotype_code,bedtime_hour,screen_minutes_before_bed,caffeine_mg,exercise_minutes,stress_level,ambient_noise_db,room_temp_c,resting_hr,steps,snooze_count,alarm_response_ms,sleep_consistency,sleep_debt_hours,sleep_duration,wakeup_consistency,wake_success
0,14,24,2,24.59,38,43,20,18.8,35.0,25.5,60,8720,1,8304,61.8,0.59,5.78,68.3,0
0,15,24,2,24.49,29,47,12,16.8,34.5,24.9,64,8483,1,8670,62.0,0.62,5.94,68.3,0
0,16,24,2,23.13,0,48,0,11.0,34.3,24.7,61,3604,0,8616,61.9,0.57,7.46,67.6,0
0,17,24,2,24.58,14,45,0,0.0,31.3,23.7,61,3737,0,10354,63.9,0.62,5.84,68.0,1
0,18,24,2,24.58,75,45,0,0.0,38.0,24.6,65,3599,0,8544,64.0,0.56,6.85,68.5,1
0,20,24,2,23.63,8,30,14,5.5,29.8,25.9,62,4563,1,8840,67.0,0.69,6.68,56.5,0
0,21,24,2,23.54,3,79,0,0.0,36.4,25.2,61,5045,1,8930,69.6,0.74,6.93,57.3,1
0,22,24,2,22.18,45,33,0,9.4,23.4,25.5,62,7968,1,8773,69.0,0.68,7.55,57.9,1
0,23,24,2,23.69,34,23,15,16.5,36.2,24.1,60,5046,1,8675,63.7,0.63,6.8,57.9,1
0,24,24,2,22.95,40,62,0,10.1,27.0,24.8,63,5696,1,8751,64.0,0.64,7.28,56.5,0
0,27,24,2,24.11,8,22,0,7.6,33.0,25.4,59,6244,1,8934,58.4,0.73,6.31,75.3,1
0,28,24,2,23.49,21,47,14,3.6,36.8,25.3,61,4095,1,8577,58.9,0.8,6.92,75.3,0
0,29,24,2,23.06,24,60,0,8.9,27.1,25.0,62,6716,1,8744,58.5,0.72,7.42,75.0,0
0,30,24,2,23.4,40,65,0,10.4,32.5,24.6,60,4069,1,8101,57.6,0.61,7.04,76.0,1
0,31,24,2,24.97,26,63,0,14.8,31.9,24.2,60,4187,1,6225,57.7,0.64,5.5,77.3,0
0,34,24,2,24.13,0,0,76,1.7,29.5,24.9,56,5840,1,6278,58.6,0.53,6.36,52.0,0
0,35,24,2,24.45,0,28,14,4.1,32.1,24.4,58,2812,1,6483,58.9,0.55,6.01,52.3,0
0,36,24,2,24.83,33,36,0,12.7,39.4,24.7,62,4462,1,6421,59.0,0.62,5.51,52.3,0
0,37,24,2,24.32,16,85,59,13.7,36.3,24.7,66,5388,1,6926,63.8,0.76,6.17,51.8,0
0,38,24,2,24.47,19,79,0,17.5,30.5,24.9,65,5822,1,7658,64.1,0.81,5.94,51.8,0
1,14,36,1,23.24,45,58,113,75.4,33.2,18.8,60,13298,2,11860,68.8,1.03,6.59,43.3,0
1,15,36,1,23.56,23,89,0,74.3,39.7,20.0,68,5388,2,12210,68.8,0.97,5.75,42.1,0
1,16,36,1,22.74,49,136,0,72.9,35.0,20.3,65,8573,2,13577,69.6,1.03,6.77,41.6,0
1,17,36,1,24.12,56,126,0,96.7,39.0,19.6,69,8219,2,12995,69.2,1.0,5.31,41.6,0
1,20,36,1,22.45,27,72,90,75.1,35.8,19.6,69,7928,2,13871,62.4,1.07,7.21,64.8,1
1,21,36,1,22.25,32,45,0,64.7,42.3,19.0,64,8305,2,13635,61.6,1.02,7.25,66.2,1
1,22,36,1,23.26,40,67,58,75.8,38.7,19.3,67,7743,2,12844,60.7,0.97,6.4,68.3,1
1,23,36,1,22.51,22,51,120,59.4,40.6,19.5,66,9534,2,11639,61.1,1.0,7.05,67.6,0
1,24,36,1,23.73,49,66,73,61.8,34.7,19.8,67,6435,2,11108,60.4,0.95,5.91,69.3,0
1,27,36,1,23.4,61,68,74,76.3,42.5,18.7,64,9724,2,11939,63.2,1.01,6.23,53.1,0
1,28,36,1,22.76,37,63,0,79.5,36.2,20.0,64,6231,2,13102,63.5,1.05,6.85,51.4,0
1,29,36,1,22.98,19,78,63,75.2,37.1,19.6,68,7375,2,13226,63.0,1.03,6.85,48.3,0
1,30,36,1,23.5,22,38,61,73.4,35.5,21.2,64,13063,2,12800,62.9,0.96,6.24,49.5,0
1,31,36,1,23.22,53,91,50,67.3,36.7,19.4,68,5410,2,13733,63.7,0.99,6.39,49.0,0
1,34,36,1,22.29,51,62,120,71.2,41.3,19.7,63,8975,2,13839,65.2,0.9,7.24,38.8,1
1,35,36,1,23.37,50,69,0,70.8,36.2,19.5,66,6075,2,13521,64.6,0.9,6.25,40.7,1
1,36,36,1,23.31,45,69,0,86.1,38.7,19.0,69,5550,2,14257,66.3,0.97,6.24,42.5,0
1,37,36,1,23.55,38,104,0,71.6,38.2,20.5,66,7238,2,14353,66.3,0.98,6.02,40.4,0
1,38,36,1,23.43,41,105,0,72.5,42.8,18.8,67,3678,2,15164,67.6,1.06,5.91,40.4,0
2,14,33,1,22.84,4,50,0,41.7,28.4,23.8,57,6571,0,6816,79.4,0.5,7.4,70.0,1
2,15,33,1,23.02,6,85,0,54.0,36.7,23.7,62,6836,0,7078,80.1,0.49,7.49,70.0,1
2,16,33,1,23.01,25,96,43,37.1,33.4,25.4,60,6442,1,7096,80.3,0.48,7.0,70.3,1
2,17,33,1,22.74,15,64,56,34.1,37.4,23.8,63,10072,1,7209,80.0,0.51,7.57,69.5,1
2,19,33,1,23.19,22,28,0,24.2,34.2,24.4,60,6205,1,7175,76.5,0.51,7.84,77.4,1
2,20,33,1,22.26,3,58,0,27.9,33.7,25.8,59,6726,1,7371,76.2,0.49,7.6,82.3,1
2,21,33,1,22.51,22,70,70,40.3,30.5,24.6,60,9500,1,7598,74.4,0.43,7.63,82.3,1
2,22,33,1,23.49,60,95,44,56.4,29.5,23.9,62,8383,0,7865,74.2,0.42,6.66,83.1,0
2,23,33,1,22.84,26,105,0,43.0,32.0,25.6,62,6100,1,7000,74.3,0.44,7.1,83.9,0
2,24,33,1,22.85,18,85,108,45.0,34.6,25.7,66,9839,1,8517,73.9,0.44,7.46,83.9,0
2,27,33,1,22.72,29,78,0,44.2,27.3,24.3,61,6791,1,8180,78.1,0.46,7.4,70.8,0
2,28,33,1,22.93,26,82,91,37.4,32.7,24.8,61,10427,1,8165,77.7,0.5,7.39,70.8,1
2,29,33,1,22.75,12,78,0,45.0,37.8,24.9,65,8494,1,7989,77.8,0.5,7.21,71.3,1
2,30,33,1,23.03,36,139,0,44.9,36.6,24.6,60,6895,1,8035,77.3,0.52,7.12,71.3,1
2,31,33,1,22.8,16,123,99,33.9,33.8,23.7,63,10808,1,8262,77.4,0.51,7.49,71.3,1
2,32,33,1,23.39,41,32,28,37.4,35.0,24.5,62,6271,1,7775,77.5,0.52,7.9,71.3,1
2,34,33,1,22.45,15,39,16,41.3,39.9,24.7,57,7189,1,8083,79.9,0.48,6.71,73.4,0
2,35,33,1,23.29,3,96,0,35.6,41.5,24.6,61,10804,1,7812,78.2,0.54,6.85,73.4,1
2,36,33,1,23.09,16,116,0,41.8,34.7,24.2,63,7637,1,7584,78.8,0.6,7.14,73.3,1
2,37,33,1,23.24,32,84,17,51.1,43.4,24.4,68,7179,1,7538,78.8,0.56,6.63,72.8,0
2,38,33,1,22.53,8,133,60,32.4,31.6,25.6,66,12197,1,6531,79.1,0.6,7.6,72.8,1
3,14,25,2,23.47,85,38,0,22.2,43.5,19.9,53,4884,1,9605,73.2,0.61,7.38,81.9,1
3,15,25,2,24.12,82,79,69,16.7,44.1,19.1,50,11301,1,10368,72.9,0.62,6.88,82.2,1
3,16,25,2,23.5,93,34,87,24.6,42.5,19.0,52,6873,1,10213,72.9,0.64,7.35,81.6,0
3,17,25,2,22.86,94,55,78,19.3,42.3,17.6,51,12575,1,8919,72.1,0.6,7.98,81.7,1
3,20,25,2,23.76,40,15,79,4.8,42.9,18.6,50,13936,1,8544,72.1,0.57,7.43,45.3,1
3,21,25,2,24.89,76,52,60,12.7,43.3,19.8,50,9964,1,9005,72.2,0.54,6.14,45.3,1
3,22,25,2,25.4,62,94,0,25.7,49.4,18.5,52,13264,1,9408,72.0,0.51,5.32,44.8,0
3,23,25,2,24.19,67,151,54,32.9,43.4,19.1,58,8917,1,10129,73.5,0.73,6.9,46.0,1
3,24,25,2,24.75,65,113,52,14.5,40.9,19.1,56,5826,1,10419,73.5,0.71,5.99,45.9,0
3,27,25,2,22.56,53,58,117,23.7,41.1,19.8,51,12517,1,10122,67.7,0.67,7.53,73.2,1
3,28,25,2,25.19,67,2,70,11.0,42.4,19.7,49,9123,1,9323,62.8,0.6,5.98,74.1,0
3,29,25,2,23.6,93,97,94,42.6,40.8,20.1,54,11501,1,8969,63.0,0.7,7.39,75.3,1
3,30,25,2,24.99,66,57,65,9.3,44.1,20.1,50,12633,1,9218,62.6,0.66,6.1,74.6,0
3,31,25,2,24.5,63,103,17,34.9,40.7,19.6,57,8921,1,9390,63.3,0.75,6.52,72.9,1
3,32,25,2,23.74,52,76,43,13.7,39.5,18.6,52,18000,1,11055,65.6,0.86,8.6,72.0,1
3,33,25,2,24.87,91,31,76,0.0,45.0,19.5,50,9245,1,11429,66.0,0.8,7.27,66.7,1
3,34,25,2,25.54,59,36,31,18.0,47.7,19.7,52,12006,1,11550,65.7,0.83,5.34,66.7,0
3,35,25,2,25.1,54,124,33,22.9,38.8,19.9,55,11366,1,11838,66.1,0.98,5.91,65.9,0
3,36,25,2,23.47,44,122,38,13.9,43.7,19.3,57,8097,1,13159,66.0,1.0,7.65,64.6,0
3,37,25,2,23.43,50,68,0,23.5,35.9,20.5,53,7837,1,12685,65.0,0.83,7.61,64.0,1
3,38,25,2,24.07,57,20,0,23.3,37.5,19.8,53,11404,1,10925,64.0,0.78,6.97,64.6,1
4,14,22,2,25.2,25,160,0,42.7,30.5,22.2,69,9312,2,10081,57.6,1.94,5.15,24.3,0
4,15,22,2,23.84,48,168,0,43.2,27.0,22.6,66,7441,2,11201,60.0,2.03,6.61,23.3,0
4,16,22,2,24.39,49,150,0,55.3,25.9,23.7,67,6764,2,11123,59.1,1.98,5.89,24.3,0
4,17,22,2,24.09,28,154,52,55.9,31.3,23.4,69,6725,2,12164,59.0,1.99,6.36,24.3,0
4,18,22,2,24.66,38,133,0,37.8,28.1,22.9,66,4193,2,11423,58.5,1.91,7.02,25.0,1
4,20,22,2,24.22,46,82,0,60.2,25.0,22.9,66,5654,2,12653,48.2,1.99,6.05,64.9,0
4,21,22,2,23.58,26,146,19,47.2,33.3,23.1,65,5077,2,12916,49.1,2.03,6.85,64.9,1
4,22,22,2,25.14,20,154,73,46.3,27.0,22.7,67,6638,1,12963,48.2,1.95,5.48,65.8,0
4,23,22,2,23.87,40,156,30,50.8,31.0,22.8,71,4874,2,13261,48.9,2.06,6.64,64.1,0
4,24,22,2,22.87,20,137,0,49.9,29.6,22.7,71,7169,2,13146,48.4,2.02,7.52,62.7,1
4,27,22,2,22.8,24,127,0,53.2,37.8,23.5,64,5385,2,12007,53.6,2.03,7.52,69.5,1
4,28,22,2,23.8,28,153,0,58.9,32.8,22.5,63,4562,2,11920,51.5,1.91,6.72,70.3,1
4,29,22,2,24.2,57,137,0,60.3,35.9,22.3,66,3130,1,11232,51.1,1.79,6.0,70.1,0
4,30,22,2,24.8,31,219,32,53.4,30.1,22.9,68,4453,1,11614,51.2,1.84,5.63,69.1,0
4,31,22,2,24.45,29,164,0,56.5,32.0,24.2,70,4489,1,10542,51.3,1.86,5.68,70.9,0
4,32,22,2,25.03,44,168,0,49.2,35.2,22.3,70,4317,2,10638,51.4,1.9,6.59,70.1,0
4,34,22,2,24.46,17,119,0,45.8,32.7,22.9,69,6725,2,11200,71.9,2.02,5.96,32.1,0
4,35,22,2,24.95,37,126,0,46.7,29.6,22.8,66,5267,2,11073,72.1,2.03,5.46,32.1,0
4,36,22,2,24.3,36,155,68,50.3,30.2,22.5,67,9279,2,12524,72.7,2.13,6.2,32.1,1
4,37,22,2,24.09,6,160,0,46.5,34.9,23.5,71,4443,1,12529,73.2,2.08,6.34,33.4,0
4,38,22,2,23.28,54,146,39,39.6,35.6,23.0,68,6079,1,12453,73.3,2.1,7.21,34.0,1
5,14,44,0,22.5,43,109,0,68.7,32.8,18.7,64,4811,1,7627,66.0,0.11,6.97,73.2,0
5,15,44,0,21.71,11,81,0,63.7,32.8,18.3,63,7607,1,7857,66.1,0.18,7.93,72.6,0
5,16,44,0,22.48,45,104,112,65.6,32.5,19.0,63,7179,1,7126,66.0,0.07,7.23,72.1,0
5,17,44,0,22.75,29,82,19,71.2,31.4,17.7,65,6908,1,6927,66.0,0.07,6.82,72.1,1
5,20,44,0,21.48,11,44,71,60.9,28.6,18.7,58,8420,1,6686,62.7,0.12,8.14,71.9,1
5,21,44,0,21.33,0,68,30,47.6,28.4,17.8,57,6470,1,6716,64.9,0.07,8.26,72.4,1
5,22,44,0,21.81,37,74,38,68.0,27.8,18.4,62,6425,1,7066,66.7,0.05,7.68,72.4,1
5,23,44,0,22.38,57,11,33,74.8,22.0,18.2,61,5963,1,6945,66.5,0.04,7.14,73.4,0
5,24,44,0,21.02,0,57,0,51.0,34.1,19.8,61,4985,0,6269,66.5,0.06,8.52,74.8,1
5,27,44,0,21.99,24,72,44,58.1,24.0,19.2,62,6195,0,6697,72.9,0.1,7.66,69.3,0
5,28,44,0,22.23,38,9,0,65.9,31.4,20.1,62,3493,0,6216,72.9,0.02,7.6,69.9,1
5,29,44,0,21.67,23,44,0,58.2,26.3,19.1,60,4487,0,5810,72.9,-0.03,7.83,70.9,0
5,30,44,0,22.29,19,61,6,68.1,25.1,19.2,59,7849,0,5283,72.7,-0.02,7.48,69.9,1
5,31,44,0,22.56,25,18,42,71.8,29.9,20.0,63,6580,1,5326,72.8,-0.04,7.16,69.0,1
5,33,44,0,22.53,18,28,48,43.1,27.1,19.6,60,9238,0,5164,69.1,-0.05,8.1,81.9,1
5,34,44,0,22.63,43,36,0,74.7,29.8,19.1,62,4964,0,5259,72.8,-0.04,6.85,79.4,0
5,35,44,0,22.62,46,102,45,75.4,32.0,19.7,64,8101,1,5817,73.7,0.05,7.08,78.2,0
5,36,44,0,23.68,50,18,113,76.2,26.2,18.7,66,7483,1,5636,75.1,0.14,6.02,78.2,1
5,37,44,0,22.63,31,108,28,60.8,25.6,19.2,68,7642,1,6695,75.0,0.26,7.07,77.6,1
5,38,44,0,21.63,0,128,53,55.4,29.2,20.5,64,6593,1,8480,75.3,0.26,8.08,76.9,1
6,14,28,2,23.63,26,60,0,26.6,45.4,26.1,60,5103,1,9006,77.3,0.93,6.92,75.8,1
6,15,28,2,24.34,14,75,39,41.8,39.2,26.2,63,6081,1,9308,78.1,0.9,6.39,77.4,0
6,16,28,2,23.85,32,125,0,35.1,34.1,27.5,63,5973,0,8867,78.2,0.97,6.64,78.6,0
6,17,28,2,23.77,18,112,0,25.6,38.5,27.0,64,8624,1,9930,78.1,1.01,6.7,76.5,1
6,19,28,2,24.26,22,60,0,7.8,29.0,26.4,59,4906,1,9832,76.4,1.0,7.52,72.3,1
6,20,28,2,24.13,11,79,15,41.2,38.8,26.5,59,12304,1,10352,76.3,1.02,6.5,75.7,0
6,21,28,2,23.65,30,84,103,25.5,36.8,26.7,60,7414,1,10718,77.1,1.06,7.02,76.3,1
6,22,28,2,23.82,5,80,50,28.0,32.2,26.1,61,6633,1,11022,77.0,1.08,7.09,76.3,1
6,23,28,2,23.77,16,92,45,31.2,38.4,25.9,58,6300,1,9494,77.2,1.05,7.15,75.5,0
6,24,28,2,23.91,21,72,0,16.9,37.6,27.0,64,5463,1,9182,77.0,1.05,6.52,77.2,1
6,25,28,2,24.44,54,85,0,23.3,38.0,26.4,59,5990,1,8794,76.9,1.05,7.4,77.2,1
6,27,28,2,23.91,17,77,43,31.3,34.4,27.4,59,7427,1,9237,79.8,1.09,6.57,78.5,1
6,28,28,2,23.81,22,91,0,23.5,32.9,26.7,60,7768,1,9005,79.6,1.13,6.72,77.7,0
6,29,28,2,23.31,0,83,0,14.5,35.6,26.6,61,7701,1,9289,79.9,1.15,7.62,77.1,1
6,30,28,2,23.91,1,80,0,24.8,41.2,28.3,62,6197,1,10207,79.3,1.06,6.35,78.0,0
6,31,28,2,23.92,16,82,30,34.4,39.0,26.5,64,7097,1,9222,79.1,1.08,6.61,77.8,0
6,34,28,2,23.97,34,61,42,36.8,36.8,27.3,61,12126,1,8308,78.5,1.04,6.41,88.8,1
6,35,28,2,23.91,22,90,0,26.8,40.8,25.6,60,5138,1,7991,78.2,1.05,6.66,87.7,1
6,36,28,2,23.36,22,105,28,29.2,39.9,25.9,64,5957,1,7853,78.4,1.07,7.12,86.8,1
6,37,28,2,23.72,8,140,0,24.3,36.4,27.0,62,4284,1,8040,77.3,1.07,6.81,86.0,0
6,38,28,2,23.97,23,107,32,37.3,28.7,26.2,65,4987,1,8352,76.9,1.09,6.53,85.6,1
7,14,22,2,24.16,29,1,0,51.4,36.6,18.9,67,4441,1,8166,77.4,0.59,6.88,58.5,0
7,15,22,2,24.2,31,86,0,42.2,35.2,18.6,68,6789,1,8310,78.6,0.57,6.75,58.9,1
7,16,22,2,23.95,32,62,49,44.8,23.5,18.4,68,6153,1,8902,78.6,0.62,7.06,58.3,1
7,17,22,2,23.76,28,41,0,28.8,34.5,18.4,68,5392,1,8901,79.8,0.53,7.33,58.9,0
7,20,22,2,24.65,29,9,69,32.0,34.5,18.7,61,6482,1,8885,69.7,0.48,6.61,68.7,0
7,21,22,2,24.5,67,64,27,56.2,34.5,18.2,64,7231,1,9562,70.2,0.51,6.47,67.7,0
7,22,22,2,24.7,29,96,0,47.7,31.3,18.2,67,6006,1,9692,70.2,0.54,6.44,66.7,1
7,23,22,2,23.87,42,62,62,50.2,29.0,18.9,72,7637,1,9601,70.3,0.55,7.2,67.3,0
7,24,22,2,23.78,17,85,2,45.5,30.8,19.1,68,11582,1,8444,70.8,0.54,7.42,65.9,0
7,27,22,2,23.88,35,0,0,48.4,27.1,19.7,65,7539,1,8738,65.8,0.56,7.26,66.4,0
7,28,22,2,23.43,26,29,0,51.6,27.1,19.6,68,6153,1,8175,65.3,0.54,7.64,66.9,1
7,29,22,2,23.86,32,24,88,40.8,32.7,17.9,63,8567,1,7893,64.3,0.48,6.6,66.9,0
7,30,22,2,23.69,29,101,60,60.0,34.2,19.9,70,7548,1,7483,63.0,0.5,7.58,66.1,1
7,31,22,2,24.75,15,30,0,39.6,32.2,19.0,64,6592,1,7328,63.0,0.46,6.44,66.9,0
7,34,22,2,23.3,28,18,0,26.2,31.2,20.3,67,6282,1,8151,69.6,0.55,7.84,72.3,1
7,35,22,2,23.36,7,35,96,37.7,29.4,20.0,67,5768,1,7206,68.3,0.46,7.07,71.5,0
7,36,22,2,23.72,41,46,54,39.3,32.1,19.6,66,10354,1,7791,66.0,0.42,7.56,70.8,1
7,37,22,2,23.8,16,46,14,47.5,26.8,18.7,65,11264,1,7504,65.9,0.34,7.4,72.2,1
7,38,22,2,24.59,37,57,0,41.1,34.8,18.3,66,6537,1,7086,65.9,0.33,6.59,71.0,1
8,14,30,0,21.9,41,111,0,48.0,35.4,16.8,65,3928,0,7096,71.1,1.11,6.3,88.5,0
8,15,30,0,22.05,42,104,0,51.2,33.2,17.7,67,5834,0,7229,72.6,1.13,7.57,89.9,1
8,16,30,0,23.61,64,106,38,43.2,30.7,16.2,67,5133,0,7247,72.5,1.06,5.87,91.0,0
8,17,30,0,21.87,62,91,22,59.0,34.5,16.8,70,5541,1,7286,70.8,1.14,7.56,93.0,0
8,20,30,0,21.4,30,131,0,35.8,30.9,17.8,66,4894,1,6915,70.4,1.09,6.68,89.8,0
8,21,30,0,21.21,33,82,118,57.8,32.6,16.8,66,6264,1,6606,68.9,1.12,7.66,90.9,1
8,22,30,0,21.82,47,107,40,53.5,24.2,17.6,65,6313,1,5908,67.4,1.08,6.55,90.4,0
8,23,30,0,22.45,37,64,10,45.3,29.5,17.9,67,7120,1,5884,66.2,1.12,7.14,91.9,0
8,24,30,0,22.16,70,121,0,58.4,31.9,16.9,67,5500,1,6188,67.7,1.14,6.33,91.9,1
8,27,30,0,21.62,46,45,120,40.4,33.2,16.5,66,8255,1,6288,68.2,1.24,7.36,78.8,0
8,28,30,0,22.02,49,87,52,37.1,30.2,17.1,62,7604,1,6010,67.7,1.2,6.98,78.8,0
8,29,30,0,21.03,9,79,45,49.2,32.8,18.4,66,7273,1,5890,68.9,1.15,7.89,78.8,1
8,30,30,0,22.16,22,102,0,53.8,29.7,16.8,65,2491,1,5898,67.3,1.12,6.79,78.4,1
8,31,30,0,22.22,42,99,0,50.6,30.9,17.7,67,5159,1,5611,69.3,1.06,7.34,78.4,1
8,33,30,0,22.34,86,75,40,51.3,30.3,17.2,64,5087,1,5727,66.6,1.05,6.85,74.9,1
8,34,30,0,22.05,43,117,0,59.4,31.7,17.4,67,7721,1,5850,69.9,1.09,6.79,74.9,1
8,35,30,0,21.46,45,85,91,57.0,33.9,18.4,66,6685,1,6058,72.3,1.08,7.29,73.5,1
8,36,30,0,22.0,38,79,0,62.6,33.0,17.7,66,8608,1,5986,72.6,1.1,7.21,74.9,1
8,37,30,0,22.99,54,97,0,49.3,34.9,17.9,64,3650,1,5957,73.8,1.06,6.74,75.0,1
8,38,30,0,22.06,65,120,76,45.4,38.8,18.4,66,5574,1,5610,72.7,1.09,7.26,76.0,1
9,14,25,1,23.14,45,109,0,14.5,60.1,22.7,62,5929,1,11687,39.6,1.55,5.36,28.8,0
9,15,25,1,22.5,25,163,56,10.9,53.7,22.1,67,7978,1,12179,39.1,1.5,6.52,27.5,0
9,16,25,1,23.25,25,170,17,4.4,57.0,23.0,65,7089,1,13088,39.8,1.5,5.65,28.2,0
9,17,25,1,22.4,40,171,0,17.2,55.0,22.9,69,7379,1,13769,40.0,1.49,6.18,27.6,0
9,20,25,1,23.2,48,51,0,0.9,62.3,22.2,61,7104,1,14921,54.2,1.54,5.76,42.4,1
9,21,25,1,23.58,39,133,0,18.7,53.3,24.0,66,4530,1,13972,54.5,1.52,5.07,41.6,0
9,22,25,1,22.73,57,186,0,14.2,57.8,22.9,68,6156,1,14382,56.1,1.6,5.86,40.2,1
9,23,25,1,22.35,14,157,71,20.4,56.0,22.4,65,7554,1,14237,56.6,1.68,6.6,40.8,0
9,24,25,1,22.11,66,173,47,18.5,56.0,21.4,65,6958,1,15282,55.7,1.6,6.65,42.6,0
9,27,25,1,22.96,52,62,23,25.7,41.9,21.3,62,7732,1,15023,53.4,1.48,6.06,48.8,1
9,28,25,1,22.16,34,97,107,7.0,60.3,22.6,61,9164,1,14581,53.8,1.47,6.91,49.7,1
9,29,25,1,22.34,34,92,68,16.4,52.3,22.0,64,7903,1,13887,53.3,1.36,6.65,52.5,1
9,30,25,1,23.61,26,123,113,6.2,53.9,21.3,64,5984,1,13664,53.1,1.35,5.62,51.7,0
9,31,25,1,23.24,32,151,25,0.0,54.0,21.6,68,8280,1,13148,53.2,1.35,5.54,48.8,0
9,34,25,1,23.3,65,80,14,16.0,54.7,21.0,59,7110,1,12600,64.8,1.41,5.61,29.7,1
9,35,25,1,22.49,38,141,58,13.3,52.2,21.6,62,8703,1,12402,64.8,1.42,6.45,30.4,0
9,36,25,1,22.28,17,166,0,20.0,55.3,21.6,63,8584,1,12593,64.1,1.33,6.75,29.3,1
9,37,25,1,22.81,59,128,46,13.2,54.7,20.8,61,8201,1,13315,64.1,1.26,6.26,30.6,1
9,38,25,1,23.27,16,173,78,2.7,58.2,22.2,61,8511,1,11990,64.8,1.29,5.67,32.3,0
10,14,28,2,25.12,24,40,93,28.6,40.4,21.4,69,5244,1,6892,66.1,0.54,6.24,75.7,0
10,15,28,2,24.24,27,127,0,24.3,31.9,20.4,71,5338,1,7165,66.1,0.61,6.92,75.7,0
10,16,28,2,23.85,52,105,34,40.7,43.8,20.0,68,2706,1,7767,66.1,0.61,7.18,75.7,1
10,17,28,2,24.65,60,130,36,34.1,33.2,20.0,69,7138,1,8167,65.9,0.61,6.48,74.1,0
10,18,28,2,22.51,55,115,32,11.8,42.0,20.8,72,3392,1,8816,67.1,0.65,8.13,72.7,1
10,19,28,2,26.0,97,116,0,23.3,42.0,19.0,68,4391,1,9223,65.6,0.66,6.07,60.2,0
10,20,28,2,24.15,35,115,0,35.8,28.5,19.5,70,4314,1,9469,62.4,0.78,7.06,58.9,0
10,21,28,2,25.92,46,110,0,9.4,40.1,18.4,66,5170,1,9694,68.3,0.8,5.21,59.6,0
10,22,28,2,23.13,61,133,10,19.9,33.8,19.9,73,3748,1,11031,67.2,0.93,8.02,57.9,1
10,23,28,2,22.96,61,125,72,31.5,32.8,20.0,68,3731,1,11078,66.1,0.87,8.21,57.3,0
10,24,28,2,24.19,49,57,0,10.9,36.7,18.9,66,3545,1,11210,64.5,0.78,7.09,57.9,1
10,27,28,2,24.29,70,62,0,32.7,31.4,19.2,66,3906,1,11133,63.7,0.7,6.86,88.0,1
10,28,28,2,23.47,65,117,0,33.1,35.5,19.5,69,2918,1,10371,63.7,0.68,7.44,87.0,1
10,29,28,2,22.51,38,75,0,42.5,39.6,20.4,67,4570,1,9963,62.9,0.6,7.94,84.8,1
10,30,28,2,24.23,50,60,0,29.0,36.2,18.9,68,3621,1,9464,59.0,0.52,6.86,80.8,1
10,31,28,2,22.49,23,85,0,24.9,33.5,19.5,65,6428,1,9408,59.2,0.55,8.21,79.4,1
10,34,28,2,24.52,66,111,17,34.6,31.8,19.7,71,4020,0,6769,62.3,0.39,6.61,59.4,1
10,35,28,2,25.88,46,80,0,35.0,33.3,19.8,71,2531,1,6149,62.2,0.42,5.17,57.6,0
10,36,28,2,24.7,20,161,52,30.6,37.7,19.0,74,4745,1,4816,62.4,0.43,6.37,55.4,0
10,37,28,2,25.6,84,130,0,33.2,36.3,20.3,71,4696,1,5335,62.8,0.54,5.23,53.2,0
10,38,28,2,24.65,51,179,0,39.7,36.8,19.3,72,4514,1,6086,63.1,0.76,6.42,52.3,0
11,14,30,1,22.04,35,66,120,34.8,26.2,16.9,61,6797,1,8568,72.3,0.76,7.98,68.7,1
11,15,30,1,22.53,30,33,0,38.0,27.0,17.6,61,4875,1,8531,71.3,0.64,7.22,68.7,1
11,16,30,1,22.87,32,77,65,15.0,29.6,17.8,61,6663,1,8182,70.7,0.59,6.85,68.7,0
11,17,30,1,23.09,31,48,0,39.3,27.0,17.4,62,5515,1,8279,70.6,0.58,6.55,69.6,0
11,18,30,1,23.66,38,112,0,34.2,33.7,16.6,66,7590,1,9727,70.8,0.64,6.9,69.3,1
11,19,30,1,23.57,25,68,0,29.0,27.8,16.7,61,4903,1,10047,74.6,0.79,7.14,47.8,1
11,20,30,1,22.71,34,93,0,39.8,29.1,17.5,63,6693,1,10836,75.6,0.8,6.88,49.3,1
11,21,30,1,22.59,31,67,0,36.3,26.7,17.5,60,3653,1,10664,75.5,0.82,7.13,49.3,1
11,22,30,1,22.77,10,42,113,18.8,33.6,17.2,63,6556,1,10884,75.6,0.82,7.14,50.3,1
11,23,30,1,22.98,42,87,0,51.7,27.5,17.2,61,2834,1,10250,75.8,0.78,6.65,51.7,1
11,24,30,1,23.3,46,120,62,33.4,34.0,17.1,66,6429,1,9671,75.6,0.81,6.21,52.0,1
11,27,30,1,22.71,21,73,42,45.5,30.0,17.4,58,6059,1,8551,68.7,0.81,6.95,63.9,1
11,28,30,1,23.12,7,75,66,39.2,28.2,17.1,65,7172,1,8334,68.9,0.83,6.93,65.8,1
11,29,30,1,23.86,59,93,21,43.7,31.9,17.0,64,6138,1,8325,69.9,0.91,5.64,65.1,0
11,30,30,1,22.77,20,110,73,26.3,29.2,17.0,66,5147,1,8798,70.7,1.02,7.0,65.8,0
11,31,30,1,22.97,17,107,0,36.0,28.4,16.6,65,6038,2,9310,70.7,1.01,6.53,64.0,0
11,34,30,1,23.14,17,27,14,27.7,29.6,16.6,60,5069,1,7459,67.3,0.83,6.63,61.5,1
11,35,30,1,22.85,50,70,0,37.4,32.2,17.6,63,5453,1,7064,68.0,0.85,6.83,60.8,1
11,36,30,1,22.98,12,87,88,37.6,30.4,17.0,64,8442,1,7040,68.3,0.87,6.87,59.3,0
11,37,30,1,22.88,10,119,24,42.6,33.3,17.6,64,5195,2,8166,68.5,0.89,6.88,59.5,0
11,38,30,1,22.97,33,53,0,24.3,28.5,17.5,62,5317,2,8646,68.5,0.87,6.8,59.5,0
12,14,22,2,23.18,5,98,0,16.4,33.1,24.6,68,3375,1,6891,66.5,0.71,7.46,76.1,0
12,15,22,2,23.2,8,73,0,14.0,34.8,23.9,69,3107,1,7201,65.8,0.66,7.46,76.8,1
12,16,22,2,23.48,13,104,31,20.6,30.1,24.2,68,2852,1,6896,65.4,0.58,6.82,77.2,1
12,17,22,2,23.32,8,98,14,30.1,29.9,23.6,69,3274,1,6160,64.9,0.57,7.44,77.2,1
12,20,22,2,24.07,17,101,0,24.5,26.4,24.8,70,2490,1,6260,64.6,0.43,6.51,52.1,1
12,21,22,2,24.18,0,139,48,34.0,33.2,25.7,70,3942,0,5934,64.6,0.46,6.64,53.3,0
12,22,22,2,23.82,35,141,0,26.1,31.5,24.5,71,2532,0,5991,71.0,0.61,6.73,52.6,0
12,23,22,2,23.02,26,114,22,24.1,31.4,23.7,70,5049,0,6948,71.5,0.54,7.84,51.4,1
12,24,22,2,25.1,2,141,0,27.5,33.8,24.4,70,3750,0,6354,71.0,0.49,5.75,52.6,0
12,25,22,2,25.02,25,186,0,11.3,34.3,24.3,71,2593,0,6690,70.2,0.63,6.75,53.3,0
12,27,22,2,24.61,27,139,45,17.3,27.9,24.7,68,4134,1,6892,59.3,0.65,6.19,73.9,0
12,28,22,2,23.25,10,174,0,7.8,29.6,23.7,68,2614,1,7209,61.4,0.72,7.72,72.7,0
12,29,22,2,21.93,19,156,0,24.8,34.0,24.5,70,2666,1,8147,62.0,0.7,8.07,73.9,1
12,30,22,2,22.8,18,108,0,24.9,32.4,24.8,67,2212,1,8218,56.9,0.66,6.55,75.4,0
12,31,22,2,24.11,0,95,0,19.1,29.9,25.3,72,2285,1,8724,53.4,0.68,6.56,75.4,1
12,32,22,2,24.47,53,101,0,22.1,29.1,24.6,70,3100,1,8398,53.8,0.74,7.5,76.0,1
12,33,22,2,24.02,38,91,0,6.2,34.1,25.0,68,2773,1,8802,54.5,0.7,7.51,80.2,1
12,34,22,2,21.59,4,129,0,5.8,31.1,24.1,63,5688,1,8351,55.7,0.7,7.69,90.7,1
12,35,22,2,23.72,20,123,0,15.5,34.6,24.1,68,3468,1,8396,48.2,0.62,6.93,90.7,1
12,36,22,2,22.89,29,130,0,7.9,35.1,25.1,68,2203,1,10010,48.2,0.6,7.21,90.9,0
12,37,22,2,23.22,21,126,52,24.8,30.8,23.5,70,3078,1,9097,47.0,0.56,7.74,91.2,1
12,38,22,2,24.53,39,159,48,15.0,35.3,24.0,67,4308,1,9366,47.2,0.57,6.13,91.7,1
13,14,22,2,24.72,76,76,117,86.3,35.0,17.8,56,12449,1,9399,63.5,0.76,6.16,56.7,1
13,15,22,2,23.61,46,97,120,86.3,33.7,19.1,56,12863,1,9932,64.3,0.79,7.39,55.8,0
13,16,22,2,24.5,56,53,0,95.6,31.3,17.6,58,5245,1,10054,64.9,0.78,5.81,55.8,1
13,17,22,2,24.59,51,89,12,77.2,38.2,18.0,56,9516,1,10623,64.9,0.87,5.93,55.1,0
13,20,22,2,24.84,63,19,62,65.7,37.8,18.4,52,8370,1,11033,65.0,0.82,5.96,47.8,0
13,21,22,2,23.58,29,51,74,66.4,34.2,17.0,53,12382,1,11272,65.0,0.82,7.28,46.5,1
13,22,22,2,24.17,69,32,0,85.7,37.4,17.3,54,7479,1,11636,64.3,0.79,6.25,47.2,0
13,23,22,2,23.99,23,70,120,67.6,35.4,17.8,55,9346,1,11247,63.7,0.77,6.79,48.2,0
13,24,22,2,24.4,47,85,22,70.5,42.0,17.5,56,7315,1,9839,63.6,0.73,6.05,48.8,1
13,27,22,2,24.59,59,44,0,88.1,36.0,18.4,56,6811,1,10523,61.8,0.77,6.02,60.1,1
13,28,22,2,24.27,37,105,0,80.7,32.3,16.8,55,7939,1,10268,61.9,0.81,6.07,61.0,0
13,29,22,2,24.34,39,62,0,73.0,36.3,18.8,61,8554,1,10860,61.1,0.82,6.49,61.0,0
13,30,22,2,24.91,73,67,0,88.9,22.8,17.9,60,10531,1,10688,61.7,0.89,5.55,60.5,0
13,31,22,2,24.56,60,140,0,86.7,33.1,17.6,58,8198,1,10408,62.2,0.9,5.82,61.0,0
13,34,22,2,24.31,45,5,0,73.7,30.2,17.3,54,8313,1,11673,63.1,0.94,6.28,75.2,1
13,35,22,2,24.7,60,55,27,73.5,36.6,15.6,56,8044,1,12229,62.7,0.91,5.81,76.0,0
13,36,22,2,24.29,60,130,27,97.0,31.6,16.0,57,8104,1,12324,63.5,1.02,6.19,74.9,0
13,37,22,2,23.39,49,89,0,81.3,34.1,17.0,56,8244,1,12532,63.8,1.02,6.98,75.4,0
13,38,22,2,23.01,31,118,42,78.2,33.2,16.7,54,9702,1,12601,61.9,1.01,7.59,75.0,1
14,14,35,0,22.47,38,131,0,86.4,37.2,20.8,65,6283,2,12350,61.0,1.66,6.09,50.8,0
14,15,35,0,21.83,45,161,0,79.9,39.6,20.7,72,4237,2,13489,60.8,1.61,6.47,51.5,0
14,16,35,0,21.67,35,202,0,64.6,43.1,20.9,70,4911,2,13587,59.7,1.58,6.76,52.3,0
14,17,35,0,22.1,47,228,0,66.2,34.6,22.0,70,3065,2,13801,59.1,1.56,6.24,53.7,0
14,20,35,0,23.2,6,122,0,58.6,41.2,20.7,65,3215,2,14169,61.5,1.41,5.32,50.1,1
14,21,35,0,22.51,26,205,0,60.3,38.0,21.2,70,4308,2,14647,61.8,1.47,5.84,51.5,0
14,22,35,0,23.61,33,186,0,47.9,37.8,20.9,70,4557,1,15867,61.7,1.41,5.08,51.5,0
14,23,35,0,21.78,41,212,0,63.8,33.3,21.1,71,4471,1,15867,61.4,1.46,6.73,50.6,0
14,24,35,0,22.63,15,197,0,77.0,41.2,21.5,73,3733,2,16393,61.1,1.42,5.95,47.8,0
14,27,35,0,23.75,31,140,0,69.9,42.1,20.9,63,3546,2,16328,63.5,1.46,4.64,68.1,0
14,28,35,0,21.35,21,171,0,58.4,44.4,20.9,71,5648,2,16941,66.8,1.67,7.1,67.7,0
14,29,35,0,20.39,37,175,0,67.6,35.6,21.3,68,2912,2,16450,64.8,1.59,7.98,67.7,1
14,30,35,0,21.6,35,190,0,75.4,41.6,21.0,65,2494,2,16457,61.2,1.49,6.58,69.1,0
14,31,35,0,20.61,42,188,26,70.2,40.8,22.1,71,3649,2,15486,60.7,1.5,8.07,71.3,0
14,32,35,0,22.16,71,119,0,67.2,37.6,22.8,65,4294,2,15069,58.6,1.37,7.3,70.8,0
14,34,35,0,22.1,25,170,0,73.4,37.4,21.4,65,3270,2,15701,64.1,1.45,6.44,53.9,0
14,35,35,0,20.48,36,177,0,61.0,39.8,21.8,66,6224,2,16028,64.2,1.37,7.82,53.2,1
14,36,35,0,23.17,58,148,0,64.3,33.5,21.1,65,3910,2,14558,61.1,1.23,5.2,53.9,0
14,37,35,0,20.82,46,196,0,84.8,33.6,20.6,70,3768,2,13388,62.0,1.22,7.85,52.4,0
14,38,35,0,22.09,46,167,14,70.2,42.2,22.3,67,3408,2,12063,61.1,1.14,6.3,53.6,0
15,14,27,2,23.47,38,108,51,61.9,31.1,19.2,67,7179,1,9475,61.9,0.87,7.4,67.8,0
15,15,27,2,24.29,82,138,0,50.7,29.0,18.0,67,3378,1,8286,60.8,0.77,6.15,63.5,0
15,16,27,2,24.36,73,149,74,55.4,32.4,20.3,70,5469,2,9803,61.6,0.83,6.41,63.3,0
15,17,27,2,24.24,66,155,0,53.0,32.7,20.1,69,5485,2,11666,62.6,0.88,6.52,62.5,0
15,20,27,2,24.84,59,65,21,69.3,32.7,19.5,67,5463,2,11520,66.7,0.93,5.95,49.2,0
15,21,27,2,24.33,59,161,0,84.0,28.2,19.4,69,5295,2,11991,66.8,0.96,6.33,51.2,0
15,22,27,2,25.17,66,99,35,58.4,29.7,19.9,71,4489,2,11720,67.1,0.97,5.54,53.1,0
15,23,27,2,24.52,65,173,59,71.5,33.8,18.6,70,6334,2,13123,67.4,1.0,6.1,52.2,0
15,24,27,2,24.06,60,137,0,51.7,31.8,19.7,74,5458,2,13573,67.3,1.03,6.62,52.2,0
15,25,27,2,25.21,93,75,0,60.2,30.2,19.8,67,3534,2,14515,67.2,0.99,6.61,51.4,0
15,27,27,2,24.72,61,89,0,57.8,28.3,19.0,63,4084,2,16055,69.5,1.07,6.09,55.4,0
15,28,27,2,23.8,61,105,19,62.8,31.4,20.1,69,5472,3,15543,69.5,1.07,6.89,52.6,0
15,29,27,2,23.59,64,146,0,64.2,39.2,20.5,70,5938,3,16224,69.8,1.1,6.97,52.0,1
15,30,27,2,24.28,61,64,11,46.5,34.0,20.2,67,4932,2,15302,68.7,1.04,6.52,51.5,1
15,31,27,2,24.57,74,99,32,50.1,27.1,19.9,70,6918,2,14446,68.6,1.04,6.17,50.6,1
15,32,27,2,24.89,66,137,86,54.5,34.5,21.7,71,7857,2,13985,68.9,1.06,7.11,49.9,0
15,34,27,2,24.42,72,17,0,45.4,31.9,20.6,65,5464,2,14227,64.8,1.1,6.27,58.8,0
15,35,27,2,23.43,30,101,73,57.3,29.8,20.4,67,8089,2,13610,64.5,1.07,7.48,59.5,1
15,36,27,2,24.37,69,80,90,56.9,39.2,21.5,65,7336,2,13838,63.6,0.99,6.45,59.5,0
15,37,27,2,24.87,83,102,0,59.5,27.8,20.5,68,3190,2,12562,63.4,0.92,5.69,59.5,0
15,38,27,2,24.4,75,146,83,62.7,33.0,20.7,72,5740,2,12810,63.5,0.95,6.25,59.5,0
16,14,20,2,23.31,92,80,63,56.3,35.7,23.2,59,7170,1,12971,75.3,0.64,7.59,70.0,1
16,15,20,2,24.3,95,24,120,44.8,34.7,23.6,58,11585,1,12052,72.8,0.52,6.56,70.9,1
16,16,20,2,24.94,75,79,91,54.2,30.9,23.6,63,8894,1,12368,73.0,0.52,5.86,69.8,0
16,17,20,2,24.69,75,83,63,55.2,38.0,23.3,63,7092,1,12107,73.0,0.5,6.2,70.6,0
16,18,20,2,25.32,79,75,0,49.1,41.0,22.9,66,6118,1,12178,74.3,0.55,6.55,69.9,1
16,19,20,2,25.09,100,40,0,49.4,34.1,22.5,64,9811,2,12003,76.6,0.55,7.0,62.8,1
16,20,20,2,25.21,91,64,24,49.1,40.5,22.8,59,5144,2,12502,77.2,0.66,5.61,67.1,1
16,21,20,2,24.4,53,80,0,62.4,37.1,23.8,67,10317,2,11900,77.2,0.7,6.46,67.1,0
16,22,20,2,24.1,74,94,21,60.3,42.0,22.9,67,10844,2,12602,77.2,0.74,6.56,67.1,1
16,23,20,2,24.62,60,85,0,49.0,35.7,22.6,66,7213,2,12531,76.3,0.75,6.34,68.0,0
16,24,20,2,24.75,77,83,68,45.3,34.5,23.0,68,6893,2,13391,76.4,0.73,6.06,68.8,1
16,27,20,2,24.65,95,46,63,57.4,35.5,22.4,61,6633,2,11907,73.3,0.62,6.35,73.1,1
16,28,20,2,25.1,79,84,0,66.2,38.8,22.2,60,12915,2,11535,73.4,0.63,5.84,71.4,0
16,29,20,2,24.72,81,69,58,68.4,36.9,23.0,63,7470,2,12702,76.3,0.76,6.03,71.4,0
16,30,20,2,23.7,82,94,0,45.8,33.9,21.2,62,5362,2,13164,76.7,0.79,7.23,72.4,0
16,31,20,2,24.27,94,73,33,62.7,34.7,22.7,64,9169,2,13937,74.9,0.7,6.61,69.4,0
16,34,20,2,23.39,72,34,0,52.6,36.7,21.7,62,7121,2,13330,74.1,0.47,7.69,66.8,0
16,35,20,2,25.33,92,41,0,51.6,35.2,22.2,59,7141,2,14547,72.3,0.32,5.59,66.0,0
16,36,20,2,24.09,81,89,57,66.5,31.0,22.3,64,9777,2,13832,72.5,0.38,6.86,66.3,1
16,37,20,2,23.95,72,54,57,47.7,31.6,22.6,62,9472,2,13527,73.0,0.36,7.28,66.3,1
16,38,20,2,23.61,85,78,39,60.6,35.7,22.6,63,9161,2,12027,72.6,0.29,7.31,68.0,1
17,14,22,0,21.91,30,82,28,84.7,32.8,24.1,63,7053,2,10986,62.8,1.08,8.35,61.2,1
17,15,22,0,20.67,78,86,64,97.0,35.8,24.3,60,7010,2,10251,62.5,0.97,6.93,61.2,1
17,16,22,0,23.15,51,137,0,83.4,32.0,22.6,66,5770,1,9984,52.1,0.97,7.12,62.5,0
17,17,22,0,23.39,53,146,0,76.3,37.2,24.9,61,7136,1,10646,51.9,0.98,6.56,62.5,0
17,20,22,0,23.56,47,119,51,85.1,36.3,23.8,62,9822,1,8724,50.3,0.91,6.7,71.4,0
17,21,22,0,22.95,70,161,77,77.9,34.7,25.0,62,12581,1,8405,50.4,0.97,7.26,70.9,1
17,22,22,0,22.36,67,120,77,66.9,35.4,25.1,61,10869,1,8832,50.3,0.98,7.59,71.6,1
17,23,22,0,22.01,40,178,0,73.4,42.5,24.2,63,6696,1,8235,50.4,0.97,8.01,71.6,1
17,24,22,0,23.0,65,97,51,80.3,30.7,25.2,62,7929,1,7922,50.3,0.95,7.03,73.0,0
17,27,22,0,23.15,77,83,66,82.5,34.0,25.1,63,9444,1,8398,49.1,0.97,6.85,82.6,1
17,28,22,0,22.21,47,129,0,82.1,38.1,24.4,62,5927,1,8224,53.3,1.01,7.76,81.5,0
17,29,22,0,23.44,67,120,0,76.0,36.1,23.9,60,7061,1,8565,53.3,1.05,6.65,79.9,0
17,30,22,0,22.27,60,158,69,74.8,37.3,25.1,63,6449,1,9036,68.5,1.07,7.66,80.5,0
17,31,22,0,22.4,51,116,120,73.5,36.8,24.9,60,11688,1,9820,67.2,1.03,7.9,81.4,0
17,34,22,0,24.25,42,147,79,90.9,37.0,25.6,65,6996,1,11188,79.0,1.08,5.62,79.7,0
17,35,22,0,21.56,44,184,0,70.0,30.0,25.5,65,5273,1,11522,78.4,1.16,8.49,79.1,0
17,36,22,0,22.71,40,155,95,78.4,33.9,25.8,60,11067,2,11200,76.6,1.07,7.21,79.4,0
17,37,22,0,21.89,46,136,0,60.4,38.1,24.7,60,5456,1,12057,76.8,1.09,7.48,79.4,0
17,38,22,0,20.73,74,106,0,81.1,40.6,25.4,61,4271,2,12448,75.0,1.13,7.96,79.9,0
18,14,33,2,24.31,45,52,120,52.1,39.8,22.1,57,10469,1,9424,67.6,0.69,6.58,26.8,1
18,15,33,2,23.24,21,111,61,26.5,29.9,23.4,53,7994,1,9286,68.4,0.62,7.56,26.0,1
18,16,33,2,24.03,33,60,0,38.4,42.0,23.1,59,3568,1,8672,67.3,0.53,6.59,26.0,1
18,17,33,2,24.98,70,54,13,27.0,35.7,22.5,60,7791,1,8249,68.4,0.58,5.64,25.4,1
18,20,33,2,24.18,56,43,26,44.3,37.4,22.4,56,6810,1,9506,59.4,0.67,6.52,46.7,0
18,21,33,2,23.52,36,67,58,40.9,32.8,23.0,57,11451,1,9605,59.5,0.68,7.29,48.0,0
18,22,33,2,23.62,52,40,102,36.6,38.1,23.4,57,7981,1,11061,58.5,0.61,7.35,48.5,1
18,23,33,2,23.06,64,80,0,41.5,39.7,22.2,55,4314,0,10878,57.9,0.52,7.71,49.7,1
18,24,33,2,24.32,69,76,0,49.1,30.2,23.5,58,9151,0,10339,57.1,0.51,6.04,51.6,0
18,27,33,2,23.63,83,20,80,41.5,40.1,22.3,57,10885,0,9508,52.7,0.5,7.15,26.5,0
18,28,33,2,24.12,54,55,87,54.1,38.6,22.7,57,11604,1,10010,52.4,0.49,6.73,25.8,0
18,29,33,2,25.1,92,82,86,33.1,35.1,22.4,62,6759,0,10249,52.3,0.48,5.72,25.1,0
18,30,33,2,24.23,21,97,0,20.2,40.1,22.1,59,4350,1,10216,53.6,0.61,6.63,23.6,0
18,31,33,2,23.8,40,147,4,27.0,33.2,22.9,62,7858,1,10568,54.0,0.61,7.1,23.0,0
18,34,33,2,23.58,49,65,0,29.2,36.9,22.4,56,4665,1,8643,45.1,0.5,7.08,55.7,0
18,35,33,2,23.76,47,30,0,36.6,33.8,21.8,53,7268,1,8488,44.3,0.46,7.13,55.1,1
18,36,33,2,24.66,86,73,0,39.1,40.2,23.1,58,6933,1,6453,44.7,0.47,5.83,54.3,0
18,37,33,2,23.34,47,117,0,39.0,39.1,22.6,58,5997,1,6534,45.2,0.58,7.49,54.3,1
18,38,33,2,24.38,38,54,120,30.3,35.5,23.5,62,6873,1,7960,45.8,0.6,6.52,53.7,0
19,14,26,1,22.76,46,110,27,44.4,35.9,19.8,69,3227,2,16499,59.9,1.51,6.29,28.2,0
19,15,26,1,22.93,58,106,0,54.1,31.2,19.7,69,5179,2,17325,60.7,1.52,5.84,28.2,0
19,16,26,1,23.68,61,85,0,84.4,27.4,20.2,72,3525,2,17523,61.0,1.56,4.69,28.7,0
19,17,26,1,23.14,63,145,97,65.9,40.5,19.8,69,7859,2,18372,60.6,1.57,5.65,29.0,0
19,19,26,1,24.51,80,8,0,54.7,31.1,19.7,66,4386,2,18499,59.1,1.57,5.44,31.9,0
19,20,26,1,22.63,39,98,37,54.1,31.1,20.3,68,7205,3,18399,59.2,1.71,6.34,34.2,1
19,21,26,1,23.8,80,83,39,83.0,34.9,20.6,73,6339,3,19217,58.7,1.7,5.0,37.8,0
19,22,26,1,23.71,53,155,8,62.6,31.2,19.8,70,3576,3,19403,59.1,1.73,4.98,38.6,0
19,23,26,1,23.71,39,135,28,61.7,33.9,20.3,77,4134,3,18878,59.0,1.75,4.99,36.5,0
19,24,26,1,24.17,29,102,0,67.3,31.8,19.9,72,2962,3,18878,59.2,1.81,4.62,36.5,0
19,26,26,1,23.15,39,0,0,41.5,29.3,20.3,63,3763,3,19154,58.7,1.81,6.98,50.1,0
19,27,26,1,23.53,41,84,0,56.2,37.3,20.2,66,6384,3,18030,58.7,1.78,5.26,44.0,0
19,28,26,1,23.56,28,112,0,67.4,38.7,19.7,69,4101,3,18060,58.9,1.8,5.08,42.6,0
19,29,26,1,22.8,58,120,0,46.8,34.0,21.5,67,3557,3,18359,59.4,1.89,5.99,41.7,0
19,30,26,1,23.4,45,141,0,57.8,34.2,20.8,70,4736,3,18742,59.2,1.88,5.6,44.8,0
19,31,26,1,24.47,44,140,0,56.6,36.6,19.5,73,4326,3,18226,59.5,1.82,4.3,44.8,0
19,34,26,1,23.74,14,55,0,63.3,29.6,21.1,68,4040,2,17747,61.4,1.82,5.05,30.6,1
19,35,26,1,24.42,62,71,0,45.1,37.4,20.6,68,3239,3,18531,62.7,1.91,4.44,29.0,0
19,36,26,1,23.24,27,148,29,71.1,33.9,20.7,73,4066,3,17853,63.0,1.95,5.73,29.0,0
19,37,26,1,23.67,26,93,43,62.6,30.3,20.2,74,3508,3,18962,62.8,1.9,5.2,27.6,0
19,38,26,1,22.94,64,132,0,61.5,42.4,20.6,74,4385,3,17967,62.9,1.89,5.62,27.6,0
20,14,23,0,21.9,26,38,120,52.7,48.1,16.8,55,11340,1,6708,50.8,1.1,7.13,69.6,1
20,15,23,0,22.41,36,101,0,36.1,47.1,16.1,56,7943,1,6357,49.9,1.07,7.87,69.0,0
20,16,23,0,21.89,6,59,120,46.4,53.4,16.4,52,11410,1,7574,58.4,0.99,7.75,68.5,1
20,17,23,0,22.28,55,91,0,53.0,48.4,16.2,59,8915,1,7131,60.4,0.99,7.9,69.8,0
20,18,23,0,21.09,53,46,84,42.5,50.7,16.4,56,7681,1,7109,60.3,0.93,6.82,69.0,0
20,19,23,0,23.27,54,35,87,44.4,49.0,16.5,54,10808,1,6753,54.9,0.94,7.17,74.2,0
20,20,23,0,22.94,0,87,57,41.6,53.3,16.9,60,10843,1,7277,55.3,0.99,7.64,75.9,1
20,21,23,0,23.01,20,91,0,53.0,42.4,17.1,57,5503,1,7161,64.4,1.04,7.56,75.1,1
20,22,23,0,23.12,53,75,120,45.0,50.6,16.0,57,14715,1,6889,64.3,0.99,7.48,75.1,1
20,23,23,0,22.11,33,86,0,56.8,45.0,16.5,57,6046,1,7368,64.8,0.94,8.25,75.2,1
20,24,23,0,21.92,4,63,0,29.6,50.9,17.1,52,6201,1,7313,64.8,0.91,7.44,75.2,1
20,25,23,0,23.82,48,62,0,38.8,49.0,16.3,55,8786,1,7433,63.7,0.97,7.37,76.1,1
20,26,23,0,23.59,55,131,18,42.3,44.2,15.7,55,9961,1,8063,61.1,0.95,7.58,60.2,1
20,27,23,0,23.68,45,51,37,62.5,50.7,16.0,59,10974,1,8057,61.3,0.92,6.79,67.2,1
20,28,23,0,21.48,32,106,32,51.1,50.3,16.1,59,10321,1,8001,60.2,1.01,7.46,67.0,0
20,29,23,0,21.6,50,58,66,52.1,48.7,16.3,58,8665,1,8240,59.0,0.99,8.08,67.0,0
20,30,23,0,21.77,25,94,26,53.7,49.1,16.2,55,9128,1,8555,58.0,0.97,7.24,67.2,1
20,31,23,0,21.37,45,101,0,61.6,50.1,17.3,58,7677,1,8838,56.8,1.01,7.7,69.6,1
20,34,23,0,22.35,24,24,35,36.0,53.2,16.2,54,8055,1,8220,58.5,0.88,7.51,76.2,1
20,35,23,0,22.37,31,95,0,56.3,49.4,16.7,57,7617,1,9066,59.0,0.89,7.93,76.2,0
20,36,23,0,22.48,35,52,34,52.4,54.2,17.1,58,5863,1,9176,59.6,0.86,7.58,75.9,0
20,37,23,0,20.69,29,77,0,48.1,48.7,17.5,53,10345,1,9482,60.6,0.85,8.18,75.9,1
20,38,23,0,21.7,43,15,56,45.1,47.1,17.8,55,10173,1,9347,56.7,0.86,7.18,75.7,1
21,14,39,0,21.75,2,45,0,37.6,41.9,23.7,57,5101,1,6731,0.0,0.46,8.06,80.4,0
21,15,39,0,23.12,13,30,0,55.4,40.6,24.5,57,7206,1,6762,58.7,0.4,6.9,79.7,1
21,16,39,0,21.12,1,88,0,53.8,37.0,23.6,61,6543,1,7012,58.7,0.43,7.84,79.7,0
21,17,39,0,21.23,17,63,34,67.5,39.7,22.6,61,6866,1,6935,56.0,0.38,8.06,80.2,0
21,20,39,0,20.52,43,47,59,47.9,41.3,23.8,58,13292,1,6746,57.7,0.35,7.99,77.2,1
21,21,39,0,22.86,53,34,85,68.8,42.1,23.4,57,8367,1,6029,53.2,0.28,7.06,76.4,1
21,22,39,0,21.65,16,60,53,47.4,44.2,25.3,61,9965,1,5126,53.5,0.27,8.08,76.1,1
21,23,39,0,22.6,11,57,65,55.8,42.9,24.7,60,8225,1,5116,60.2,0.28,7.4,76.1,0
21,24,39,0,20.0,35,83,54,48.4,39.3,24.2,61,7790,1,5391,60.1,0.27,7.33,75.5,1
21,27,39,0,22.31,29,57,0,50.4,39.3,23.5,56,7949,1,6044,0.0,0.27,7.5,64.1,1
21,28,39,0,21.9,26,81,51,46.9,36.5,24.8,58,6950,0,5740,0.0,0.28,7.72,64.1,1
21,29,39,0,22.51,4,85,54,46.7,46.3,24.7,59,7655,1,5280,0.0,0.3,6.85,63.8,1
21,30,39,0,22.78,0,52,43,35.0,35.9,23.0,56,10437,1,5312,0.0,0.3,7.68,64.1,1
21,31,39,0,22.33,19,89,0,51.5,33.0,24.4,64,3449,0,5532,0.0,0.32,7.37,64.1,0
21,34,39,0,22.4,12,22,86,34.1,40.8,25.5,57,7736,0,5238,0.0,0.36,7.5,79.1,1
21,35,39,0,20.99,0,43,41,52.4,45.8,25.4,59,8372,0,5629,0.0,0.4,7.65,79.4,1
21,36,39,0,22.89,0,86,63,53.6,34.3,24.0,58,9535,0,5627,0.0,0.36,7.56,79.4,0
21,37,39,0,21.83,31,72,0,54.1,39.1,24.0,58,5238,0,5773,0.0,0.4,7.32,79.4,1
21,38,39,0,21.74,7,43,0,41.7,44.6,24.0,62,8979,0,5879,0.0,0.4,7.98,79.8,1
22,14,34,0,21.27,16,94,0,64.4,36.5,23.4,67,4477,1,9527,67.7,0.98,7.79,85.2,1
22,15,34,0,22.41,38,77,25,46.9,35.7,23.1,68,5790,1,9894,66.5,0.91,6.7,85.2,0
22,16,34,0,22.01,57,83,3,64.4,34.9,23.4,67,6877,1,10035,66.5,0.93,6.94,86.0,0
22,17,34,0,22.14,30,68,0,42.8,35.6,23.7,70,5479,1,10454,69.2,0.96,6.91,85.2,0
22,20,34,0,22.22,27,86,0,60.6,45.5,23.4,66,5596,1,10422,84.1,0.96,6.58,90.6,0
22,21,34,0,22.61,51,83,24,61.5,41.3,24.4,68,4660,1,10673,83.9,0.95,6.04,90.4,1
22,22,34,0,22.84,42,139,77,80.4,37.0,24.0,71,8311,1,10658,83.8,0.92,6.26,90.5,0
22,23,34,0,21.2,3,98,40,57.5,36.4,23.5,72,8313,1,10063,83.6,0.96,7.89,90.5,1
22,24,34,0,21.4,53,109,42,65.3,41.5,23.8,67,4839,1,9580,81.8,0.86,7.13,85.7,0
22,27,34,0,22.69,0,80,0,59.6,45.7,23.9,68,4129,1,9142,84.4,0.93,6.06,76.7,1
22,28,34,0,22.87,37,89,110,68.2,39.6,24.4,73,9163,0,7564,84.3,0.97,6.0,77.8,0
22,29,34,0,21.51,44,97,0,48.8,47.0,22.9,76,3517,0,8980,85.1,1.1,7.49,77.8,1
22,30,34,0,22.85,33,122,0,36.3,34.7,23.2,69,5584,1,9152,84.5,1.04,6.2,78.6,0
22,31,34,0,22.81,38,110,27,62.1,40.4,23.9,68,7173,1,10356,84.0,1.09,5.97,78.6,0
22,33,34,0,22.17,51,101,0,61.1,35.2,25.3,69,5157,1,11555,84.3,1.14,6.93,76.8,0
22,34,34,0,21.22,49,100,60,53.4,41.7,22.8,66,5664,1,11451,84.9,1.17,7.32,80.2,0
22,35,34,0,21.95,33,86,0,49.0,44.3,23.9,72,7445,1,11583,82.2,1.12,6.69,81.0,1
22,36,34,0,22.27,42,106,24,82.6,46.7,23.9,71,4820,1,11485,81.8,1.07,6.55,81.0,0
22,37,34,0,22.15,46,90,41,58.1,40.3,24.2,70,6744,1,12086,82.8,1.05,6.84,81.0,1
22,38,34,0,20.88,28,119,56,56.4,31.9,25.1,70,5595,1,12024,83.6,1.13,7.87,81.5,1
23,14,70,0,21.26,3,83,0,21.1,37.7,22.4,62,2825,0,5854,82.5,0.04,8.24,70.1,1
23,15,70,0,21.23,2,86,0,14.6,34.3,22.6,61,2982,0,5868,82.7,0.0,7.91,70.1,1
23,16,70,0,21.49,11,88,0,23.8,38.3,22.4,62,4883,0,6004,82.8,-0.01,8.08,70.7,1
23,17,70,0,21.06,30,122,0,22.9,38.9,24.1,67,3887,0,5434,82.5,-0.06,7.24,71.4,1
23,18,70,0,21.5,22,26,58,22.3,38.3,24.3,61,4896,0,5448,81.8,-0.03,7.67,70.7,1
23,19,70,0,21.97,45,46,61,15.1,37.2,24.1,64,4849,0,5430,82.7,-0.01,7.65,72.3,1
23,20,70,0,21.23,32,62,0,6.6,44.5,23.4,66,3450,0,5220,82.8,-0.05,6.95,74.0,1
23,21,70,0,21.3,23,123,120,27.2,41.9,22.7,64,7891,0,5203,81.8,0.02,7.43,74.7,1
23,22,70,0,21.27,40,54,14,38.0,38.2,23.0,66,4631,0,5116,81.7,0.02,7.61,74.7,1
23,23,70,0,21.35,0,84,34,24.0,38.8,23.1,64,6186,0,5196,82.2,-0.02,7.81,74.0,1
23,24,70,0,20.95,13,89,0,32.6,43.5,23.7,63,2389,0,5103,82.2,-0.01,7.4,74.4,1
23,25,70,0,21.84,31,28,0,10.2,36.4,24.6,63,4852,0,5137,81.8,-0.0,7.33,74.4,1
23,26,70,0,21.84,34,93,0,19.8,35.0,24.6,66,3725,0,5090,81.7,0.03,7.95,78.3,1
23,27,70,0,21.41,36,89,0,17.0,39.3,23.6,62,3927,0,5916,80.1,0.0,6.78,76.9,1
23,28,70,0,21.74,4,122,0,21.5,40.0,22.6,63,6006,0,5550,81.0,0.06,7.8,76.9,1
23,29,70,0,20.7,10,133,0,21.6,40.3,23.3,66,3818,0,5481,80.3,0.09,7.78,76.9,1
23,30,70,0,20.33,18,59,0,28.0,41.5,24.7,65,4801,0,5740,78.7,0.1,7.02,76.9,0
23,31,70,0,20.97,9,124,0,16.3,35.9,24.2,65,3242,1,5900,0.0,0.17,7.47,78.4,1
23,34,70,0,22.1,16,74,0,27.6,40.6,23.8,61,4162,0,5795,0.0,0.11,6.69,94.6,1
23,35,70,0,21.73,39,86,0,24.8,35.2,23.5,63,4670,0,5759,0.0,0.13,7.15,94.6,1
23,36,70,0,21.6,7,42,0,32.1,31.5,25.6,65,5633,0,5599,0.0,0.15,7.51,94.0,1
23,37,70,0,21.28,29,76,49,21.9,39.0,25.4,66,4453,0,5392,0.0,0.16,7.56,92.2,1
23,38,70,0,21.67,37,122,46,26.3,36.5,23.9,62,4649,0,5453,0.0,0.17,7.25,92.2,1
24,14,34,1,23.1,120,45,46,34.4,41.9,23.7,53,8423,0,6304,75.9,0.68,6.81,77.5,1
24,15,34,1,22.97,84,58,92,26.6,37.2,23.2,53,12759,0,6530,75.7,0.63,7.59,77.0,1
24,16,34,1,24.93,129,68,120,42.3,47.1,22.7,53,8615,1,6310,75.7,0.58,5.18,76.6,1
24,17,34,1,23.53,92,84,96,26.6,41.5,22.4,52,12131,1,6667,73.9,0.68,7.07,76.6,0
24,18,34,1,24.37,105,46,75,27.0,41.3,22.2,52,8525,1,6678,73.7,0.69,7.25,76.6,0
24,20,34,1,23.51,109,51,0,27.2,38.0,22.5,47,9105,1,6461,73.4,0.7,6.74,93.5,1
24,21,34,1,22.35,97,39,96,15.4,42.6,23.0,54,9534,1,5959,73.4,0.7,7.56,92.8,1
24,22,34,1,23.08,96,55,0,26.3,44.7,22.6,51,6397,0,5931,72.0,0.64,7.15,92.7,0
24,23,34,1,23.6,116,35,68,22.5,40.3,22.3,53,8763,0,5700,72.2,0.59,6.7,92.7,1
24,24,34,1,22.51,91,87,120,22.1,46.6,22.0,50,7603,0,5599,72.7,0.55,7.4,93.5,1
24,27,34,1,22.8,80,51,33,19.4,47.8,22.0,48,10849,0,5073,72.3,0.56,6.97,79.8,1
24,28,34,1,22.77,92,68,64,18.2,43.6,22.8,49,10807,0,4730,73.3,0.57,7.5,79.3,1
24,29,34,1,23.03,115,35,20,25.0,46.0,23.2,51,12658,0,4595,73.3,0.52,7.32,79.0,1
24,30,34,1,23.11,107,31,41,20.4,46.1,21.6,47,15084,0,4769,73.2,0.54,6.95,79.0,1
24,31,34,1,23.17,112,51,45,21.0,39.5,22.9,51,11235,0,5137,74.2,0.41,6.97,79.0,1
24,32,34,1,23.98,95,76,77,19.5,41.0,22.6,49,8470,0,5194,74.2,0.42,7.29,79.3,1
24,34,34,1,24.01,97,51,48,27.3,49.5,23.0,54,6918,0,5473,77.6,0.46,5.99,78.6,1
24,35,34,1,24.18,130,81,95,17.2,43.1,22.0,51,6906,0,5272,77.5,0.52,6.19,78.6,0
24,36,34,1,23.41,110,73,120,19.8,40.6,22.3,51,15579,0,5880,78.8,0.61,7.13,78.6,1
24,37,34,1,23.27,107,92,44,45.7,48.9,22.0,52,10348,0,5985,79.0,0.62,7.16,78.6,0
24,38,34,1,23.01,104,57,0,21.0,40.6,22.0,50,4954,0,6397,79.0,0.58,7.35,78.3,1
25,14,34,0,22.12,20,27,0,38.4,33.3,17.3,58,3199,0,4866,73.3,0.5,7.24,81.0,1
25,15,34,0,21.74,39,69,43,35.0,36.7,19.1,60,5735,0,5742,78.9,0.46,7.09,81.1,1
25,16,34,0,21.92,30,26,0,27.1,38.2,18.1,61,4329,0,5578,77.8,0.51,7.3,79.2,1
25,17,34,0,21.49,20,55,0,37.9,42.8,18.4,57,3379,0,5871,78.7,0.53,7.47,79.2,1
25,20,34,0,22.58,26,36,20,28.6,35.5,18.9,58,3976,0,5809,79.7,0.47,7.69,67.5,0
25,21,34,0,21.9,7,58,33,34.4,35.9,19.1,60,4875,0,5671,81.2,0.47,7.97,67.5,1
25,22,34,0,21.04,17,0,0,26.6,45.2,18.5,58,3311,0,5414,81.3,0.41,6.73,67.5,1
25,23,34,0,21.9,51,63,35,13.4,35.3,18.9,59,3811,0,5263,73.9,0.49,8.7,69.2,1
25,24,34,0,21.78,18,19,10,12.2,26.9,19.2,58,3910,0,5546,73.2,0.4,7.49,69.2,1
25,27,34,0,22.0,27,47,69,21.3,35.1,18.5,59,7189,0,5513,74.4,0.4,7.15,86.7,1
25,28,34,0,21.53,38,24,0,19.8,33.3,19.3,58,3401,0,5832,74.4,0.43,7.87,86.7,1
25,29,34,0,22.09,37,35,39,30.7,31.2,19.1,60,4070,0,4958,74.2,0.39,7.42,85.8,0
25,30,34,0,21.53,22,74,0,41.2,43.7,18.1,59,3050,0,4968,74.8,0.36,7.11,85.8,1
25,31,34,0,21.8,46,96,54,30.7,37.1,18.2,57,4113,0,5032,73.5,0.38,8.26,85.8,1
25,34,34,0,21.87,28,57,120,33.5,32.8,19.3,59,7487,0,5549,72.8,0.37,7.63,90.7,1
25,35,34,0,21.98,40,38,0,41.7,38.1,20.1,62,5409,0,5602,74.4,0.37,7.57,90.7,1
25,36,34,0,21.96,43,85,19,28.1,31.4,19.0,57,4210,0,5929,74.5,0.4,7.51,90.7,1
25,37,34,0,21.43,7,32,0,29.7,38.6,18.8,60,6087,0,6016,81.9,0.35,7.39,90.1,1
25,38,34,0,21.32,28,47,38,26.1,31.8,19.2,57,4331,0,5964,81.2,0.44,7.55,89.6,1
26,14,29,2,23.89,30,135,15,43.3,27.6,22.4,70,2706,1,10963,62.7,1.4,6.54,49.5,0
26,15,29,2,24.6,26,123,0,45.5,34.1,21.3,70,1373,1,11456,63.7,1.4,5.6,49.5,0
26,16,29,2,24.24,11,129,67,35.9,33.4,22.4,72,4144,2,11341,63.7,1.37,6.24,47.7,0
26,17,29,2,24.79,28,144,0,59.0,31.2,23.1,74,2914,2,11452,63.7,1.37,5.34,46.4,0
26,20,29,2,24.09,30,50,66,53.6,30.7,22.4,67,3564,2,12188,60.5,1.42,6.38,78.5,0
26,21,29,2,23.92,31,98,0,59.7,26.1,21.5,71,2713,2,12449,61.0,1.44,6.48,77.9,0
26,22,29,2,23.7,0,118,0,37.9,29.2,22.3,71,2232,2,12600,61.6,1.46,6.77,77.9,0
26,23,29,2,23.52,22,98,0,27.1,31.0,22.0,67,3394,2,12210,61.2,1.44,6.8,78.3,1
26,24,29,2,23.64,23,80,0,60.2,35.9,21.5,70,2694,2,11881,61.3,1.42,6.78,80.1,0
26,25,29,2,23.79,28,126,89,37.5,33.3,22.5,75,3622,2,12042,61.0,1.38,7.92,80.2,0
26,27,29,2,24.36,22,74,0,47.0,25.7,21.4,69,3062,2,12478,67.2,1.43,5.83,70.3,0
26,28,29,2,23.51,15,109,0,43.2,29.5,21.4,69,4188,2,11178,67.2,1.42,6.99,71.6,0
26,29,29,2,24.01,49,111,0,73.2,38.2,21.7,75,3500,2,10833,66.9,1.38,6.12,69.7,0
26,30,29,2,23.28,0,85,0,41.8,28.1,22.8,72,2177,1,9823,66.5,1.35,7.07,68.2,0
26,31,29,2,23.24,10,134,0,49.5,28.0,22.4,70,3984,1,9503,65.5,1.29,7.24,67.8,0
26,34,29,2,24.73,42,94,78,56.4,28.3,21.9,71,4974,1,9191,76.2,1.23,5.76,62.0,0
26,35,29,2,23.22,29,123,0,42.7,32.8,22.6,68,4018,1,9644,76.0,1.27,7.11,60.2,1
26,36,29,2,23.72,7,81,0,45.2,32.2,20.7,68,4493,1,9558,74.9,1.22,6.68,62.0,1
26,37,29,2,24.29,11,105,12,27.0,23.8,22.2,68,4088,1,9218,74.9,1.23,6.16,64.4,0
26,38,29,2,23.13,11,131,0,45.9,30.7,21.4,72,2654,1,9708,75.5,1.28,7.44,64.4,1
27,14,21,2,23.43,44,48,0,35.2,40.3,25.7,55,4338,1,10442,72.4,0.99,6.86,77.9,0
27,15,21,2,24.21,47,63,17,32.2,40.6,25.3,58,4617,1,10561,71.8,1.04,6.78,77.9,0
27,16,21,2,23.05,51,93,18,12.6,37.9,24.6,60,6578,1,9695,71.8,1.02,8.11,78.6,1
27,17,21,2,23.49,43,55,3,37.3,43.0,25.0,58,7659,1,9881,71.3,0.94,7.53,77.9,1
27,20,21,2,25.53,48,64,0,30.3,34.3,25.8,58,5272,1,10535,75.5,0.85,5.28,73.0,0
27,21,21,2,23.94,22,81,0,19.6,34.7,24.6,61,3591,1,10099,74.3,0.92,7.17,72.3,0
27,22,21,2,23.25,24,65,0,25.2,39.3,25.0,62,3620,1,9636,74.3,0.87,7.59,71.4,1
27,23,21,2,23.53,38,66,62,22.4,32.4,24.8,55,5088,1,8876,73.6,0.78,7.71,71.4,1
27,24,21,2,24.36,56,17,118,19.1,37.7,25.8,57,8419,1,7057,74.3,0.77,6.74,72.0,0
27,26,21,2,25.14,49,41,0,25.2,32.7,25.0,55,6925,1,5558,75.6,0.76,7.05,72.4,1
27,27,21,2,23.99,24,90,18,29.9,33.3,24.7,57,3651,1,5992,71.8,0.8,7.07,74.8,0
27,28,21,2,24.02,59,71,0,29.3,37.1,24.5,61,3473,1,6978,72.6,0.83,7.06,74.8,1
27,29,21,2,22.97,35,78,107,23.7,39.9,23.7,59,8046,1,7079,74.9,0.81,8.43,75.8,1
27,30,21,2,24.39,33,19,40,27.5,34.8,23.8,56,4952,1,6724,74.0,0.7,6.9,75.8,0
27,31,21,2,23.5,42,27,0,20.4,29.7,24.7,55,4186,1,6641,75.2,0.78,7.44,75.1,1
27,33,21,2,24.46,42,67,39,33.4,41.2,24.6,55,5290,1,6208,74.4,0.79,7.31,74.7,0
27,34,21,2,23.05,30,38,120,35.0,40.5,25.0,60,7121,1,6418,77.8,0.84,7.93,81.0,0
27,35,21,2,23.69,26,28,0,21.9,43.1,24.5,56,4828,1,6561,77.1,0.65,7.1,81.8,1
27,36,21,2,23.04,17,36,0,13.5,37.5,24.2,55,4905,1,7080,76.5,0.66,7.59,81.8,1
27,37,21,2,23.32,15,38,59,11.7,36.7,24.3,58,7400,1,7173,75.4,0.66,7.86,80.9,1
27,38,21,2,24.2,48,59,41,21.3,42.1,24.5,53,4622,1,7095,75.2,0.65,6.62,81.0,1
28,14,36,1,23.11,38,66,31,65.2,41.5,20.6,65,5474,2,18147,57.8,1.29,5.97,31.2,1
28,15,36,1,23.45,34,117,43,58.2,37.5,19.3,65,6113,2,18535,57.8,1.28,5.52,31.7,0
28,16,36,1,22.68,33,108,50,59.8,36.5,19.5,66,4857,2,18342,57.7,1.29,6.33,31.7,0
28,17,36,1,23.11,21,127,0,82.5,41.6,20.4,68,5808,2,18019,56.9,1.21,5.64,30.9,0
28,20,36,1,23.42,48,35,88,42.8,42.2,20.6,61,7247,2,16773,54.1,1.1,5.47,72.0,1
28,21,36,1,23.33,45,63,0,55.5,37.0,21.3,63,4611,2,16944,54.3,1.11,5.83,71.7,0
28,22,36,1,23.0,41,102,57,52.9,38.2,19.6,67,4140,2,17310,55.3,1.15,5.97,70.5,0
28,23,36,1,22.92,47,124,0,51.2,41.1,20.7,67,8801,2,16599,55.6,1.17,6.06,71.8,0
28,24,36,1,23.01,46,70,62,51.4,29.2,19.1,68,5109,2,16428,55.2,1.16,6.23,74.6,0
28,25,36,1,23.65,34,118,50,36.7,37.7,21.1,66,6441,2,17306,54.9,1.11,6.61,72.6,0
28,26,36,1,23.6,52,124,0,47.1,37.2,19.9,67,4151,2,16172,54.7,1.14,6.8,41.4,0
28,27,36,1,22.79,36,83,18,65.3,39.4,19.9,70,6976,2,16952,65.8,1.36,6.24,37.8,0
28,28,36,1,22.87,37,108,33,68.3,35.2,20.1,67,5245,3,17561,65.4,1.33,6.34,35.8,1
28,29,36,1,23.18,57,109,109,68.1,42.0,18.6,70,6422,3,17556,65.3,1.31,5.66,35.0,0
28,30,36,1,22.71,56,100,0,44.1,35.4,18.8,71,5858,3,17189,65.0,1.3,6.36,33.9,0
28,31,36,1,22.84,3,112,0,52.6,36.4,19.4,68,3605,3,16744,65.2,1.3,6.27,33.9,0
28,34,36,1,24.2,52,33,42,52.0,30.5,18.6,60,8315,3,16451,67.0,1.28,4.76,23.5,0
28,35,36,1,23.49,15,89,0,50.7,44.5,20.1,65,3907,2,17540,67.2,1.33,5.42,24.9,0
28,36,36,1,22.83,0,130,77,65.8,43.4,18.9,65,5898,2,16645,67.1,1.36,6.36,27.7,0
28,37,36,1,23.34,48,170,51,53.6,36.0,18.9,66,6577,2,18150,67.2,1.33,5.69,26.8,0
28,38,36,1,23.42,50,160,0,53.9,41.8,18.9,68,2985,2,18881,67.6,1.36,5.55,25.4,0
29,14,45,0,21.53,50,61,0,12.9,46.8,18.6,58,4143,0,6055,68.1,0.6,7.71,90.9,1
29,15,45,0,22.13,33,48,0,44.1,41.3,18.6,58,3989,0,6414,72.3,0.54,7.21,91.1,1
29,16,45,0,21.85,55,59,0,29.9,45.7,18.0,59,4269,0,6780,72.7,0.61,7.07,91.1,0
29,17,45,0,20.25,41,75,76,29.8,42.2,20.2,61,6848,0,6200,72.8,0.61,8.71,92.9,1
29,20,45,0,21.86,0,33,0,12.3,47.0,20.4,61,4325,1,6411,71.4,0.58,7.42,80.4,1
29,21,45,0,23.83,41,56,0,23.6,37.1,19.4,58,4972,1,6478,71.4,0.57,5.51,79.1,0
29,22,45,0,21.92,46,115,0,25.8,47.0,19.9,63,3952,1,6603,68.3,0.66,7.05,79.1,0
29,23,45,0,20.55,8,77,0,17.1,43.8,18.8,61,7210,1,6660,68.3,0.64,8.69,79.1,1
29,24,45,0,21.81,53,38,0,38.1,39.3,20.5,58,3496,1,6431,67.2,0.54,7.19,79.4,1
29,27,45,0,22.96,63,10,0,31.8,46.7,19.2,56,9157,1,6591,67.5,0.6,5.95,76.4,0
29,28,45,0,22.94,46,78,54,29.0,49.6,20.9,60,7133,1,7260,71.6,0.69,6.2,76.4,0
29,29,45,0,22.22,39,104,0,30.0,38.0,19.6,61,3941,1,7276,71.4,0.8,7.1,74.6,0
29,30,45,0,21.89,44,101,8,39.1,44.4,19.4,63,6252,1,7438,71.4,0.8,7.26,73.7,0
29,31,45,0,23.04,64,82,0,13.2,43.9,19.8,58,5627,1,7591,71.7,0.79,5.94,73.1,0
29,34,45,0,21.53,35,16,19,22.7,46.7,20.4,60,5398,1,9148,74.4,0.84,7.53,69.3,1
29,35,45,0,20.0,26,5,0,24.5,51.8,20.4,62,5144,1,9137,73.5,0.84,7.88,69.9,1
29,36,45,0,22.92,42,3,0,45.6,46.3,20.6,57,3286,1,7656,0.0,0.67,6.19,70.5,1
29,37,45,0,22.42,63,53,29,17.1,41.3,20.1,60,7779,1,7344,0.0,0.73,6.62,70.5,0
29,38,45,0,20.0,41,61,79,27.6,46.3,21.6,64,6031,1,8661,0.0,0.88,8.64,69.9,1
30,14,27,2,24.53,16,175,42,58.4,30.4,26.1,71,4755,3,20167,50.0,2.11,4.01,15.1,0
30,15,27,2,23.86,72,184,81,37.3,29.6,25.5,73,8598,3,21753,50.8,2.15,4.79,14.4,0
30,16,27,2,24.94,54,193,75,37.8,30.6,24.8,73,7014,3,22949,50.0,2.14,3.82,14.4,0
30,17,27,2,23.68,41,199,30,41.5,27.3,26.2,73,7630,3,22949,51.4,2.25,5.02,14.8,0
30,20,27,2,24.11,70,73,0,45.3,27.8,25.2,62,7357,3,21199,45.4,2.08,4.57,25.8,1
30,21,27,2,23.53,46,138,0,36.0,23.8,26.5,71,9649,3,20639,45.1,2.08,4.75,25.0,0
30,22,27,2,23.35,38,153,0,41.4,29.9,24.9,73,4925,3,20639,44.2,2.05,5.43,26.3,0
30,23,27,2,24.63,60,157,87,46.1,33.4,25.8,72,6342,3,20639,43.0,1.97,4.0,26.3,0
30,24,27,2,23.56,59,151,43,35.2,29.3,25.2,72,8536,3,20639,42.8,1.93,5.23,25.9,0
30,25,27,2,24.51,80,154,11,45.2,29.2,25.5,71,4450,3,20661,41.9,1.89,5.11,28.2,0
30,27,27,2,24.66,59,47,0,55.6,34.2,24.0,68,6263,3,22000,44.9,1.89,4.35,27.1,0
30,28,27,2,24.4,53,130,30,28.7,36.7,25.1,71,10680,3,21895,46.5,1.92,4.39,27.9,0
30,29,27,2,24.75,72,189,35,47.1,38.6,24.6,71,5422,3,21096,46.6,1.89,3.94,26.6,0
30,30,27,2,23.82,73,168,0,33.2,30.7,25.3,68,5309,3,21148,47.4,1.95,4.69,25.8,0
30,31,27,2,24.75,77,130,30,35.5,26.3,25.4,73,6656,3,21148,46.3,1.89,3.85,25.4,0
30,33,27,2,24.51,93,58,0,30.1,32.6,24.7,64,3692,3,22416,50.5,1.99,5.27,47.8,1
30,34,27,2,24.08,78,129,18,64.6,35.7,25.1,70,7574,3,23063,51.7,2.13,4.38,27.5,0
30,35,27,2,23.79,50,220,0,45.9,26.7,24.1,72,6135,3,22884,51.5,2.14,4.91,27.5,0
30,36,27,2,24.14,76,156,120,34.9,31.4,25.1,75,8950,3,22884,52.5,2.13,4.68,26.7,0
30,37,27,2,23.64,39,190,0,45.9,27.6,24.3,72,5634,3,21812,53.6,2.19,5.49,25.5,0
30,38,27,2,24.39,89,145,0,39.1,30.0,25.2,72,8662,3,21812,53.1,2.08,4.34,24.3,0
31,14,27,0,22.2,49,45,120,86.4,27.1,22.2,69,9070,1,8142,65.9,0.32,7.34,61.5,0
31,15,27,0,22.13,32,84,49,69.9,36.9,21.6,66,7002,1,9080,66.0,0.35,7.33,61.5,0
31,16,27,0,21.7,13,78,0,66.9,30.6,21.9,73,5754,1,9276,66.5,0.37,7.81,63.7,0
31,17,27,0,22.46,45,64,41,74.3,32.5,22.3,68,8207,1,9888,66.7,0.37,6.9,63.7,0
31,20,27,0,22.56,41,63,0,79.6,34.4,20.4,67,6530,1,10198,64.4,0.32,6.63,63.1,0
31,21,27,0,22.3,38,107,0,73.9,30.2,20.7,68,6983,1,9974,64.5,0.36,7.13,61.4,0
31,22,27,0,22.42,45,105,0,78.0,27.3,22.0,70,7918,1,10803,66.1,0.43,6.92,60.3,0
31,23,27,0,22.69,38,91,0,68.2,32.3,22.2,72,5440,1,11147,66.6,0.45,6.75,58.5,0
31,24,27,0,21.45,41,108,57,59.2,34.9,21.6,73,9068,1,11372,67.8,0.54,7.94,58.9,1
31,27,27,0,21.33,60,47,0,54.4,31.9,22.1,68,5413,1,11018,71.4,0.47,7.97,42.8,0
31,28,27,0,22.1,40,42,42,63.2,24.4,20.6,70,5773,1,11130,70.5,0.42,7.38,43.6,0
31,29,27,0,22.46,31,67,0,61.6,31.6,22.3,69,6501,1,10118,70.4,0.42,7.01,44.3,0
31,30,27,0,22.21,20,125,0,63.2,33.8,22.1,70,5475,1,10952,70.6,0.44,7.27,47.2,0
31,31,27,0,22.46,56,74,0,84.7,31.0,22.3,70,6096,1,10818,71.1,0.48,6.71,45.7,1
31,34,27,0,22.38,83,64,0,77.3,29.3,21.5,71,6363,1,11327,65.8,0.44,6.75,46.2,0
31,35,27,0,22.42,43,88,12,82.5,32.7,23.1,68,8066,1,11708,65.6,0.44,6.49,47.0,1
31,36,27,0,21.48,20,96,76,73.0,31.3,21.9,68,7237,1,10261,65.2,0.48,8.02,47.0,0
31,37,27,0,23.04,56,114,39,86.4,23.8,22.8,70,4736,1,9966,64.2,0.4,6.08,45.3,0
31,38,27,0,22.08,69,143,15,61.6,30.4,21.7,71,4655,1,8723,64.2,0.45,7.06,45.3,0
32,14,27,1,23.39,84,60,14,40.3,36.3,18.5,56,3517,0,4810,67.3,0.3,7.89,82.9,0
32,15,27,1,23.01,79,28,0,34.4,34.5,18.1,60,3224,0,4849,70.0,0.32,7.34,82.3,0
32,16,27,1,23.58,57,19,0,41.9,35.5,18.4,63,6095,0,5166,70.6,0.38,7.32,82.3,1
32,17,27,1,23.91,83,25,0,48.7,37.4,19.7,58,3075,1,6111,71.2,0.37,7.35,81.7,0
32,20,27,1,22.95,59,27,0,28.3,36.9,18.6,58,3679,1,7066,73.5,0.33,7.6,73.7,1
32,21,27,1,23.08,52,74,4,48.7,33.2,19.5,58,5443,0,7285,72.5,0.31,8.1,73.7,1
32,22,27,1,23.3,84,70,15,37.2,33.8,19.2,58,2853,0,6605,75.9,0.27,8.13,73.7,1
32,23,27,1,22.99,64,31,0,19.9,36.6,19.7,57,4409,0,6866,76.0,0.28,8.04,73.7,1
32,24,27,1,22.97,64,67,0,33.2,33.7,19.2,59,4559,0,6890,77.1,0.25,7.83,73.8,1
32,25,27,1,23.41,85,0,0,26.8,36.6,19.8,58,3460,0,7179,76.5,0.24,8.13,73.8,1
32,27,27,1,23.3,68,83,0,46.6,41.9,19.6,56,7150,0,6981,77.0,0.2,7.55,94.5,1
32,28,27,1,23.81,73,31,61,31.4,35.7,19.5,59,6319,0,6956,77.1,0.25,7.71,94.5,1
32,29,27,1,23.66,65,63,78,48.2,35.5,19.8,58,6967,0,6914,76.6,0.26,7.94,94.5,1
32,30,27,1,23.4,65,74,0,42.3,33.3,20.0,61,3919,0,6468,78.0,0.22,7.9,94.5,0
32,31,27,1,23.77,66,60,0,28.2,41.9,19.5,59,3409,0,6537,78.1,0.18,7.7,94.6,1
32,34,27,1,23.1,80,18,0,40.1,38.1,20.3,62,3615,0,6055,84.6,0.14,7.97,94.9,1
32,35,27,1,23.07,51,81,0,43.2,35.9,20.0,58,3472,0,6186,86.3,0.11,7.4,94.0,0
32,36,27,1,23.05,89,65,0,34.5,32.9,19.6,63,2830,0,6496,84.7,0.16,7.59,93.4,1
32,37,27,1,23.59,74,11,0,44.7,33.0,20.2,59,5693,0,6286,83.6,0.2,7.62,93.0,1
32,38,27,1,23.65,66,44,0,36.2,34.0,20.6,56,4648,0,6195,83.9,0.23,7.91,93.0,1
33,14,38,0,21.97,50,48,7,36.2,35.5,25.0,59,9363,1,6865,54.4,1.08,7.98,85.1,1
33,15,38,0,21.88,89,47,0,37.1,36.5,27.1,60,10305,1,7324,55.5,1.0,6.72,83.8,1
33,16,38,0,21.86,65,65,0,27.0,32.5,25.4,62,8233,1,6986,63.4,1.02,8.08,86.2,1
33,17,38,0,22.14,40,55,45,8.7,39.6,26.7,59,7311,1,6726,63.4,1.06,7.95,86.3,1
33,20,38,0,22.26,85,90,82,34.5,36.4,26.8,59,10582,1,6413,54.4,1.05,8.29,52.8,0
33,21,38,0,22.08,70,69,90,40.5,38.0,26.7,59,6903,1,6627,57.9,0.98,7.19,52.8,1
33,22,38,0,22.89,58,99,0,27.4,35.4,26.2,62,7145,1,7034,58.4,1.04,7.13,53.5,0
33,23,38,0,23.74,78,77,45,37.0,42.3,25.9,62,7554,1,7226,58.7,1.09,7.36,54.0,1
33,24,38,0,22.79,82,58,0,45.6,35.5,26.3,66,10068,1,7295,56.0,1.08,7.87,54.4,1
33,27,38,0,22.77,88,70,14,44.5,42.4,26.9,61,7320,1,7191,61.9,1.1,7.81,49.0,0
33,28,38,0,21.61,75,61,0,21.3,37.9,26.6,62,9833,1,6908,65.9,1.06,6.74,49.1,1
33,29,38,0,22.76,57,29,14,38.8,45.9,26.5,61,10584,1,6668,61.4,1.15,6.94,49.5,1
33,30,38,0,22.15,52,113,20,26.6,40.0,26.0,61,9510,1,7253,64.6,1.13,7.88,49.6,0
33,31,38,0,23.1,85,53,112,22.4,42.9,26.6,58,13032,1,7189,65.0,1.14,7.71,49.5,1
33,32,38,0,21.64,51,87,46,20.8,37.6,25.4,64,11992,1,7081,64.7,1.16,7.65,49.5,0
33,34,38,0,21.75,71,100,74,27.4,38.6,26.9,59,10892,1,7219,64.1,1.11,7.38,69.4,0
33,35,38,0,21.95,59,101,120,16.5,36.3,27.0,56,9790,1,6768,62.9,1.17,7.72,69.4,1
33,36,38,0,20.51,66,66,114,19.3,31.5,26.5,60,8174,1,6466,63.2,1.13,7.38,70.1,1
33,37,38,0,21.68,78,70,77,36.6,42.4,26.7,64,8972,1,6382,55.8,1.12,7.8,69.4,1
33,38,38,0,23.05,60,78,23,25.5,38.8,26.8,61,10155,1,6129,60.2,1.08,7.26,70.1,1
34,14,49,0,21.4,34,79,0,75.8,31.6,21.5,66,2500,0,6817,0.0,0.55,7.8,76.5,0
34,15,49,0,21.42,57,110,40,68.5,28.3,20.8,65,3567,0,7983,0.0,0.51,7.81,76.9,1
34,16,49,0,23.04,70,115,22,69.7,28.6,20.8,65,3682,0,7882,57.7,0.46,7.29,76.5,1
34,17,49,0,21.29,38,97,0,69.6,24.2,20.6,64,2259,0,7755,56.8,0.45,7.61,77.0,1
34,18,49,0,23.69,68,92,0,58.4,29.9,21.5,67,2660,0,7243,56.2,0.45,6.93,77.0,0
34,20,49,0,20.73,43,63,32,76.3,25.1,21.0,65,4899,0,7913,55.5,0.51,7.28,78.5,1
34,21,49,0,22.17,60,120,32,71.3,38.6,21.6,68,2396,0,7686,52.0,0.52,7.42,79.0,1
34,22,49,0,22.08,47,50,0,68.2,32.1,21.3,65,2873,0,7489,55.5,0.51,8.27,78.9,1
34,23,49,0,20.83,66,41,16,71.8,27.1,20.5,64,4994,0,7217,55.5,0.47,7.46,79.4,0
34,24,49,0,21.8,18,83,104,62.1,37.5,21.5,65,5880,0,7798,53.5,0.47,8.04,79.2,1
34,27,49,0,23.08,55,81,0,60.3,30.4,21.1,66,2608,1,7576,52.6,0.5,6.99,66.2,1
34,28,49,0,24.46,60,117,18,74.9,28.4,20.4,64,3918,1,7762,53.3,0.47,5.61,66.1,0
34,29,49,0,22.14,56,159,0,75.3,28.9,20.7,69,3783,1,7391,51.7,0.62,8.0,66.1,0
34,30,49,0,22.44,33,80,0,63.0,35.3,21.3,66,3441,1,8050,53.0,0.61,7.56,66.1,0
34,31,49,0,21.47,42,148,0,76.3,33.2,21.4,67,3021,1,8117,53.5,0.59,7.96,66.4,0
34,34,49,0,23.69,31,75,33,68.6,31.2,21.5,65,4623,1,7787,47.3,0.52,6.49,77.1,0
34,35,49,0,23.78,61,106,0,70.2,25.6,21.4,67,2304,1,8580,53.4,0.57,6.03,77.1,0
34,36,49,0,21.18,35,163,0,65.2,32.0,21.7,68,2707,1,9048,53.7,0.67,8.51,77.1,0
34,37,49,0,23.29,78,156,0,75.1,27.5,22.4,63,3996,1,9125,51.9,0.65,6.71,76.7,1
34,38,49,0,22.79,90,111,0,70.7,27.9,20.5,68,3609,1,8325,59.4,0.71,7.28,77.1,0
35,14,27,1,23.04,22,27,0,7.7,28.5,21.6,56,5964,1,7241,69.7,0.53,6.95,52.2,1
35,15,27,1,23.64,36,111,0,33.8,33.5,22.2,58,9289,1,7676,70.0,0.53,6.26,52.4,1
35,16,27,1,22.47,34,119,55,27.4,28.1,21.8,60,8806,0,8573,71.2,0.61,7.63,52.4,1
35,17,27,1,21.8,41,70,87,35.4,29.8,21.3,58,10635,0,8411,70.0,0.54,8.16,53.1,1
35,20,27,1,22.3,5,76,0,24.0,32.7,22.4,55,7357,0,8224,59.5,0.44,7.25,71.7,1
35,21,27,1,22.52,28,49,0,10.9,28.3,21.2,49,7085,0,8378,59.5,0.43,7.66,72.3,1
35,22,27,1,22.32,9,81,70,19.3,32.6,21.0,54,8397,0,8394,59.4,0.44,7.54,70.9,1
35,23,27,1,22.38,36,116,83,24.3,30.5,20.9,53,7679,0,8391,58.6,0.41,7.7,70.9,1
35,24,27,1,23.28,45,85,43,26.7,34.5,21.1,53,7488,0,7925,58.1,0.3,6.59,70.4,1
35,27,27,1,23.19,28,58,0,20.1,25.3,20.2,54,8764,0,7113,60.1,0.36,6.83,76.3,1
35,28,27,1,22.61,29,93,0,34.3,30.2,20.2,56,8608,1,7229,60.2,0.33,7.24,75.4,1
35,29,27,1,22.55,28,110,58,26.4,29.1,21.2,54,6036,1,6981,59.8,0.31,7.34,75.4,1
35,30,27,1,23.4,11,81,21,12.2,34.0,20.7,54,13623,1,6418,59.5,0.23,6.58,75.4,1
35,31,27,1,22.35,12,89,79,22.6,28.3,20.2,53,8803,1,6800,59.7,0.31,7.75,74.8,1
35,33,27,1,23.89,25,62,0,7.5,28.1,20.4,52,9654,1,7277,72.3,0.32,7.54,70.8,1
35,34,27,1,22.93,53,64,0,14.6,30.7,20.5,57,7481,1,8133,69.5,0.3,7.14,75.9,1
35,35,27,1,22.24,2,59,0,14.3,37.7,19.5,57,13515,1,8067,71.1,0.31,7.86,76.5,1
35,36,27,1,22.31,8,28,41,19.1,20.0,19.7,51,10078,0,7922,70.6,0.3,7.78,77.3,1
35,37,27,1,23.44,12,99,84,16.2,30.4,19.4,53,9261,0,7337,71.0,0.28,6.81,77.3,1
35,38,27,1,23.23,19,94,0,35.1,34.8,19.7,53,7177,0,7210,71.8,0.34,6.81,77.3,1
36,14,27,2,24.15,39,196,0,65.5,42.9,20.3,67,8972,2,14267,54.5,1.42,6.07,59.9,0
36,15,27,2,24.89,39,239,20,46.2,46.4,19.9,71,7975,2,14163,54.5,1.44,5.4,60.0,0
36,16,27,2,24.22,60,262,23,59.2,40.3,19.8,69,6185,2,15558,54.5,1.37,6.09,62.8,0
36,17,27,2,23.9,64,270,48,53.4,38.9,20.0,70,12566,2,15301,54.2,1.34,6.54,64.4,0
36,18,27,2,26.0,84,207,28,43.8,44.8,18.6,70,4785,2,14669,53.9,1.27,5.47,60.4,0
36,20,27,2,23.96,45,166,0,61.1,41.2,19.7,66,7684,2,15398,70.8,1.46,6.35,56.6,0
36,21,27,2,24.54,61,211,0,65.8,44.3,20.5,66,8204,2,16519,70.3,1.45,5.63,53.9,0
36,22,27,2,23.79,33,223,0,51.0,42.6,19.1,65,5919,2,16120,72.8,1.55,6.52,52.5,0
36,23,27,2,24.46,33,207,69,52.9,33.0,20.7,67,8438,2,15936,72.0,1.5,6.09,51.5,0
36,24,27,2,24.46,46,235,0,71.0,35.7,21.2,68,7839,2,14458,72.0,1.49,5.93,51.6,1
36,27,27,2,23.18,62,178,79,56.4,42.4,20.5,66,13000,2,14128,66.4,1.51,7.24,77.6,1
36,28,27,2,23.68,53,195,0,65.0,40.6,20.8,65,8601,2,13872,64.3,1.39,6.55,78.8,0
36,29,27,2,23.57,53,151,32,38.5,43.2,19.0,68,8002,2,13244,63.6,1.36,6.75,76.9,1
36,30,27,2,24.25,30,241,32,71.2,42.2,20.6,65,8130,2,11577,62.5,1.26,6.11,75.4,0
36,31,27,2,23.54,38,187,73,56.8,40.1,20.3,67,12783,2,11154,62.6,1.26,6.97,75.5,0
36,33,27,2,23.91,54,121,120,42.3,38.3,21.7,65,8167,2,9940,65.7,1.06,7.95,65.8,0
36,34,27,2,24.35,47,130,0,58.5,42.9,20.4,63,9059,2,10272,70.2,1.11,5.94,65.8,0
36,35,27,2,24.64,60,169,45,59.9,37.5,20.8,68,9131,2,9902,70.5,1.14,5.87,66.6,0
36,36,27,2,23.84,50,218,0,62.1,42.3,20.5,73,5586,2,10081,70.5,1.12,6.5,68.5,1
36,37,27,2,23.73,35,192,0,50.1,42.3,20.8,68,9639,1,9203,70.6,1.12,6.75,69.5,0
36,38,27,2,24.79,81,228,39,68.7,39.5,21.0,67,8650,1,9765,70.2,1.08,5.34,69.5,1
37,14,33,2,24.26,28,105,120,65.5,33.2,25.1,62,8555,1,10996,59.0,0.9,6.74,65.8,0
37,15,33,2,23.55,0,140,10,55.0,26.4,25.1,62,5666,1,11754,59.2,0.93,7.22,65.7,0
37,16,33,2,24.51,28,109,64,65.6,31.5,25.3,62,6396,1,11462,59.4,0.93,6.27,66.5,0
37,17,33,2,24.57,17,127,49,60.5,24.8,24.3,64,9967,1,11927,59.9,0.93,6.36,67.0,0
37,18,33,2,25.52,39,134,120,66.9,29.7,25.1,60,13044,1,10545,60.0,0.92,6.53,67.8,0
37,19,33,2,24.6,40,101,82,62.2,29.5,25.9,61,9634,1,11761,62.7,1.05,7.24,69.1,0
37,20,33,2,24.32,22,135,35,52.1,32.8,24.5,61,10210,1,11638,62.8,1.07,6.36,82.0,0
37,21,33,2,23.74,41,146,109,61.5,33.7,23.7,63,10784,1,10985,63.4,1.11,7.28,82.6,1
37,22,33,2,24.07,23,159,0,68.8,30.2,24.1,62,6198,1,10870,63.3,1.02,6.7,82.6,0
37,23,33,2,23.82,22,107,32,55.2,29.4,24.8,62,10527,1,11445,64.2,1.06,6.89,82.6,0
37,24,33,2,23.9,37,143,0,54.3,20.0,23.5,61,9685,1,11398,63.6,1.01,6.92,82.6,1
37,25,33,2,25.63,58,63,120,50.9,35.8,24.1,58,8374,1,10675,63.3,0.98,6.53,82.6,0
37,27,33,2,23.93,17,131,0,73.4,30.5,24.6,62,7289,1,10581,71.6,1.06,6.87,72.7,1
37,28,33,2,23.91,16,97,0,66.1,38.3,25.6,60,7077,1,10549,73.9,1.07,7.0,73.0,1
37,29,33,2,24.48,35,135,15,86.2,25.9,25.0,64,8709,1,9762,73.6,1.05,6.19,73.0,0
37,30,33,2,23.24,17,146,0,57.9,30.2,23.9,64,8317,1,10166,74.6,1.12,7.52,72.7,1
37,31,33,2,23.63,0,120,12,70.7,32.0,26.9,60,9784,1,9933,72.9,1.03,6.84,72.8,1
37,34,33,2,24.75,41,101,0,76.3,34.4,24.0,62,5602,1,7948,75.2,0.92,5.82,69.8,0
37,35,33,2,23.28,42,147,42,70.4,28.7,24.1,60,8121,1,8407,75.1,0.96,7.82,70.4,1
37,36,33,2,22.92,20,114,19,48.4,32.1,23.9,57,7753,1,7730,74.8,0.92,7.83,69.0,1
37,37,33,2,24.5,27,90,23,70.3,31.7,25.0,57,10220,1,6756,73.4,0.84,6.13,69.8,1
37,38,33,2,23.76,33,158,49,56.7,29.8,23.2,59,8619,1,6643,73.5,0.89,7.12,70.5,1
38,14,29,1,23.78,71,244,0,19.9,29.9,23.5,68,3970,2,15332,58.3,1.81,5.05,51.7,0
38,15,29,1,23.26,75,255,102,41.5,34.2,23.5,69,7248,2,16805,58.6,1.88,5.65,53.6,0
38,16,29,1,23.1,52,217,0,27.1,32.6,23.6,69,4711,2,16821,58.2,1.9,5.72,53.5,1
38,17,29,1,23.03,72,234,0,21.5,34.6,23.1,70,4560,2,16587,57.8,1.93,5.91,53.5,0
38,19,29,1,24.25,82,141,0,11.2,33.9,23.0,63,4346,2,17319,64.8,2.04,5.9,49.9,1
38,20,29,1,23.11,67,223,25,28.3,38.4,23.1,69,5071,2,18045,68.7,2.21,6.01,50.3,0
38,21,29,1,23.57,61,210,15,29.7,26.3,22.8,66,7861,3,18558,69.1,2.24,5.32,48.1,0
38,22,29,1,23.56,55,264,0,26.5,39.8,23.2,66,3895,3,19446,70.2,2.32,5.38,48.3,0
38,23,29,1,23.9,63,232,20,22.4,34.5,23.1,69,5581,3,19838,70.0,2.28,5.11,47.8,0
38,24,29,1,23.37,65,294,0,30.9,40.6,23.0,67,4127,3,18732,70.3,2.31,5.67,48.4,0
38,26,29,1,23.56,85,144,0,24.4,32.5,22.4,60,5343,3,16990,67.4,1.99,6.76,3.7,0
38,27,29,1,23.12,77,202,0,20.8,31.7,23.5,64,6970,3,17031,70.2,1.89,5.64,3.6,1
38,28,29,1,23.23,77,253,0,35.4,34.3,22.8,68,4562,3,16009,69.8,1.91,5.45,4.9,0
38,29,29,1,23.94,69,213,0,32.8,32.8,22.8,68,3569,3,16142,69.1,1.88,4.99,4.1,0
38,30,29,1,23.72,57,243,24,28.3,32.4,22.9,67,5314,3,16221,69.6,1.93,5.4,2.8,0
38,31,29,1,22.96,63,222,0,22.6,34.0,23.6,69,4583,3,16313,70.5,1.95,5.88,3.6,0
38,33,29,1,23.46,76,134,40,19.5,29.3,23.4,63,6001,3,15547,46.5,1.88,6.72,23.5,1
38,34,29,1,22.78,68,179,40,0.0,32.8,23.4,61,4188,3,14994,46.9,1.82,6.49,23.5,0
38,35,29,1,22.31,58,188,16,16.0,29.3,22.8,64,6283,3,14739,46.7,1.79,6.64,23.5,1
38,36,29,1,21.94,37,194,13,24.9,30.7,23.5,68,5481,3,13981,45.3,1.69,7.03,23.6,0
38,37,29,1,22.43,74,227,0,25.9,26.0,22.6,67,5435,2,13354,43.4,1.58,6.69,24.9,0
38,38,29,1,23.74,69,242,9,29.7,31.4,23.3,64,4980,3,12746,42.5,1.46,5.27,21.7,0
39,14,40,0,22.45,24,40,94,97.9,43.3,22.8,59,10399,1,9732,68.4,0.55,7.09,70.7,0
39,15,40,0,22.49,29,113,0,94.3,40.0,22.9,57,5983,1,10251,69.9,0.6,6.93,70.7,0
39,16,40,0,22.87,45,101,66,89.9,35.0,23.8,62,10922,2,11800,70.1,0.6,6.42,70.4,0
39,17,40,0,22.05,41,60,30,88.4,44.8,22.5,61,7833,1,11159,70.2,0.63,7.32,69.6,0
39,18,40,0,22.28,40,106,113,85.1,39.7,24.2,57,10994,1,10904,70.6,0.64,8.37,71.2,0
39,19,40,0,23.62,56,25,36,99.8,40.1,23.4,60,7168,1,11326,70.4,0.64,6.75,68.5,0
39,20,40,0,22.88,36,55,33,96.8,49.1,22.9,58,7162,1,11745,68.6,0.72,6.39,70.2,0
39,21,40,0,23.0,22,122,87,92.6,41.5,23.3,64,8122,1,12222,68.6,0.74,6.51,71.9,0
39,22,40,0,22.35,29,95,120,76.8,39.3,24.1,61,7880,1,12096,68.9,0.78,7.12,72.7,0
39,23,40,0,20.98,39,96,0,81.5,39.1,21.9,59,6494,2,13482,72.1,0.86,8.39,70.8,0
39,24,40,0,22.29,38,34,0,86.2,43.5,23.8,58,5782,1,14064,68.7,0.75,6.92,70.8,0
39,25,40,0,22.67,25,35,111,88.3,38.2,23.9,58,11104,2,14464,68.1,0.75,8.04,69.0,0
39,26,40,0,23.56,46,27,37,71.7,43.0,23.0,56,6509,2,14807,70.6,0.81,7.04,73.6,0
39,27,40,0,22.97,37,116,0,94.9,45.1,23.1,61,6356,2,15077,74.7,0.84,6.46,81.6,1
39,28,40,0,22.43,9,88,0,90.2,40.8,23.2,59,7570,2,15795,75.3,0.88,6.88,81.2,0
39,29,40,0,20.64,24,106,0,92.3,44.7,23.6,65,12117,2,15382,75.0,0.9,8.59,80.7,0
39,30,40,0,21.61,41,66,0,87.2,40.9,22.7,57,6318,2,14154,70.5,0.78,7.8,82.3,1
39,31,40,0,22.0,53,57,0,83.8,38.7,23.1,59,5280,1,13114,69.6,0.68,7.3,82.3,1
39,34,40,0,23.03,8,22,66,88.4,42.2,24.7,56,7772,1,12191,70.7,0.62,6.13,72.4,0
39,35,40,0,22.78,51,87,48,79.4,44.7,22.7,59,14782,1,11697,70.7,0.64,6.59,69.9,0
39,36,40,0,21.51,32,116,15,91.1,44.3,23.2,62,10031,1,12207,70.9,0.63,7.71,69.9,0
39,37,40,0,21.6,28,72,14,100.0,48.6,22.7,59,7274,1,10770,69.7,0.59,7.68,70.3,1
39,38,40,0,21.54,39,82,44,87.3,39.1,22.9,58,13160,1,10488,70.8,0.64,8.01,71.1,0
40,14,20,2,24.68,47,142,35,48.0,44.4,22.5,64,7494,1,7292,63.6,0.57,6.74,69.0,1
40,15,20,2,24.4,61,182,120,63.8,40.9,23.0,65,12286,1,7527,64.2,0.58,7.33,69.0,1
40,16,20,2,24.73,67,183,0,51.4,37.3,21.6,62,7999,1,7683,64.1,0.6,6.78,69.0,1
40,17,20,2,24.15,41,150,0,61.4,40.3,21.8,60,4805,1,6224,64.0,0.6,7.37,68.2,1
40,20,20,2,23.65,50,175,33,59.2,43.1,22.2,68,5683,1,6421,69.6,0.69,7.09,79.0,1
40,21,20,2,24.35,65,198,8,49.3,39.2,21.7,65,5928,1,6305,71.7,0.63,7.2,79.5,0
40,22,20,2,23.17,19,126,0,56.2,37.5,22.1,62,4021,1,6257,72.2,0.64,6.75,79.5,1
40,23,20,2,24.77,38,189,0,52.7,44.3,21.8,64,4466,0,6432,70.3,0.68,6.66,79.0,0
40,24,20,2,23.41,46,147,0,44.8,31.2,21.3,65,8704,0,6690,72.9,0.69,7.27,79.0,1
40,27,20,2,24.58,29,142,0,57.5,41.0,22.9,66,5525,0,6011,73.9,0.67,7.21,92.9,1
40,28,20,2,25.47,76,197,26,67.9,44.5,21.3,64,10340,0,5691,73.4,0.66,5.92,91.1,0
40,29,20,2,23.12,58,157,49,51.2,30.5,22.4,69,6317,0,5534,71.9,0.72,7.06,91.1,1
40,30,20,2,25.2,50,184,70,59.5,41.7,21.2,68,8564,0,5223,69.7,0.74,6.53,91.1,1
40,31,20,2,24.09,28,218,35,42.5,34.1,23.6,64,8613,1,5819,68.3,0.76,7.57,91.5,1
40,34,20,2,25.32,59,165,48,77.9,41.7,22.1,66,5367,1,6444,67.9,0.69,6.38,81.2,0
40,35,20,2,23.07,51,212,0,59.6,37.8,22.0,66,4708,1,6537,67.4,0.74,6.9,81.5,1
40,36,20,2,23.85,40,193,33,59.3,42.3,22.4,66,8284,1,7127,63.4,0.76,6.61,81.5,1
40,37,20,2,23.97,64,189,0,62.6,35.6,21.5,66,10530,1,6999,66.2,0.77,7.43,81.5,1
40,38,20,2,24.83,57,144,0,80.6,38.3,22.6,68,7656,1,6944,66.5,0.72,6.8,80.7,1
41,14,25,1,23.36,33,92,22,63.8,28.8,19.7,53,4898,1,9796,60.6,0.72,6.31,55.7,1
41,15,25,1,22.59,31,177,40,67.2,31.9,18.9,52,7718,1,9641,60.9,0.73,6.85,53.8,0
41,16,25,1,24.26,38,128,0,60.5,24.7,18.5,53,5302,1,10490,60.9,0.74,5.08,54.9,0
41,17,25,1,22.53,38,132,0,56.7,34.2,18.8,56,4649,1,11391,61.5,0.85,7.05,55.6,0
41,19,25,1,23.65,34,70,0,56.0,28.7,19.7,54,7601,1,11480,70.8,0.76,7.09,71.9,0
41,20,25,1,24.06,35,74,55,58.2,33.5,18.6,49,6287,1,11975,70.2,0.8,5.53,65.9,0
41,21,25,1,22.48,29,111,33,64.5,31.2,19.9,55,6048,1,11381,70.2,0.8,7.3,65.9,1
41,22,25,1,23.83,59,75,16,77.9,32.3,19.2,55,5165,1,11394,70.0,0.77,5.68,68.7,0
41,23,25,1,25.03,38,130,0,64.0,31.1,18.9,57,5704,1,12318,70.3,0.84,4.46,68.0,0
41,24,25,1,22.06,38,171,84,67.1,30.9,18.8,58,5803,2,12435,70.0,0.92,7.66,68.7,0
41,26,25,1,25.39,43,78,44,68.7,28.0,19.1,55,4226,2,11576,70.8,0.86,5.39,47.8,0
41,27,25,1,23.2,45,141,0,80.8,35.9,18.8,56,5080,2,12159,65.8,0.98,6.09,53.1,0
41,28,25,1,23.21,34,128,30,61.7,25.9,19.6,54,4713,2,12270,65.5,1.02,6.46,51.7,0
41,29,25,1,22.95,38,141,55,72.4,31.9,19.5,58,6378,2,12679,65.4,1.01,6.57,51.3,0
41,30,25,1,24.42,18,114,26,84.7,31.7,18.5,54,5262,2,12580,66.1,1.03,5.07,50.7,0
41,31,25,1,21.75,22,188,120,55.5,31.8,19.1,59,6998,2,12791,66.0,1.03,7.89,49.2,0
41,34,25,1,21.76,10,52,0,66.2,34.3,19.3,50,5720,2,12430,60.5,0.93,6.87,79.9,1
41,35,25,1,22.21,22,78,0,64.6,39.1,19.4,54,8083,2,11977,55.7,0.83,6.63,79.9,1
41,36,25,1,22.75,6,111,65,50.5,31.4,18.6,55,6890,2,11632,53.8,0.88,7.02,79.9,1
41,37,25,1,22.72,44,57,0,75.7,24.6,18.8,56,3275,2,10334,53.6,0.79,6.77,80.4,0
41,38,25,1,22.69,54,72,0,67.2,31.4,19.4,53,4102,2,8673,54.3,0.62,6.85,82.4,1
42,14,25,1,22.63,18,96,100,20.1,35.6,19.2,57,5891,1,5531,65.8,0.75,7.58,55.7,0
42,15,25,1,21.38,0,87,95,0.8,36.6,20.4,57,10583,1,5372,66.3,0.66,8.13,55.7,1
42,16,25,1,22.02,24,40,0,9.1,35.5,19.9,57,4446,1,5410,70.7,0.68,7.96,55.7,1
42,17,25,1,22.9,39,46,39,14.3,46.9,19.7,57,9980,1,4974,71.0,0.56,6.84,55.7,1
42,19,25,1,23.21,14,46,14,7.8,37.9,18.7,55,8548,1,4719,59.8,0.61,7.5,72.3,1
42,20,25,1,21.69,17,102,0,29.6,37.3,19.2,57,7888,1,4976,61.3,0.61,7.03,79.9,1
42,21,25,1,21.24,13,43,0,22.0,36.9,19.4,57,7726,1,4834,57.8,0.65,8.33,79.9,1
42,22,25,1,22.94,31,53,39,19.7,30.8,19.1,56,6900,1,4702,56.4,0.51,7.1,80.1,1
42,23,25,1,22.26,19,88,32,22.5,37.6,18.1,61,5089,1,4604,56.9,0.49,7.68,80.9,1
42,24,25,1,22.84,12,75,20,26.0,38.4,19.8,59,6168,0,4017,57.6,0.35,6.95,80.1,1
42,27,25,1,23.75,30,96,0,8.3,42.1,18.9,53,4372,0,4172,58.1,0.42,6.18,60.8,1
42,28,25,1,23.5,17,103,0,1.4,30.4,19.0,59,5584,0,4266,59.8,0.54,6.3,61.6,1
42,29,25,1,22.9,8,154,0,4.9,36.9,19.1,60,2814,1,5035,59.7,0.63,7.0,60.6,1
42,30,25,1,21.96,14,137,120,14.7,46.8,19.7,59,8084,1,5064,62.0,0.71,7.94,60.0,0
42,31,25,1,22.17,9,78,0,8.8,41.6,19.8,56,6216,1,5547,61.8,0.71,7.75,60.6,1
42,34,25,1,21.64,11,27,25,17.1,34.0,19.0,57,6792,0,5417,60.2,0.63,7.72,64.7,1
42,35,25,1,23.81,6,53,0,2.4,36.2,18.6,57,7828,1,5419,61.8,0.58,6.13,64.7,1
42,36,25,1,21.97,10,87,0,5.9,44.9,19.1,59,7914,1,5934,65.0,0.74,7.85,64.0,1
42,37,25,1,23.28,32,138,51,0.0,41.2,18.6,57,7581,1,6348,63.8,0.69,6.64,64.7,0
42,38,25,1,24.98,10,76,0,18.9,32.3,20.4,65,5970,1,6282,64.4,0.76,4.89,64.0,0
43,14,20,2,24.69,118,82,24,34.9,36.6,22.7,66,6330,2,17895,50.6,2.09,5.81,12.6,0
43,15,20,2,24.26,115,142,30,31.8,30.5,24.2,64,5216,2,18371,50.9,2.08,5.99,14.1,0
43,16,20,2,24.94,117,160,47,41.9,46.3,22.8,66,3901,2,18166,50.1,1.99,5.42,15.7,0
43,17,20,2,24.17,125,134,0,34.4,34.7,22.9,66,6758,2,17661,51.1,1.96,6.23,19.8,0
43,20,20,2,24.47,119,55,18,43.7,36.4,23.2,57,5046,2,18407,45.0,1.96,5.8,40.3,0
43,21,20,2,24.56,115,130,0,55.3,33.5,23.0,66,7826,2,18934,44.8,1.92,5.78,41.2,0
43,22,20,2,24.41,91,115,0,32.6,37.8,24.0,67,6943,2,18934,45.3,1.95,5.87,40.7,0
43,23,20,2,24.46,108,170,0,45.2,34.0,23.2,66,6934,2,19013,45.5,1.96,6.09,40.3,0
43,24,20,2,25.23,112,227,0,50.3,35.4,22.9,66,5114,2,19013,45.4,1.91,4.89,39.0,0
43,26,20,2,24.45,122,30,0,41.5,36.9,23.4,64,9647,2,18306,42.1,1.71,6.93,35.9,0
43,27,20,2,24.43,114,107,0,39.2,38.6,23.3,62,9268,2,19005,47.6,1.89,5.89,32.6,0
43,28,20,2,24.93,110,125,0,47.0,34.6,23.6,64,5918,2,18853,47.1,1.87,5.28,31.9,0
43,29,20,2,25.03,121,136,0,29.9,37.0,23.2,65,6299,2,19848,47.0,1.91,5.2,31.9,1
43,30,20,2,24.79,128,141,65,53.5,33.7,23.8,71,4755,2,19979,47.8,1.96,5.4,32.5,0
43,31,20,2,23.92,76,148,8,30.4,33.5,22.4,66,8355,3,20483,47.5,1.96,6.71,33.1,0
43,34,20,2,23.47,111,57,29,48.3,40.2,22.3,61,5740,2,20759,58.4,1.88,6.72,32.9,0
43,35,20,2,24.24,113,75,0,57.6,38.5,22.8,61,6097,2,20279,56.6,1.82,6.0,32.9,0
43,36,20,2,24.87,117,126,34,48.5,28.2,23.0,65,9484,2,19054,56.1,1.8,5.53,33.5,0
43,37,20,2,24.39,120,179,120,27.1,42.6,22.8,66,9104,2,20235,56.6,1.83,6.19,30.3,0
43,38,20,2,24.42,113,201,0,44.3,38.7,22.7,68,11879,2,20235,56.6,1.82,5.82,30.8,0
44,14,25,1,23.09,59,136,0,83.2,32.1,24.7,56,6700,1,10262,80.0,0.48,6.78,69.5,0
44,15,25,1,23.12,43,80,70,55.2,28.4,24.8,55,12843,1,10472,78.9,0.53,7.17,68.4,0
44,16,25,1,22.85,31,94,50,58.6,32.4,24.6,54,13987,1,10070,78.8,0.52,7.49,68.4,1
44,17,25,1,22.31,54,77,65,55.6,34.5,23.7,55,9488,1,9271,78.3,0.49,8.14,69.8,1
44,20,25,1,22.81,32,25,47,70.2,25.5,24.7,53,11169,1,8389,73.3,0.42,7.3,78.5,0
44,21,25,1,22.83,33,0,7,49.0,38.3,24.2,52,9137,1,8158,72.7,0.43,7.67,78.3,1
44,22,25,1,22.94,37,49,60,56.6,34.0,24.1,52,7443,1,6882,72.9,0.4,7.53,79.3,1
44,23,25,1,23.4,47,74,120,62.1,35.3,25.3,53,18000,0,6710,72.8,0.39,6.78,80.3,1
44,24,25,1,22.99,26,74,15,68.1,34.8,24.2,53,5995,1,6874,73.5,0.46,7.33,78.6,0
44,25,25,1,23.53,41,56,0,28.1,35.9,24.1,54,6197,1,7434,73.4,0.51,8.11,78.6,0
44,27,25,1,23.01,48,70,39,56.9,34.5,25.2,53,11509,1,7660,72.9,0.46,7.19,72.6,1
44,28,25,1,23.82,49,50,0,66.6,36.9,24.7,57,7484,1,7175,72.5,0.42,6.19,72.6,0
44,29,25,1,22.67,26,107,0,52.2,37.7,24.9,59,7359,1,7466,73.2,0.46,7.57,73.7,1
44,30,25,1,23.48,50,98,28,62.6,39.1,24.8,55,10729,1,7320,72.6,0.43,6.68,73.7,1
44,31,25,1,23.71,46,122,38,74.4,31.2,23.4,59,10748,1,7761,72.9,0.49,6.53,76.3,0
44,32,25,1,23.75,64,97,56,47.7,35.0,24.2,55,8684,1,7920,74.2,0.6,7.8,76.3,1
44,34,25,1,23.41,51,86,67,60.8,32.4,25.1,57,11870,1,7955,77.1,0.66,6.84,62.2,0
44,35,25,1,23.12,54,52,87,58.2,33.4,24.4,54,14591,1,8157,78.1,0.69,7.14,59.5,1
44,36,25,1,22.54,43,78,0,58.9,36.8,24.4,55,8895,1,7726,78.2,0.73,7.61,58.4,1
44,37,25,1,23.25,70,83,109,54.9,33.7,24.9,57,13413,1,8130,76.8,0.73,7.12,58.4,0
44,38,25,1,23.73,48,30,0,54.3,36.6,25.9,55,8492,1,8880,76.9,0.7,6.28,58.6,0
45,14,25,2,24.94,75,103,0,51.3,34.2,17.1,68,5058,2,17461,27.9,1.48,5.01,0.0,0
45,15,25,2,23.08,80,194,41,50.2,27.6,17.5,74,7195,2,19174,28.9,1.59,6.91,3.1,0
45,16,25,2,24.4,83,117,45,43.8,31.8,17.1,70,6820,2,19182,27.8,1.51,5.67,3.8,0
45,17,25,2,24.31,94,94,0,33.4,27.4,17.2,71,4189,2,19009,27.1,1.38,5.43,2.4,0
45,20,25,2,24.59,101,81,67,52.0,31.4,17.6,65,6207,2,20212,30.5,1.46,5.47,0.4,0
45,21,25,2,23.68,65,111,57,38.8,30.4,17.0,68,6420,2,19580,30.2,1.41,6.27,0.0,0
45,22,25,2,23.58,94,143,0,46.3,36.0,17.3,71,4579,2,20267,29.2,1.42,6.13,0.0,1
45,23,25,2,23.26,90,159,75,51.8,38.8,17.0,70,6967,2,19497,29.3,1.47,6.61,0.0,0
45,24,25,2,24.58,99,138,47,55.7,33.8,17.9,71,4858,2,18885,27.4,1.34,5.32,1.2,0
45,27,25,2,25.15,95,16,22,70.3,33.1,17.0,62,5468,2,18371,31.1,1.45,4.71,13.7,1
45,28,25,2,24.49,111,113,0,55.1,33.0,18.0,68,4841,2,18346,31.5,1.48,5.3,13.7,0
45,29,25,2,24.35,94,134,55,48.4,34.1,16.7,69,6079,2,17049,31.0,1.46,5.34,13.7,0
45,30,25,2,23.39,91,181,92,55.1,36.4,16.8,71,6032,2,16532,32.4,1.57,6.51,12.9,0
45,31,25,2,23.87,70,131,0,39.7,27.6,16.7,70,3446,3,16705,31.0,1.51,6.01,12.9,0
45,33,25,2,25.87,83,61,0,44.2,31.2,16.6,64,4840,2,16682,30.3,1.55,5.04,17.8,0
45,34,25,2,24.17,85,113,0,40.8,29.4,17.2,69,5641,2,18206,32.7,1.73,5.68,17.7,0
45,35,25,2,24.94,83,133,100,46.4,33.8,16.8,70,5427,2,18975,32.2,1.72,5.05,17.7,0
45,36,25,2,25.51,98,183,0,56.8,33.7,17.4,71,7976,2,19185,33.3,1.8,4.42,17.1,0
45,37,25,2,23.56,78,131,0,36.7,33.1,16.9,70,5000,2,20864,35.1,1.92,6.25,16.1,0
45,38,25,2,24.54,84,140,60,43.6,31.5,16.7,72,3570,2,20616,35.5,1.95,5.23,16.1,0
46,14,29,2,23.57,44,180,83,77.6,39.5,21.4,72,8011,1,9550,63.9,1.22,7.1,50.7,0
46,15,29,2,23.88,43,189,0,61.6,41.4,21.8,68,4116,2,10160,63.4,1.22,6.68,50.2,1
46,16,29,2,24.5,29,188,59,66.3,43.6,22.0,72,5877,1,9926,63.3,1.2,6.16,51.8,0
46,17,29,2,24.47,67,284,0,44.3,33.3,22.2,71,3716,2,11230,63.9,1.24,6.21,51.2,0
46,20,29,2,24.11,57,183,0,63.7,37.5,22.1,67,5181,2,10913,66.9,1.27,6.48,44.6,0
46,21,29,2,23.56,51,204,0,60.5,42.7,21.2,69,5460,2,10872,66.9,1.32,7.04,43.1,1
46,22,29,2,24.06,53,199,32,58.7,36.8,20.9,69,5249,2,11133,66.2,1.28,6.47,42.6,0
46,23,29,2,23.75,30,214,0,47.6,44.7,20.4,68,6041,2,11352,65.8,1.23,6.79,41.3,0
46,24,29,2,24.05,69,206,0,54.1,37.7,22.3,74,7507,2,11352,65.6,1.22,6.3,42.0,1
46,27,29,2,23.75,44,142,0,71.6,39.2,21.7,67,5019,2,10569,61.3,1.17,7.0,25.4,1
46,28,29,2,24.33,28,168,0,57.8,37.6,21.5,66,5079,1,10597,61.0,1.12,6.48,26.1,1
46,29,29,2,24.71,75,214,0,54.9,29.9,21.4,71,6738,1,9953,61.9,1.16,5.93,24.8,0
46,30,29,2,24.97,42,231,0,66.8,37.4,21.3,71,4229,1,11649,62.6,1.22,5.79,26.1,0
46,31,29,2,24.31,56,228,0,63.9,33.0,20.8,72,3722,1,10657,62.8,1.24,6.31,25.2,0
46,34,29,2,24.11,52,190,73,43.0,37.0,21.4,69,5678,1,10456,53.5,1.21,6.61,40.9,1
46,35,29,2,23.72,53,215,0,68.2,38.8,21.1,69,4559,1,11309,53.7,1.2,6.71,41.6,0
46,36,29,2,24.51,49,206,0,67.1,38.0,20.9,68,3380,1,11169,53.6,1.23,5.95,43.2,0
46,37,29,2,24.32,50,243,21,75.9,45.9,22.0,73,5548,1,11177,54.0,1.26,6.18,43.2,0
46,38,29,2,24.89,60,258,53,59.1,38.4,21.4,70,5619,1,10187,54.7,1.31,5.73,41.6,0
47,14,43,0,21.1,6,37,0,11.6,30.5,23.7,59,3892,0,4855,67.1,0.33,7.78,81.4,0
47,15,43,0,21.63,0,9,22,14.4,26.6,22.5,55,5039,0,4538,67.0,0.29,7.95,81.4,1
47,16,43,0,22.04,10,66,0,31.0,29.1,22.5,57,7305,0,4458,67.5,0.27,7.47,81.4,1
47,17,43,0,21.63,18,44,79,43.0,27.4,22.8,55,8702,0,4345,68.1,0.3,8.18,81.4,1
47,20,43,0,21.28,0,70,63,15.7,28.1,22.7,57,8126,0,4427,64.1,0.33,8.29,57.4,0
47,21,43,0,22.27,23,41,0,21.4,27.3,23.1,58,5947,0,4110,64.1,0.28,7.84,57.4,1
47,22,43,0,21.09,0,58,120,24.8,33.8,23.4,57,5702,0,4300,63.5,0.25,7.97,57.6,1
47,23,43,0,20.83,14,49,0,31.9,26.8,22.5,57,11246,0,4264,62.8,0.27,8.09,57.6,1
47,24,43,0,20.99,16,0,78,19.5,29.4,23.2,55,6982,0,4194,63.1,0.2,7.36,57.7,1
47,26,43,0,21.88,19,83,0,17.5,24.3,23.6,56,5565,0,4113,64.0,0.25,8.22,70.2,1
47,27,43,0,22.8,4,16,0,24.9,26.3,23.1,56,4058,0,3544,64.3,0.25,7.34,72.4,1
47,28,43,0,21.18,4,87,27,20.4,30.2,21.4,58,6170,0,3688,65.2,0.3,7.67,72.4,0
47,29,43,0,21.29,1,56,0,25.1,30.1,22.5,59,3632,0,4376,65.3,0.31,8.25,72.4,1
47,30,43,0,21.71,15,8,0,23.1,27.5,22.2,53,5148,0,4347,65.1,0.28,7.39,72.4,1
47,31,43,0,20.87,34,34,0,17.0,30.3,24.3,59,4008,0,4515,65.0,0.29,7.94,72.5,1
47,33,43,0,22.75,34,30,0,29.2,32.5,21.8,57,5673,0,4685,64.6,0.29,7.82,80.0,1
47,34,43,0,22.64,26,46,53,25.5,32.8,22.5,59,6848,0,4804,69.2,0.3,7.67,75.3,0
47,35,43,0,22.37,4,40,0,23.6,34.7,22.3,55,3639,0,4825,66.9,0.35,7.71,75.7,1
47,36,43,0,21.78,0,40,0,30.8,30.7,23.3,55,4498,0,4756,66.8,0.36,7.54,74.5,1
47,37,43,0,21.46,11,64,0,25.7,25.4,22.6,58,3183,0,4690,67.6,0.39,7.15,74.5,1
47,38,43,0,21.64,26,60,0,34.3,29.3,23.0,56,6251,0,4727,68.2,0.45,8.23,74.9,1
48,14,29,2,24.96,71,96,26,77.1,36.9,18.6,62,9332,0,5681,83.9,0.2,6.96,83.9,1
48,15,29,2,24.58,86,85,57,78.6,40.1,18.3,63,9328,0,5555,84.0,0.22,7.45,83.9,0
48,16,29,2,23.91,54,133,0,86.9,25.3,19.9,67,5324,1,5245,84.2,0.27,7.84,83.9,1
48,17,29,2,24.31,66,76,36,58.1,35.1,19.2,59,12127,1,5733,82.6,0.25,7.76,83.2,1
48,20,29,2,24.36,57,53,16,51.4,40.9,18.0,61,6928,1,4796,84.0,0.25,7.33,79.5,1
48,21,29,2,24.12,58,67,0,80.8,36.5,18.4,64,6748,1,4606,83.5,0.28,7.91,79.5,1
48,22,29,2,24.29,86,40,0,100.0,36.0,19.0,66,9090,1,4549,83.2,0.22,7.68,78.8,0
48,23,29,2,24.76,114,44,0,83.7,40.5,17.8,65,10646,1,5277,83.1,0.2,6.79,79.1,0
48,24,29,2,24.12,73,92,46,79.5,41.5,18.9,63,13473,1,5391,83.0,0.26,7.85,79.9,1
48,26,29,2,24.75,75,58,36,69.8,36.8,18.7,62,8425,1,5336,81.6,0.18,7.78,65.9,1
48,27,29,2,24.79,90,78,79,90.5,46.6,19.4,63,6305,1,5529,82.7,0.17,7.06,68.6,1
48,28,29,2,23.82,60,104,0,73.6,37.7,18.6,63,4215,1,5444,83.2,0.19,8.23,68.6,1
48,29,29,2,24.37,95,115,21,87.5,38.2,18.4,62,9601,1,5586,82.7,0.1,7.48,68.6,1
48,30,29,2,25.02,52,112,33,80.9,43.3,17.4,65,7092,1,5624,82.5,0.1,6.95,68.7,1
48,31,29,2,25.14,80,94,0,91.4,42.9,18.4,65,4785,1,5596,83.4,0.16,6.73,69.2,1
48,34,29,2,24.7,83,92,0,77.8,37.8,17.9,61,8832,1,6660,77.6,0.18,6.92,80.7,0
48,35,29,2,24.27,76,97,0,73.9,39.3,18.4,65,5222,1,8033,77.9,0.21,7.57,81.5,1
48,36,29,2,23.73,92,114,52,85.5,44.4,17.5,63,12125,0,7823,77.9,0.23,7.42,81.5,0
48,37,29,2,24.07,58,96,51,71.4,48.0,18.2,64,7744,1,7237,74.7,0.25,7.23,80.7,1
48,38,29,2,24.19,64,100,7,77.7,35.2,17.5,63,8732,1,7343,73.3,0.22,7.72,79.3,0
49,14,24,2,24.51,66,176,0,36.6,35.8,22.4,65,4027,2,13255,68.6,1.53,5.85,59.3,0
49,15,24,2,24.2,86,183,0,33.7,36.2,21.2,64,4138,2,13760,68.9,1.58,6.15,57.0,0
49,16,24,2,24.36,71,192,0,39.5,39.0,21.1,68,2542,2,14777,69.1,1.59,5.86,56.6,0
49,17,24,2,24.64,71,208,65,44.4,29.8,21.0,65,4602,2,15969,68.7,1.55,6.08,54.2,0
49,20,24,2,24.2,40,92,49,36.4,36.3,22.9,60,5467,2,14553,68.0,1.28,6.34,54.5,1
49,21,24,2,24.17,29,125,47,28.1,31.8,21.3,62,4248,2,13138,68.9,1.27,6.71,55.6,0
49,22,24,2,24.28,77,138,0,36.6,35.5,21.7,61,3919,2,13165,69.2,1.25,6.24,56.4,0
49,23,24,2,24.49,63,113,0,35.4,33.5,21.5,63,4633,2,11916,69.5,1.24,6.09,56.0,1
49,24,24,2,23.85,52,209,10,28.0,35.4,21.7,64,3629,2,11981,70.5,1.26,6.69,56.0,0
49,26,24,2,24.99,123,107,0,23.4,32.2,20.7,63,5440,2,12703,67.2,1.29,6.67,52.5,1
49,27,24,2,23.8,56,140,35,41.9,36.9,21.8,62,5495,2,12906,69.1,1.35,6.82,53.0,0
49,28,24,2,24.77,82,131,29,27.5,39.9,21.0,61,5072,2,13306,68.5,1.29,5.57,53.0,1
49,29,24,2,24.38,59,159,92,28.1,38.8,20.9,63,6711,2,13547,68.7,1.31,6.26,53.0,0
49,30,24,2,23.84,51,189,0,32.0,39.9,21.1,67,4238,2,12767,69.2,1.3,6.58,53.5,0
49,31,24,2,24.0,65,189,0,40.4,40.3,21.8,64,4769,2,12355,68.7,1.25,6.42,54.4,0
49,34,24,2,24.29,64,116,0,41.8,38.6,21.4,59,4235,2,12293,64.8,1.26,6.29,45.7,0
49,35,24,2,24.1,60,100,0,45.8,32.4,21.3,61,3751,2,13066,64.9,1.27,6.45,44.4,1
49,36,24,2,24.27,71,152,40,36.8,33.5,21.2,61,8163,2,12666,64.6,1.29,6.11,43.7,0
49,37,24,2,23.34,72,212,81,28.1,36.4,20.2,64,5347,2,13764,64.4,1.29,7.21,42.2,0
49,38,24,2,23.74,61,128,72,34.6,39.0,21.1,64,3910,2,13630,63.0,1.21,7.0,43.3,0
50,14,30,1,22.77,56,114,82,36.0,35.2,16.4,61,9373,0,8330,65.9,0.93,7.12,48.4,1
50,15,30,1,23.04,78,140,32,47.0,34.5,17.9,66,5156,0,7137,65.2,0.93,7.11,49.2,0
50,16,30,1,22.92,54,113,34,32.6,34.2,16.5,68,8461,0,7361,65.1,0.93,7.1,49.2,0
50,17,30,1,22.97,54,133,98,36.8,34.7,17.4,65,7724,0,7785,64.7,0.89,7.25,49.2,0
50,20,30,1,22.93,82,71,66,47.4,40.8,17.6,62,9991,0,7123,61.9,0.79,7.21,78.3,0
50,21,30,1,23.37,57,96,55,31.3,37.0,17.1,59,9750,1,7360,62.0,0.8,6.73,77.2,0
50,22,30,1,23.68,51,115,0,37.6,39.2,17.5,64,7647,1,5990,62.3,0.84,6.41,77.5,0
50,23,30,1,23.47,38,158,22,30.0,31.5,17.7,66,12320,1,6349,63.0,0.93,6.77,77.5,0
50,24,30,1,23.2,60,167,9,38.3,36.8,17.0,65,6169,1,6775,63.1,0.98,6.9,78.8,0
50,27,30,1,22.82,52,118,63,32.5,37.2,18.5,63,9201,1,6715,66.0,0.98,7.66,74.4,1
50,28,30,1,22.43,65,112,99,36.2,42.0,18.3,62,10215,1,6762,66.7,0.96,7.77,76.5,0
50,29,30,1,23.64,51,81,21,48.4,32.9,15.8,63,9691,1,6746,66.6,0.92,6.29,74.7,0
50,30,30,1,22.89,56,143,0,26.9,33.7,18.1,68,6650,1,7121,66.9,0.98,7.26,73.8,0
50,31,30,1,22.99,70,186,0,15.5,37.5,17.0,63,6329,1,6818,67.0,0.96,6.93,73.2,1
50,32,30,1,23.31,66,149,0,22.9,35.8,18.5,63,6415,1,7089,66.7,0.99,8.08,72.5,0
50,34,30,1,23.57,79,77,52,38.5,37.6,16.7,62,7485,1,7658,83.0,1.08,6.32,62.9,0
50,35,30,1,23.29,60,132,64,29.1,34.5,17.4,62,7324,1,7947,83.4,1.14,7.06,61.5,0
50,36,30,1,23.56,62,123,57,38.4,37.9,17.2,65,6712,1,9003,83.4,1.12,6.63,62.1,1
50,37,30,1,22.33,70,146,0,34.4,30.2,17.2,69,5590,1,8943,83.5,1.1,7.36,62.1,1
50,38,30,1,23.63,59,116,24,23.7,35.2,18.0,67,6626,1,8619,80.4,1.06,6.41,62.5,0
51,14,17,1,24.48,42,73,0,100.0,33.3,22.6,60,5548,1,6687,72.0,0.65,6.84,81.4,1
51,15,17,1,24.55,49,105,0,100.0,29.9,22.8,61,8113,1,8591,71.9,0.64,6.71,80.9,0
51,16,17,1,24.22,47,97,55,80.9,30.7,22.3,66,10532,1,9276,71.5,0.69,7.4,81.3,0
51,17,17,1,23.54,51,86,6,84.2,30.4,22.0,67,6087,1,9540,71.2,0.69,7.89,82.0,1
51,20,17,1,24.87,47,81,39,99.3,33.8,21.8,60,7860,1,9314,66.1,0.63,6.61,71.1,0
51,21,17,1,24.75,41,132,76,99.3,34.1,22.6,63,9332,1,9133,71.9,0.67,6.64,70.2,1
51,22,17,1,23.8,40,133,120,88.2,32.2,22.4,65,7877,1,9237,71.9,0.75,7.74,71.7,0
51,23,17,1,23.68,65,98,0,100.0,27.4,21.7,64,5364,1,9594,72.0,0.74,7.58,71.7,0
51,24,17,1,24.13,67,99,0,85.5,34.6,22.0,63,8715,1,10140,71.7,0.72,7.18,72.4,1
51,26,17,1,23.75,53,41,0,90.3,33.2,21.4,61,9701,1,10393,78.1,0.71,7.86,81.1,1
51,27,17,1,23.3,47,75,112,86.9,31.0,21.9,58,6738,1,10693,77.9,0.71,7.36,81.2,1
51,28,17,1,25.82,47,119,69,80.4,27.9,22.7,59,10324,1,10508,75.9,0.73,5.63,81.2,0
51,29,17,1,23.31,62,149,36,100.0,31.0,22.0,67,7725,1,9254,74.1,0.82,8.16,79.9,0
51,30,17,1,24.0,39,127,60,75.6,29.2,21.8,62,8047,1,8896,73.1,0.71,7.39,80.0,0
51,31,17,1,23.07,43,99,0,96.2,30.3,22.9,64,7227,1,9586,73.0,0.71,7.51,79.2,1
51,33,17,1,23.33,47,124,55,97.5,34.2,22.6,64,10476,1,9017,69.9,0.77,8.0,77.4,0
51,34,17,1,22.89,64,62,0,96.2,29.8,21.6,60,6219,1,9189,72.6,0.73,6.9,76.5,1
51,35,17,1,24.2,73,133,51,100.0,31.3,21.9,62,6670,1,9330,67.9,0.71,7.04,75.4,0
51,36,17,1,23.79,43,143,11,82.3,31.0,22.0,61,12446,1,8876,68.5,0.68,7.67,75.5,0
51,37,17,1,24.88,51,132,18,76.9,29.5,22.2,63,6721,1,8851,68.5,0.69,6.47,75.0,1
51,38,17,1,23.33,25,95,85,88.8,26.2,23.4,61,7340,1,8587,67.9,0.77,8.28,75.0,1
52,14,24,1,23.38,62,261,28,55.9,47.4,21.1,63,6612,1,10945,68.9,1.76,6.42,70.6,1
52,15,24,1,23.43,47,235,0,65.2,47.2,19.8,65,9987,1,11602,68.8,1.72,6.13,71.3,0
52,16,24,1,22.51,39,258,49,61.1,44.5,20.9,62,7051,1,11885,69.5,1.66,7.12,69.6,1
52,17,24,1,22.96,68,193,42,49.2,50.7,20.2,62,10075,1,12460,68.4,1.55,6.8,68.0,0
52,18,24,1,22.78,50,164,0,43.4,43.0,20.7,57,5920,1,13139,68.4,1.56,8.23,66.7,0
52,20,24,1,22.94,80,198,0,43.1,43.9,20.8,57,11762,1,13446,71.3,1.52,6.55,73.2,0
52,21,24,1,23.18,43,186,0,39.4,46.7,20.9,63,9141,1,14051,71.1,1.42,6.41,72.8,1
52,22,24,1,21.97,51,211,0,50.3,47.2,20.4,60,4533,1,13183,70.7,1.41,7.09,72.6,0
52,23,24,1,21.98,20,203,0,47.1,43.5,19.9,58,17402,1,13202,67.2,1.39,7.01,73.5,1
52,24,24,1,22.89,34,229,46,55.6,43.6,20.7,58,6724,1,12595,63.8,1.37,7.17,73.5,1
52,27,24,1,24.77,49,209,0,58.9,54.7,20.5,54,5471,1,12504,63.1,1.4,4.59,59.7,1
52,28,24,1,21.61,49,253,0,53.2,43.7,20.3,64,6698,1,11050,63.1,1.47,7.93,59.7,0
52,29,24,1,23.73,31,179,80,39.2,44.0,19.3,60,8034,1,11058,60.7,1.36,6.25,58.9,1
52,30,24,1,23.38,37,230,120,36.3,46.1,20.9,57,9051,1,11640,60.5,1.36,6.51,58.2,1
52,31,24,1,22.84,75,255,37,47.6,46.7,18.6,61,8422,1,11230,61.1,1.4,6.74,58.8,1
52,32,24,1,23.52,74,234,0,46.1,42.4,20.7,59,8528,1,11390,60.9,1.4,7.56,59.5,1
52,34,24,1,23.21,65,146,0,49.1,41.4,18.4,58,7963,1,11779,60.3,1.38,6.25,70.5,1
52,35,24,1,23.23,91,218,109,53.8,42.6,20.0,60,9964,1,11111,60.5,1.4,6.55,70.9,0
52,36,24,1,22.36,51,211,92,50.4,39.0,19.7,62,8175,1,11107,60.6,1.39,7.64,72.3,0
52,37,24,1,22.53,49,193,0,53.4,45.3,19.4,60,7002,1,12770,63.2,1.35,6.85,71.5,1
52,38,24,1,22.38,67,167,94,56.5,44.1,19.5,62,8571,1,12027,65.4,1.37,7.43,71.5,1
53,14,25,1,22.51,30,147,76,40.7,29.5,20.6,65,7447,1,7249,61.6,0.97,7.04,52.1,0
53,15,25,1,23.08,24,143,0,65.7,36.5,19.7,62,8480,1,7610,61.0,0.89,6.34,52.1,0
53,16,25,1,22.97,51,168,49,57.6,28.0,19.1,60,8752,1,7697,64.0,1.02,6.22,51.5,0
53,17,25,1,23.15,30,156,27,56.5,33.3,18.5,64,6317,1,8078,63.7,1.03,6.16,52.3,0
53,19,25,1,22.67,39,111,0,37.0,31.1,19.6,57,7388,2,7900,61.2,0.92,7.12,49.6,1
53,20,25,1,22.82,35,115,36,66.2,32.1,19.7,61,6876,2,7580,66.1,1.01,6.53,44.6,1
53,21,25,1,24.1,50,90,0,72.7,27.7,20.4,59,7447,2,7590,65.7,0.96,5.34,45.4,0
53,22,25,1,22.12,10,133,21,66.6,31.5,21.3,62,5763,2,8898,67.4,1.1,7.31,45.3,0
53,23,25,1,23.93,65,149,0,53.2,35.7,19.8,63,5124,2,8925,66.6,1.03,5.3,43.7,0
53,24,25,1,23.47,40,154,0,58.2,31.7,20.4,66,6065,2,9731,67.5,1.15,5.77,44.7,0
53,27,25,1,23.18,16,116,8,72.2,27.7,19.9,61,6860,2,10095,63.4,1.05,6.04,38.8,0
53,28,25,1,21.93,37,78,28,65.9,30.1,21.5,63,6769,2,10919,62.9,1.04,7.72,38.0,0
53,29,25,1,23.1,49,88,30,79.7,25.0,20.6,59,8690,2,10833,62.1,0.99,6.18,37.4,0
53,30,25,1,22.83,29,130,119,56.4,35.8,20.5,59,9750,2,10789,62.0,1.01,6.53,38.3,0
53,31,25,1,23.78,33,92,17,32.9,37.7,20.3,62,8992,2,10354,62.1,0.98,5.66,35.6,0
53,34,25,1,22.53,50,93,0,56.2,28.8,22.0,59,5434,2,11442,57.9,0.92,6.9,52.6,1
53,35,25,1,23.15,36,100,0,70.7,34.6,21.1,57,7911,2,11323,57.6,0.89,6.28,51.8,1
53,36,25,1,22.52,58,124,120,49.8,30.1,21.1,60,7959,2,9872,57.2,0.82,6.94,51.2,1
53,37,25,1,23.77,48,161,0,47.2,28.9,21.1,61,5374,2,9383,58.0,0.85,5.6,51.8,0
53,38,25,1,22.82,36,178,62,48.9,28.5,21.9,65,7384,2,8728,58.0,0.83,6.63,54.0,0
54,14,36,1,23.12,33,93,44,20.3,33.6,21.3,57,7704,0,5846,72.4,0.34,7.64,74.5,1
54,15,36,1,23.0,24,2,119,20.1,34.4,21.1,56,9065,0,5396,82.2,0.35,7.92,74.8,1
54,16,36,1,23.31,12,66,120,31.7,37.8,21.1,58,11773,0,5311,82.5,0.32,7.6,74.5,1
54,17,36,1,21.85,17,28,0,17.4,30.6,20.5,56,10827,0,5693,82.1,0.3,8.17,74.2,1
54,20,36,1,23.02,23,37,21,22.0,28.1,21.8,53,6726,0,5946,73.3,0.25,7.15,85.9,1
54,21,36,1,22.28,13,39,20,23.8,29.6,20.5,58,7685,0,6545,73.1,0.28,7.48,85.9,1
54,22,36,1,21.51,32,69,18,40.5,37.9,20.9,58,11783,0,6415,72.5,0.3,8.18,85.9,1
54,23,36,1,22.01,53,39,120,33.1,26.3,20.5,56,10469,0,5925,68.6,0.24,8.02,86.1,1
54,24,36,1,21.96,24,4,70,21.2,33.6,22.6,55,7692,0,6073,68.1,0.2,8.06,86.1,1
54,27,36,1,21.59,22,0,0,14.3,39.1,21.2,56,6391,0,5752,65.5,0.13,7.73,69.9,1
54,28,36,1,22.8,82,34,0,38.9,28.9,21.7,58,5886,0,5741,62.5,0.12,7.22,69.9,0
54,29,36,1,21.85,45,79,80,17.6,24.9,21.2,57,9479,0,6349,62.8,0.15,7.86,69.2,1
54,30,36,1,22.59,40,21,56,39.9,33.8,21.8,59,9546,0,6479,62.2,0.16,8.12,68.6,1
54,31,36,1,24.58,31,58,0,25.3,30.3,21.5,54,6544,0,6420,63.2,0.12,5.8,68.6,0
54,34,36,1,22.43,32,15,0,35.3,34.5,21.1,59,8602,0,5666,57.1,0.29,8.11,79.2,1
54,35,36,1,22.05,55,14,83,16.7,34.6,21.9,58,11050,0,5208,57.1,0.22,8.25,79.2,1
54,36,36,1,22.71,31,34,16,28.9,32.4,21.6,55,6907,0,5220,57.4,0.16,7.44,79.2,1
54,37,36,1,21.55,28,44,58,24.0,34.1,21.1,57,7028,0,6343,59.6,0.22,7.77,79.1,1
54,38,36,1,23.24,26,57,120,28.0,31.8,21.9,56,8790,0,6003,57.3,0.23,7.57,79.1,1
55,14,29,0,22.23,29,54,11,60.8,41.7,19.4,53,10019,1,4200,86.5,-0.18,7.87,79.8,1
55,15,29,0,22.18,13,53,0,55.2,30.7,20.4,58,7014,1,4295,86.2,-0.14,8.59,79.8,1
55,16,29,0,22.33,45,38,0,56.5,36.9,19.3,57,6654,1,4418,86.5,-0.15,7.77,80.3,0
55,17,29,0,22.3,21,34,120,45.0,31.5,19.5,55,10408,1,4655,86.4,-0.16,7.88,80.2,1
55,19,29,0,22.6,35,24,0,37.5,32.0,19.4,59,8843,1,4702,87.1,-0.11,7.75,80.0,1
55,20,29,0,21.56,19,13,0,46.8,39.3,17.9,55,9928,1,5027,87.0,-0.08,8.03,93.1,1
55,21,29,0,22.33,15,62,54,56.7,28.7,19.8,59,7672,1,4942,85.4,-0.07,7.75,93.1,1
55,22,29,0,22.56,19,54,58,47.6,36.3,20.3,58,10580,1,5146,85.3,-0.04,8.03,93.1,1
55,23,29,0,21.49,46,67,17,52.5,38.3,20.7,59,8717,1,5225,85.3,-0.05,7.97,93.5,1
55,24,29,0,22.14,12,23,66,51.0,32.0,20.1,55,11850,1,5959,81.7,-0.06,8.49,93.6,1
55,27,29,0,22.26,32,49,91,48.4,31.1,19.7,56,9610,1,6200,80.8,-0.14,7.69,91.8,1
55,28,29,0,22.0,27,47,73,50.0,30.5,19.0,59,12239,0,6533,80.8,-0.11,8.35,91.8,1
55,29,29,0,21.9,2,49,39,37.2,33.4,19.9,54,8738,0,6557,80.8,-0.14,7.8,91.7,1
55,30,29,0,21.85,26,26,23,46.9,34.3,19.4,56,7786,0,6769,79.9,-0.08,8.36,91.7,1
55,31,29,0,22.85,58,23,120,61.6,32.6,19.8,56,9195,0,6355,79.7,-0.13,8.01,92.3,1
55,34,29,0,22.09,26,33,101,42.8,30.7,19.3,51,8094,0,6595,78.3,-0.19,7.7,70.4,1
55,35,29,0,21.79,37,30,29,54.3,34.0,20.1,55,6275,0,6940,80.0,-0.17,7.85,70.4,0
55,36,29,0,22.1,18,39,0,62.1,34.8,20.8,57,5695,0,7598,78.6,-0.18,8.6,70.3,1
55,37,29,0,22.72,28,54,56,67.1,38.7,21.3,56,11378,0,7855,79.0,-0.22,8.02,70.3,1
55,38,29,0,22.05,36,48,0,48.7,35.6,20.4,57,8674,0,6768,81.3,-0.22,7.48,70.3,1
56,14,37,1,22.16,21,77,0,61.1,40.8,24.1,63,6559,0,8180,70.0,0.47,8.23,76.0,1
56,15,37,1,24.19,31,28,20,39.7,36.3,23.9,60,5735,1,6675,72.2,0.39,6.3,76.7,0
56,16,37,1,22.4,26,95,24,33.3,44.7,23.4,61,7240,1,8415,72.1,0.47,7.84,76.3,0
56,17,37,1,22.51,24,48,42,40.0,38.7,23.9,63,8011,1,9320,70.9,0.4,7.91,76.3,1
56,18,37,1,23.15,14,5,10,17.8,34.2,23.6,59,4819,1,9524,70.2,0.37,7.22,76.2,1
56,20,37,1,23.47,41,65,0,48.7,35.4,24.2,61,6043,1,9685,75.2,0.52,6.85,79.5,1
56,21,37,1,23.81,40,38,51,39.6,39.0,24.6,59,5298,1,9419,77.6,0.56,6.57,79.1,0
56,22,37,1,22.74,28,90,0,33.5,36.1,23.9,64,5588,1,9501,77.6,0.61,7.58,78.2,1
56,23,37,1,23.24,38,52,0,65.2,36.8,24.5,63,3983,1,9364,77.0,0.58,6.87,78.0,0
56,24,37,1,21.78,20,71,0,32.5,45.6,23.1,58,6721,1,8844,77.4,0.62,7.71,77.5,0
56,25,37,1,22.82,54,26,0,27.8,36.5,23.8,60,4282,1,8715,72.0,0.55,7.74,78.2,0
56,27,37,1,23.09,26,52,0,51.3,37.6,23.4,60,4857,1,9164,73.9,0.59,7.29,70.1,0
56,28,37,1,22.74,19,6,67,42.2,38.4,23.6,57,5025,1,8848,73.9,0.57,7.95,70.1,0
56,29,37,1,23.17,29,36,70,43.9,41.0,23.0,59,8376,1,8635,74.8,0.58,7.39,70.1,1
56,30,37,1,23.0,51,29,0,49.1,30.7,22.7,58,7287,1,7451,75.9,0.51,7.46,69.4,1
56,31,37,1,22.83,23,62,0,72.4,39.1,24.2,61,5026,1,6548,76.6,0.53,7.54,70.1,0
56,32,37,1,24.88,44,19,53,29.3,37.2,22.5,61,5399,1,7386,76.9,0.56,7.15,70.1,1
56,33,37,1,23.27,45,0,50,30.0,39.2,24.6,62,5969,1,7385,68.5,0.57,7.73,78.3,0
56,34,37,1,23.37,17,83,81,42.6,37.9,23.0,58,6271,1,7573,71.5,0.58,7.46,92.8,0
56,35,37,1,22.1,30,59,71,49.7,37.9,23.9,61,6682,1,7390,71.3,0.54,8.11,92.8,0
56,36,37,1,23.03,25,60,24,66.3,39.7,23.9,59,5308,1,7417,70.1,0.43,7.44,93.7,1
56,37,37,1,22.45,32,91,0,42.6,36.6,22.8,62,4121,1,7883,70.3,0.44,7.89,93.7,1
56,38,37,1,24.09,31,16,0,48.5,45.7,23.8,59,7002,1,7857,69.9,0.37,6.17,93.7,0
57,14,30,0,21.94,6,139,0,82.2,37.9,21.7,68,4094,1,7295,70.4,0.92,7.72,72.1,0
57,15,30,0,22.89,17,99,18,77.0,37.0,21.7,67,3903,1,8062,70.5,0.89,7.16,72.1,1
57,16,30,0,21.36,7,112,0,67.0,33.8,22.3,69,4341,1,7272,71.6,0.88,7.48,72.6,1
57,17,30,0,21.64,26,152,22,72.2,38.1,22.0,67,5235,1,7924,69.0,0.88,6.88,73.5,0
57,18,30,0,21.76,48,124,53,57.8,35.2,21.3,67,4222,1,8236,66.8,0.91,7.78,74.1,1
57,19,30,0,22.49,74,58,0,70.0,37.8,21.2,68,4481,1,8585,71.1,0.96,7.15,78.6,1
57,20,30,0,21.88,22,149,12,82.5,41.3,22.5,69,3018,1,8728,73.9,0.98,7.87,85.3,1
57,21,30,0,22.97,68,79,0,61.2,27.3,21.7,70,4007,1,8807,74.1,0.93,6.86,85.3,0
57,22,30,0,22.65,43,152,0,65.6,39.7,22.3,67,4160,1,8750,72.9,0.97,7.11,85.3,0
57,23,30,0,22.34,45,125,0,70.3,44.6,22.6,66,4297,1,8890,74.0,1.0,7.15,83.8,0
57,24,30,0,22.08,46,113,0,66.2,42.3,21.6,68,2604,1,9035,74.5,1.02,6.89,82.9,0
57,27,30,0,21.92,27,161,0,85.1,33.0,22.3,69,6248,1,10055,72.0,1.04,7.22,89.2,1
57,28,30,0,22.0,45,156,120,69.0,37.0,23.2,68,8842,1,10253,71.5,1.02,7.91,89.2,0
57,29,30,0,21.89,24,135,24,68.5,35.6,24.1,68,4864,1,9888,71.5,1.01,7.86,89.2,1
57,30,30,0,21.46,36,121,14,76.9,34.4,22.8,63,8546,1,9878,72.4,0.96,7.15,89.6,0
57,31,30,0,22.66,28,136,19,73.0,39.7,22.2,65,3945,1,9439,72.1,0.98,7.26,90.0,1
57,34,30,0,22.7,21,78,75,70.3,37.7,22.9,68,6938,1,8908,73.8,0.92,7.35,89.0,1
57,35,30,0,22.08,47,113,9,80.5,36.0,23.4,71,5305,1,8935,73.9,0.95,7.29,88.3,0
57,36,30,0,22.83,40,122,35,83.5,38.6,23.5,67,3071,1,8944,73.7,0.92,6.67,88.3,1
57,37,30,0,21.51,54,126,0,63.9,34.6,21.8,70,3372,1,9137,73.7,0.95,8.34,88.2,1
57,38,30,0,22.42,40,90,9,66.5,29.9,23.8,67,5468,1,9034,73.3,0.87,7.3,87.0,0
58,14,37,0,20.65,7,165,0,61.6,23.6,24.3,59,9853,1,8377,80.4,0.43,8.03,75.3,0
58,15,37,0,21.07,30,73,30,57.7,30.9,25.1,54,12744,2,8914,77.5,0.33,7.11,73.5,1
58,16,37,0,21.79,11,73,86,62.3,33.9,25.0,56,10584,1,8654,74.5,0.31,6.9,75.3,0
58,17,37,0,22.12,17,108,0,70.7,26.3,25.2,55,8432,1,8886,74.8,0.35,6.08,76.3,0
58,20,37,0,20.99,0,62,110,55.7,25.3,25.2,54,10218,1,9550,71.5,0.43,6.69,81.8,0
58,21,37,0,22.12,4,125,60,63.6,24.8,25.4,56,8624,1,9509,68.0,0.41,6.85,80.6,1
58,22,37,0,21.71,1,94,82,59.1,33.2,25.4,58,8732,1,9477,68.6,0.42,7.12,81.4,0
58,23,37,0,22.34,16,110,0,64.6,24.9,24.8,58,6748,1,9842,68.7,0.35,6.36,81.2,1
58,24,37,0,21.76,34,89,0,72.2,23.1,25.6,54,8156,1,9557,68.8,0.37,6.78,80.6,1
58,27,37,0,22.15,19,75,0,61.4,31.6,25.7,53,7269,1,8947,68.3,0.33,6.33,53.4,1
58,28,37,0,21.92,1,90,0,51.1,26.3,25.4,55,7114,1,8511,68.9,0.28,6.83,54.2,1
58,29,37,0,21.97,22,68,0,64.5,27.4,24.7,55,3759,1,8042,70.5,0.37,6.58,55.0,0
58,30,37,0,21.72,31,107,0,61.1,31.4,25.5,58,11455,1,8246,72.6,0.41,6.84,54.1,0
58,31,37,0,22.17,32,85,54,97.2,32.8,26.6,60,6638,1,7612,72.4,0.41,6.23,56.3,0
58,34,37,0,22.13,15,61,46,66.5,23.5,26.3,54,11094,1,6989,61.8,0.33,6.27,70.9,1
58,35,37,0,22.33,6,98,46,64.6,26.4,27.1,56,7188,1,6607,65.6,0.36,6.01,71.8,0
58,36,37,0,21.46,5,109,98,55.6,34.0,25.7,60,11155,1,8413,65.4,0.42,7.37,72.2,1
58,37,37,0,22.59,16,76,0,69.3,35.9,25.2,58,11954,1,8150,65.1,0.4,5.89,73.2,0
58,38,37,0,21.8,15,180,0,71.2,29.2,26.4,60,8316,1,8360,65.1,0.44,6.52,72.8,0
59,14,20,2,24.01,65,149,33,37.8,40.0,19.7,61,7893,1,8918,73.3,1.45,6.7,53.5,1
59,15,20,2,23.99,47,169,0,31.9,28.6,19.1,61,7695,1,10586,73.4,1.42,6.64,53.5,1
59,16,20,2,24.41,77,150,0,45.3,34.3,19.6,56,6661,1,9870,73.0,1.37,6.12,54.6,0
59,17,20,2,24.3,49,188,66,56.4,25.3,18.9,57,11021,1,10011,73.0,1.4,6.35,55.2,0
59,18,20,2,24.47,72,162,68,12.9,38.1,18.8,62,8324,1,10282,72.8,1.35,7.38,54.5,1
59,20,20,2,24.42,84,84,38,42.7,27.7,20.5,55,8116,1,9159,71.1,1.29,6.18,56.5,1
59,21,20,2,24.39,88,148,18,37.5,35.7,18.8,58,5491,1,8557,71.5,1.31,6.19,56.5,1
59,22,20,2,24.09,78,158,0,36.5,38.5,20.8,57,8576,1,9119,71.5,1.32,6.42,55.8,0
59,23,20,2,24.26,68,178,0,50.5,33.3,20.5,55,6277,1,9614,71.3,1.35,6.22,55.3,0
59,24,20,2,24.55,63,141,0,48.5,35.2,20.8,64,6148,1,10053,73.1,1.43,5.97,55.3,1
59,27,20,2,24.19,82,123,50,54.7,31.2,19.2,57,5431,1,10240,68.6,1.36,6.29,58.0,0
59,28,20,2,24.63,79,160,0,48.6,38.7,20.9,58,6519,1,9462,68.0,1.28,5.81,58.0,1
59,29,20,2,24.05,39,134,18,27.3,35.6,21.9,61,7837,1,8459,68.3,1.34,6.85,59.7,1
59,30,20,2,24.65,83,120,109,48.2,39.9,20.0,58,10938,1,8707,68.7,1.32,5.96,59.7,1
59,31,20,2,23.93,74,198,0,31.1,30.1,20.1,57,7166,1,8794,69.0,1.33,6.51,59.7,0
59,34,20,2,24.1,74,159,0,46.0,37.3,20.4,56,4973,1,8522,69.2,1.37,6.37,61.8,1
59,35,20,2,24.81,72,137,23,36.3,39.1,18.9,59,4709,1,8613,68.7,1.35,5.76,61.8,1
59,36,20,2,24.58,54,155,0,32.9,38.6,20.7,61,6602,1,7671,68.9,1.38,6.09,60.1,0
59,37,20,2,24.24,73,165,117,45.2,36.8,21.0,65,10348,1,7591,69.6,1.41,6.44,59.4,1
59,38,20,2,24.24,75,153,26,43.4,39.3,19.9,57,9439,1,7971,69.8,1.39,6.06,59.8,0
60,14,30,2,24.29,46,74,42,54.6,31.5,20.2,60,8230,2,10388,73.5,0.67,7.41,83.2,0
60,15,30,2,24.33,14,96,0,50.6,29.6,20.5,57,5759,2,10371,75.5,0.63,7.33,82.9,0
60,16,30,2,23.73,23,102,0,59.6,37.8,21.0,60,10623,2,10508,75.5,0.64,7.7,82.3,1
60,17,30,2,24.49,38,112,34,53.4,35.9,21.0,56,6087,2,9932,76.9,0.68,6.76,82.2,0
60,20,30,2,22.7,44,85,0,40.8,29.7,21.3,55,6623,2,9023,78.7,0.66,6.75,89.6,1
60,21,30,2,23.8,46,81,25,47.7,31.2,21.8,59,6017,2,7736,69.2,0.58,7.27,89.6,1
60,22,30,2,25.58,55,96,69,45.1,33.9,21.3,58,7495,1,5789,68.9,0.63,6.03,89.8,0
60,23,30,2,24.06,30,146,26,57.9,37.9,21.1,60,7118,1,5928,67.3,0.72,7.69,90.9,0
60,24,30,2,23.72,48,105,26,58.8,30.0,21.9,59,7719,1,6268,67.2,0.71,7.82,91.5,0
60,27,30,2,23.07,31,95,0,36.9,35.2,21.2,58,7958,1,6233,69.8,0.72,7.38,73.8,1
60,28,30,2,22.77,44,126,79,47.6,27.4,20.3,56,11071,1,6175,66.9,0.69,7.45,73.8,0
60,29,30,2,23.66,23,110,0,28.6,28.8,21.0,57,9110,1,6209,63.4,0.69,7.3,73.8,1
60,30,30,2,23.78,30,126,75,58.4,36.9,22.5,57,9717,1,5822,63.5,0.69,7.58,73.8,1
60,31,30,2,23.92,45,89,86,71.2,40.7,21.0,59,9679,1,6065,63.5,0.7,7.37,74.5,1
60,32,30,2,25.0,51,70,80,37.3,35.4,22.0,56,6936,0,6281,63.7,0.66,7.81,75.2,0
60,33,30,2,25.5,67,75,42,44.2,34.1,22.0,56,8184,0,6268,59.8,0.65,7.51,73.0,1
60,34,30,2,24.37,33,99,82,54.9,43.0,21.4,58,6932,0,6192,56.5,0.68,6.93,76.5,1
60,35,30,2,23.67,42,105,0,40.9,33.3,21.6,56,9012,0,6420,62.9,0.66,6.65,76.5,0
60,36,30,2,24.16,61,106,0,49.9,33.3,22.7,56,7457,1,6857,61.7,0.71,7.32,76.0,1
60,37,30,2,24.82,62,152,0,55.3,33.3,22.5,58,9280,0,7348,63.2,0.61,6.63,76.0,0
60,38,30,2,24.53,43,125,0,52.6,40.6,23.3,58,9390,0,7138,62.9,0.69,6.85,76.0,1
61,14,29,0,22.7,34,116,0,53.6,46.5,23.9,65,3796,1,11626,62.0,0.95,5.9,80.4,0
61,15,29,0,21.72,56,112,25,65.2,43.0,24.4,64,3195,2,12096,62.6,0.95,6.88,79.2,0
61,16,29,0,22.39,58,67,0,85.3,43.4,23.6,64,3658,2,11039,61.7,0.91,6.37,77.6,0
61,17,29,0,22.23,79,90,0,86.0,41.9,23.2,62,2997,2,11092,61.5,0.88,6.52,77.1,0
61,20,29,0,22.31,39,75,0,79.8,47.5,23.7,61,2011,2,11467,67.0,0.83,6.39,66.7,1
61,21,29,0,22.76,54,92,0,58.7,46.6,23.4,65,4027,2,11155,66.9,0.83,6.15,66.7,0
61,22,29,0,23.09,63,119,0,75.5,48.0,23.9,65,3626,2,11024,67.2,0.81,5.4,66.0,1
61,23,29,0,21.89,65,130,0,80.5,46.9,24.2,70,4137,2,11829,68.7,0.93,6.55,66.7,0
61,24,29,0,22.07,55,122,0,71.1,49.0,23.8,66,4740,2,12675,67.2,0.88,6.44,66.0,0
61,25,29,0,22.72,94,137,0,65.6,47.7,23.1,67,3310,2,12975,66.9,0.91,7.03,64.5,0
61,27,29,0,22.37,69,48,0,88.6,46.8,24.3,63,3307,2,13147,78.8,0.94,5.75,46.6,0
61,28,29,0,22.38,55,105,0,77.7,46.2,25.1,68,2625,2,13197,77.9,0.98,5.97,46.0,0
61,29,29,0,22.14,46,99,0,75.0,44.4,24.2,65,5130,2,14137,77.5,0.97,6.34,47.4,0
61,30,29,0,21.57,44,139,21,82.0,45.0,25.1,67,3658,2,15018,78.0,1.01,6.98,47.4,0
61,31,29,0,22.78,44,137,0,72.1,48.7,24.1,69,4399,2,16053,76.5,0.97,5.53,49.0,0
61,32,29,0,23.18,81,79,0,75.9,47.0,23.9,66,5168,1,15521,76.6,1.04,6.49,50.7,0
61,34,29,0,22.73,69,66,21,82.2,45.2,25.5,64,4040,2,16043,67.1,1.06,5.6,59.9,0
61,35,29,0,22.67,54,114,0,75.3,49.2,24.3,67,3571,2,16623,67.1,1.12,5.7,60.8,0
61,36,29,0,22.35,48,127,67,69.9,47.8,25.4,70,7676,2,17576,67.0,1.15,6.4,59.7,1
61,37,29,0,21.97,62,96,0,78.7,42.1,24.2,67,4913,2,16912,66.9,1.08,6.62,60.8,0
61,38,29,0,23.06,43,121,0,71.9,43.8,23.7,70,2680,2,15389,67.2,1.08,5.75,61.1,0
62,14,23,2,24.21,29,128,30,49.5,28.5,19.8,60,9203,1,11948,68.9,1.25,6.47,39.7,0
62,15,23,2,23.66,20,183,16,50.7,35.1,19.9,62,12413,2,12963,68.8,1.26,6.86,38.9,0
62,16,23,2,24.93,40,126,120,48.7,31.2,20.3,59,8254,2,12756,69.3,1.27,5.74,39.8,1
62,17,23,2,24.17,33,138,80,55.5,32.8,20.2,61,7607,2,13567,69.9,1.38,6.59,38.5,0
62,20,23,2,23.31,21,49,53,44.3,32.4,19.1,53,8423,2,14387,68.0,1.29,7.29,49.1,1
62,21,23,2,24.3,30,50,41,44.2,31.6,19.4,55,9990,2,14205,66.4,1.18,6.44,48.4,1
62,22,23,2,23.6,28,109,49,49.1,35.6,20.0,58,11613,2,14216,67.0,1.22,6.91,47.7,1
62,23,23,2,24.05,49,80,0,48.2,30.1,18.4,61,10038,2,14307,67.0,1.23,6.52,48.7,0
62,24,23,2,25.31,36,128,79,57.7,33.9,19.6,64,8042,2,13835,66.6,1.18,5.42,49.7,0
62,27,23,2,23.34,34,43,102,47.4,28.4,19.4,54,9249,1,12838,63.9,1.03,7.43,31.7,1
62,28,23,2,23.8,31,90,0,60.6,33.7,18.3,59,8446,1,13095,63.6,0.99,6.73,33.2,0
62,29,23,2,24.06,31,97,0,72.8,32.2,20.7,60,6581,1,12148,63.0,0.98,6.49,33.2,0
62,30,23,2,23.54,49,150,71,59.2,34.4,18.9,58,7480,1,11646,63.6,1.0,7.07,33.2,0
62,31,23,2,24.27,37,68,37,55.6,25.7,20.1,60,9314,1,11939,62.5,0.91,6.1,32.7,0
62,34,23,2,24.55,50,76,0,52.3,27.6,19.6,53,5419,1,10943,56.6,0.99,5.96,74.7,1
62,35,23,2,24.68,21,135,25,43.9,40.3,19.0,56,11319,1,10835,57.9,1.08,5.93,74.0,1
62,36,23,2,24.32,40,150,119,44.5,34.9,19.6,58,11435,1,11410,58.1,1.12,6.35,76.2,0
62,37,23,2,22.97,45,135,0,52.8,33.0,19.5,61,10296,1,12881,59.1,1.16,7.57,74.0,0
62,38,23,2,24.29,60,98,68,50.8,33.9,18.6,60,7455,1,13635,57.3,1.08,6.31,74.0,0
63,14,22,2,23.54,16,27,0,1.3,42.1,20.0,63,5266,1,9146,60.7,0.7,7.05,55.9,1
63,15,22,2,24.23,17,49,51,23.9,49.3,20.6,65,8416,1,8427,60.2,0.63,6.17,56.7,1
63,16,22,2,23.9,33,76,66,17.7,35.0,21.0,65,5707,1,8401,60.5,0.66,6.77,55.2,0
63,17,22,2,23.4,20,67,0,25.1,36.3,21.1,63,3645,1,6649,60.5,0.63,7.16,55.3,0
63,18,22,2,25.07,27,80,0,27.5,35.5,21.0,66,4593,1,7573,61.3,0.66,6.77,55.9,1
63,20,22,2,23.47,34,61,0,29.4,45.6,20.3,63,5936,1,8211,62.5,0.71,6.87,47.0,1
63,21,22,2,23.93,25,94,0,34.8,37.3,19.7,64,6571,1,7831,61.9,0.59,6.71,45.2,1
63,22,22,2,22.51,28,74,0,15.4,40.9,20.4,64,4836,1,7351,61.9,0.59,8.02,44.5,1
63,23,22,2,24.13,41,68,0,24.2,42.7,20.2,64,5141,1,7327,60.5,0.56,6.21,45.2,1
63,24,22,2,25.71,36,98,0,33.3,42.2,20.6,64,4686,1,8411,60.6,0.6,4.84,45.2,1
63,25,22,2,25.19,49,177,44,15.1,42.5,20.3,69,4888,1,10407,61.1,0.79,6.42,45.6,1
63,27,22,2,24.26,61,43,0,25.6,41.7,20.4,61,4678,1,10735,60.4,0.76,6.07,61.5,1
63,28,22,2,24.38,54,64,85,22.0,37.0,20.9,65,6152,1,10156,60.8,0.84,6.09,62.3,1
63,29,22,2,24.33,38,98,0,25.5,44.3,20.3,66,5805,1,10962,61.5,0.91,5.86,62.3,1
63,30,22,2,23.71,22,126,0,16.2,35.3,20.4,64,5128,1,10856,61.4,0.93,6.71,63.4,0
63,31,22,2,22.52,28,83,63,23.1,34.1,21.3,65,8373,1,11372,60.9,0.94,8.18,64.4,1
63,34,22,2,24.0,48,52,0,32.7,31.8,20.1,62,3130,1,10730,63.9,0.77,6.41,46.8,1
63,35,22,2,23.34,25,92,31,16.3,36.8,20.1,62,4480,1,11239,64.6,0.8,7.26,48.1,1
63,36,22,2,24.2,31,14,0,14.1,34.3,20.4,64,5841,1,11722,63.9,0.76,6.4,49.1,0
63,37,22,2,25.18,48,108,19,10.3,41.5,19.5,66,6519,1,12172,66.7,0.87,5.27,46.7,0
63,38,22,2,24.55,43,142,31,20.4,36.2,19.7,70,6584,1,12081,67.1,0.94,6.01,46.1,0
64,14,37,1,23.32,0,100,120,27.2,61.5,22.2,58,11715,1,7165,74.9,1.19,6.32,78.2,1
64,15,37,1,22.5,39,141,80,18.1,68.5,22.7,60,8791,1,7285,76.0,1.15,6.98,78.8,1
64,16,37,1,22.91,55,145,110,21.5,58.0,22.2,60,7478,1,7334,75.4,1.08,6.72,78.8,1
64,17,37,1,22.49,5,134,62,19.4,57.0,21.8,57,8066,1,7450,75.5,1.09,7.17,78.8,1
64,19,37,1,24.01,29,175,53,29.0,60.5,21.6,60,9301,1,6750,75.3,1.07,6.68,70.0,1
64,20,37,1,23.36,0,182,44,19.6,59.5,23.1,61,10233,1,6089,73.2,1.11,6.13,73.6,1
64,21,37,1,23.41,40,146,0,45.2,65.4,21.7,66,5130,1,5938,73.4,1.12,6.18,73.6,1
64,22,37,1,21.82,16,174,109,40.9,63.4,22.0,62,9329,1,5435,74.0,1.16,7.84,73.0,1
64,23,37,1,23.46,23,154,120,22.9,66.7,22.0,58,10131,0,6496,72.3,1.04,6.48,73.6,1
64,24,37,1,23.21,45,195,91,33.4,65.7,23.0,66,11116,0,6425,72.1,1.03,6.09,74.2,1
64,27,37,1,22.6,4,136,0,33.1,67.1,22.4,60,6103,0,6184,72.6,1.1,6.87,82.5,1
64,28,37,1,23.05,2,115,14,24.8,62.6,22.8,64,8568,0,6262,73.4,1.11,6.52,81.8,1
64,29,37,1,23.65,11,96,120,17.5,70.0,22.6,58,9758,0,6223,73.2,1.1,5.95,82.5,0
64,30,37,1,22.73,11,190,0,28.1,66.5,24.4,65,7129,0,6776,74.2,1.17,6.38,82.8,1
64,31,37,1,22.09,27,154,58,33.1,68.0,22.0,61,15857,0,7139,73.1,1.19,7.3,82.0,0
64,34,37,1,22.15,17,137,0,37.0,66.0,22.7,59,5393,1,8327,74.3,1.12,6.8,84.2,0
64,35,37,1,22.55,16,101,0,21.9,62.8,23.5,58,10105,1,8179,71.7,1.07,6.83,84.6,1
64,36,37,1,22.78,12,107,0,10.8,63.3,22.7,60,6782,1,8178,71.2,1.02,6.76,84.6,1
64,37,37,1,23.09,9,131,22,13.4,63.9,22.7,59,8216,1,7205,72.3,1.1,6.25,82.0,1
64,38,37,1,22.3,5,184,23,26.0,60.5,22.7,59,6751,1,7597,72.6,1.12,7.29,82.8,1
65,14,28,1,22.98,27,62,84,58.1,52.9,20.8,61,18000,0,9448,68.0,0.83,7.54,74.0,0
65,15,28,1,22.81,47,61,0,53.5,43.3,20.2,63,4755,0,9326,68.8,0.83,7.61,74.8,0
65,16,28,1,23.69,37,81,78,56.2,45.9,19.7,64,8150,0,9260,68.6,0.81,6.87,75.8,0
65,17,28,1,23.1,22,87,80,55.9,44.6,19.7,65,6339,1,9140,68.5,0.84,7.46,76.5,1
65,18,28,1,23.9,24,80,120,43.6,39.5,21.1,68,8340,1,7990,68.6,0.83,8.04,75.4,0
65,20,28,1,23.78,28,42,10,45.8,40.7,19.6,61,6658,1,9031,71.9,0.86,6.86,65.0,1
65,21,28,1,23.61,24,68,21,64.1,39.7,19.6,67,14158,1,8101,71.8,0.9,7.03,62.5,0
65,22,28,1,22.34,0,97,48,64.7,45.2,19.7,63,12131,1,7338,72.1,0.95,8.34,61.1,0
65,23,28,1,23.44,12,65,31,60.9,38.5,19.6,71,8870,1,7052,71.6,0.9,7.21,59.6,0
65,24,28,1,23.26,36,61,0,55.8,46.3,20.1,64,13573,2,7324,71.9,0.95,6.97,59.8,0
65,27,28,1,23.68,29,7,44,52.1,44.8,20.1,60,8781,2,6651,68.3,0.9,6.83,79.2,1
65,28,28,1,22.91,9,48,68,51.4,39.7,19.7,63,7247,2,7668,69.4,0.96,7.97,79.2,1
65,29,28,1,23.07,34,47,0,45.2,47.1,20.3,65,5379,1,7235,69.8,0.93,7.24,78.5,0
65,30,28,1,23.41,24,72,79,59.9,47.3,19.7,66,12087,1,7122,70.1,0.95,7.26,78.5,0
65,31,28,1,22.74,21,47,99,51.3,46.3,19.3,64,11647,2,6901,70.0,0.93,7.84,78.7,0
65,34,28,1,23.22,10,0,0,63.3,46.2,19.5,61,10022,1,7043,72.5,0.85,7.53,80.2,1
65,35,28,1,22.15,9,77,22,61.8,38.6,19.2,63,7961,1,7067,72.4,0.8,8.14,80.8,1
65,36,28,1,23.31,25,47,45,53.3,40.9,18.9,63,7796,1,7387,69.9,0.72,7.3,81.7,0
65,37,28,1,21.13,15,57,23,70.3,40.1,19.5,64,11271,1,7314,70.9,0.8,8.67,83.1,1
65,38,28,1,22.11,54,62,68,57.2,37.5,19.3,63,11295,1,7423,63.9,0.69,7.16,83.1,1
66,14,24,2,24.48,55,107,0,44.2,28.4,23.9,54,8071,1,7638,69.6,1.07,6.38,74.6,1
66,15,24,2,23.24,9,156,0,50.7,33.6,23.5,55,9263,1,7616,69.5,1.04,7.64,76.4,0
66,16,24,2,24.49,21,66,11,50.4,32.2,24.9,55,8084,1,8337,68.2,1.02,6.39,76.4,1
66,17,24,2,23.89,36,85,53,31.8,32.5,24.4,58,8813,1,8805,69.0,1.1,6.99,78.4,0
66,19,24,2,24.2,24,71,95,24.4,27.6,24.5,52,12784,1,8912,75.4,1.07,7.42,65.7,1
66,20,24,2,24.32,67,76,0,48.4,27.4,24.3,51,7004,1,8896,77.2,1.09,6.48,59.9,1
66,21,24,2,24.66,42,121,119,36.1,35.0,23.4,54,11691,1,8624,77.2,1.07,6.48,59.1,0
66,22,24,2,24.43,68,125,52,24.2,29.7,24.1,59,10041,1,10244,77.0,1.1,6.28,59.3,0
66,23,24,2,24.3,9,111,0,33.4,25.6,24.1,58,5083,1,11214,77.1,1.14,6.81,59.3,0
66,24,24,2,24.12,64,97,0,39.0,30.2,22.6,54,8621,1,11945,78.3,1.23,6.85,59.2,0
66,27,24,2,23.76,8,54,41,51.0,29.4,23.8,55,7793,1,12305,71.0,1.21,6.96,73.7,0
66,28,24,2,23.75,40,82,51,44.0,37.1,24.7,53,11139,1,12742,70.9,1.19,7.03,72.7,1
66,29,24,2,23.64,39,83,0,35.0,27.6,25.1,52,6034,2,13352,70.1,1.15,7.04,71.3,0
66,30,24,2,23.92,24,97,33,24.4,23.8,23.2,50,8621,2,12535,70.5,1.19,7.13,70.2,1
66,31,24,2,23.28,15,93,0,38.1,25.5,25.4,57,4844,2,12372,70.3,1.14,7.37,70.2,1
66,32,24,2,24.59,42,45,51,30.9,28.2,24.4,55,7995,2,12718,68.8,1.11,7.5,71.5,1
66,33,24,2,24.66,51,35,0,34.3,32.5,24.7,53,6420,2,12692,68.3,1.18,7.19,70.1,0
66,34,24,2,24.21,22,75,15,50.5,30.1,25.7,54,10406,2,13195,67.7,1.2,6.4,77.8,1
66,35,24,2,23.17,35,95,0,48.5,32.1,25.2,55,5983,2,13780,67.5,1.2,7.43,78.5,1
66,36,24,2,23.02,35,116,0,43.3,28.4,24.5,52,4842,1,12000,65.5,1.13,7.28,78.4,1
66,37,24,2,23.78,41,87,30,38.9,32.3,24.3,53,7123,1,11407,63.0,1.06,7.06,80.8,1
66,38,24,2,23.64,9,95,32,28.7,25.1,24.4,55,6871,1,10926,62.7,1.05,7.21,81.6,0
67,14,30,1,22.59,34,69,0,60.6,39.0,24.5,63,5824,1,6104,68.1,0.49,7.6,96.3,0
67,15,30,1,22.78,16,47,47,36.0,40.1,24.7,61,6342,1,6788,71.1,0.48,7.74,94.7,1
67,16,30,1,23.07,47,30,0,58.9,41.1,23.0,63,4427,1,7162,72.0,0.51,7.36,94.3,0
67,17,30,1,22.56,14,83,104,48.1,29.7,24.1,64,7815,1,7663,72.0,0.54,8.15,94.3,0
67,20,30,1,23.54,21,48,49,42.0,29.5,24.2,65,6488,0,8310,72.4,0.49,7.03,84.7,1
67,21,30,1,23.69,12,111,0,41.2,34.2,26.0,63,5687,0,8726,73.0,0.53,6.48,84.7,0
67,22,30,1,22.38,13,70,28,36.7,38.0,24.9,66,5578,0,9071,74.9,0.64,8.16,84.5,0
67,23,30,1,23.61,4,53,21,35.5,36.0,24.6,65,4448,1,9000,74.4,0.56,6.93,83.9,0
67,24,30,1,22.31,13,35,0,54.2,36.9,24.1,62,9654,1,8897,75.0,0.61,8.13,83.9,1
67,27,30,1,23.07,11,57,40,41.3,40.9,25.4,62,8164,1,8338,79.6,0.62,7.22,72.1,0
67,28,30,1,23.75,45,28,0,40.7,41.1,23.6,66,3540,1,8607,80.8,0.61,6.79,72.1,0
67,29,30,1,22.58,42,84,0,59.7,36.7,23.0,68,7370,1,8421,81.7,0.67,8.1,72.5,0
67,30,30,1,22.81,25,49,83,45.4,43.1,23.9,62,9278,1,8888,81.7,0.64,7.7,73.4,0
67,31,30,1,23.0,38,41,0,64.0,40.1,24.3,65,4897,1,8795,81.5,0.62,7.32,72.8,1
67,34,30,1,23.05,23,102,99,51.5,38.7,23.5,61,6968,1,8646,75.0,0.66,7.72,88.2,1
67,35,30,1,22.83,38,20,0,39.6,38.8,24.3,62,5140,1,8873,75.0,0.61,7.55,88.4,0
67,36,30,1,23.27,43,64,0,54.0,40.9,23.0,62,5790,1,8875,74.5,0.54,7.32,91.5,0
67,37,30,1,22.35,10,34,72,34.2,44.2,23.4,63,6845,1,8840,75.5,0.6,8.31,90.9,1
67,38,30,1,22.39,51,60,0,26.0,40.1,23.5,65,7005,1,8794,74.7,0.5,8.07,90.9,1
68,14,17,2,24.35,14,254,46,46.9,32.7,23.5,65,7980,2,18547,58.5,1.73,5.52,32.0,0
68,15,17,2,24.36,42,254,19,29.9,37.9,23.4,64,5338,3,19828,59.2,1.78,5.37,30.8,0
68,16,17,2,24.28,35,304,21,45.2,33.9,23.3,65,7753,3,19380,59.1,1.77,5.53,29.7,0
68,17,17,2,24.57,30,274,25,47.8,33.4,23.3,70,7427,3,19799,59.8,1.77,5.19,29.7,0
68,19,17,2,25.0,66,151,0,50.3,40.6,24.1,62,5062,3,19319,56.2,1.71,5.73,33.9,0
68,20,17,2,23.88,56,235,10,43.6,37.1,22.7,60,8141,3,19213,56.4,1.92,5.8,20.8,0
68,21,17,2,24.8,20,259,71,34.1,32.5,23.7,66,8565,3,19534,57.3,1.92,5.23,17.6,0
68,22,17,2,23.87,37,298,0,46.0,40.6,23.6,71,8729,3,20571,59.0,2.02,5.64,17.6,0
68,23,17,2,23.96,37,243,0,40.8,41.7,23.3,66,3620,3,21580,58.4,2.02,5.71,19.5,0
68,24,17,2,23.86,4,306,0,30.4,35.8,23.7,69,5283,3,21118,58.2,1.95,6.14,20.9,0
68,27,17,2,22.75,32,116,32,42.6,38.4,23.9,59,5119,2,19086,49.9,1.71,6.97,22.5,1
68,28,17,2,25.19,67,216,82,55.7,40.7,21.7,61,6331,2,17903,47.7,1.64,4.76,23.5,0
68,29,17,2,24.72,14,221,0,52.4,38.0,24.5,65,5756,2,16638,48.1,1.7,4.85,24.6,0
68,30,17,2,25.0,65,223,4,67.3,32.6,23.8,68,3578,2,17425,48.2,1.73,4.7,21.7,0
68,31,17,2,24.33,59,246,0,50.1,41.3,24.1,70,3376,2,17425,48.6,1.79,5.11,20.9,0
68,33,17,2,24.81,52,194,0,37.8,36.7,23.1,61,11355,2,17860,44.1,1.82,6.16,43.3,0
68,34,17,2,24.16,30,217,120,48.5,39.0,23.2,62,8386,3,18269,44.0,1.79,5.68,44.5,0
68,35,17,2,24.32,26,265,0,43.6,41.2,22.8,65,5164,2,18269,44.6,1.8,5.61,46.9,1
68,36,17,2,24.29,34,253,0,41.4,33.3,23.1,66,6371,2,18545,44.3,1.77,5.27,45.3,0
68,37,17,2,24.49,23,259,70,50.1,32.6,23.1,69,8089,2,18115,44.9,1.8,5.52,47.8,0
68,38,17,2,23.04,38,271,92,40.3,37.2,22.2,66,7440,2,17241,45.7,1.81,7.04,48.6,0
69,14,20,1,23.02,35,147,0,23.2,29.6,26.7,68,3039,2,13449,54.4,1.23,5.56,29.3,0
69,15,20,1,23.06,25,211,0,24.9,31.6,24.2,68,3629,2,13495,53.9,1.22,5.83,27.9,0
69,16,20,1,22.58,40,221,30,0.0,36.5,24.7,68,4801,2,14173,54.8,1.26,6.2,29.1,0
69,17,20,1,22.96,22,205,0,17.6,31.8,25.9,70,4491,2,13809,54.2,1.23,5.68,30.1,0
69,20,20,1,22.87,29,94,50,11.9,31.5,26.3,62,7819,2,13464,53.7,1.21,6.04,35.2,0
69,21,20,1,23.02,51,127,0,0.3,41.9,24.8,66,4852,2,13273,53.6,1.21,5.67,35.2,0
69,22,20,1,23.09,42,161,0,9.5,31.9,25.1,68,3702,2,14024,53.6,1.25,5.6,36.9,0
69,23,20,1,22.92,16,209,69,7.7,37.8,24.5,73,7025,2,15047,53.5,1.3,6.18,34.5,0
69,24,20,1,23.27,45,215,34,20.2,31.4,25.6,71,5551,2,15970,54.1,1.32,5.38,33.9,0
69,27,20,1,22.62,16,72,0,3.7,35.8,24.4,64,4170,2,15331,53.0,1.29,6.4,26.3,0
69,28,20,1,23.03,20,174,0,0.0,25.3,25.0,67,6735,2,15882,53.5,1.27,5.77,26.3,0
69,29,20,1,22.76,40,164,57,17.6,39.3,26.3,67,4382,2,15644,53.8,1.26,5.89,26.3,0
69,30,20,1,23.07,41,137,0,16.8,34.9,25.4,72,5574,2,15641,53.1,1.25,5.63,29.0,0
69,31,20,1,22.75,0,227,0,0.0,31.8,25.2,71,3894,2,15832,53.6,1.29,6.11,27.1,0
69,34,20,1,22.76,29,76,49,0.0,37.3,25.8,64,5241,2,15762,52.1,1.26,6.11,29.7,1
69,35,20,1,22.59,4,96,32,3.2,27.5,25.5,68,4586,2,16679,51.9,1.25,6.43,29.7,0
69,36,20,1,23.51,49,171,57,34.6,33.0,24.2,65,4886,2,14987,51.8,1.2,5.45,29.0,0
69,37,20,1,23.35,39,189,0,12.9,37.2,25.5,70,4970,2,14055,52.3,1.21,5.39,27.3,0
69,38,20,1,23.25,24,206,0,33.0,25.9,25.0,74,5439,2,14055,52.3,1.27,5.49,27.9,0
70,14,22,2,24.15,67,114,0,74.2,39.6,23.8,70,5983,3,19851,55.7,1.75,6.27,33.1,1
70,15,22,2,24.19,67,167,13,38.7,35.7,23.1,70,5381,3,21225,55.9,1.78,6.51,35.3,0
70,16,22,2,23.68,62,147,80,52.3,36.8,24.0,70,6341,3,22050,57.0,1.81,7.05,34.7,0
70,17,22,2,24.7,65,141,17,46.9,36.3,24.5,70,8220,2,23037,57.3,1.76,5.55,31.6,0
70,20,22,2,25.01,86,55,0,52.9,38.7,24.4,62,4803,2,21609,51.4,1.69,5.5,31.6,0
70,21,22,2,24.02,73,124,0,61.2,42.2,24.7,72,4650,2,21905,52.7,1.78,6.22,31.6,0
70,22,22,2,24.01,37,156,0,42.9,39.6,24.7,70,6906,3,21468,51.6,1.76,6.43,31.6,0
70,23,22,2,24.15,56,128,0,52.4,46.1,23.0,71,5257,3,20714,51.2,1.72,6.5,31.1,0
70,24,22,2,24.81,43,163,31,54.3,42.0,23.7,70,7053,3,20714,51.7,1.72,5.69,32.6,0
70,27,22,2,24.07,79,36,46,38.4,40.3,23.2,67,8375,2,19742,51.0,1.61,6.51,39.4,0
70,28,22,2,24.82,83,130,36,61.2,44.7,23.3,68,4565,2,18540,51.3,1.6,5.84,40.0,1
70,29,22,2,24.42,61,145,0,44.8,42.7,23.2,72,4695,2,18400,52.1,1.63,5.98,40.3,0
70,30,22,2,24.3,86,127,42,41.0,40.0,21.8,71,7156,2,18680,52.0,1.67,6.43,41.4,0
70,31,22,2,24.26,81,148,0,60.7,46.0,22.1,73,4427,2,18515,52.7,1.71,6.19,43.3,0
70,33,22,2,25.08,81,60,19,38.0,41.9,22.8,67,4707,2,18834,53.2,1.65,6.69,82.4,1
70,34,22,2,24.59,89,139,70,64.0,45.1,23.8,68,6464,2,19719,56.7,1.75,5.98,56.5,0
70,35,22,2,24.09,69,145,0,44.2,42.8,23.0,66,6010,2,19990,56.5,1.72,6.43,56.5,0
70,36,22,2,24.11,54,127,51,44.1,40.5,22.2,74,4880,2,19051,57.0,1.7,6.78,54.2,0
70,37,22,2,23.91,49,164,0,53.3,39.4,22.2,72,4085,2,19267,57.6,1.68,6.78,52.7,0
70,38,22,2,24.49,54,124,0,28.5,32.4,22.7,71,6403,2,18299,57.4,1.66,6.33,52.1,0
71,14,25,1,24.17,57,136,0,41.1,24.9,22.8,68,6178,2,14495,70.0,1.4,5.52,42.4,0
71,15,25,1,22.99,42,113,0,39.4,32.5,22.1,65,5392,2,14580,70.0,1.42,7.02,40.5,1
71,16,25,1,24.86,65,119,0,52.1,32.8,22.8,60,7198,2,14521,69.4,1.37,4.88,41.9,0
71,17,25,1,23.04,18,114,0,27.2,29.8,22.2,66,5479,2,14521,70.5,1.51,6.94,40.4,1
71,20,25,1,24.64,52,0,68,37.0,28.6,22.5,59,10552,2,14387,64.8,1.49,5.45,41.2,0
71,21,25,1,23.83,30,74,0,28.7,33.4,22.0,64,5255,2,14245,64.8,1.52,6.36,40.5,0
71,22,25,1,23.4,46,87,0,40.4,29.5,21.6,66,11261,2,14668,65.7,1.54,6.5,39.8,0
71,23,25,1,22.7,16,160,0,42.1,29.7,23.1,67,9823,2,14706,66.0,1.58,7.11,39.3,0
71,24,25,1,23.43,45,66,63,46.8,35.2,21.3,63,5624,2,13699,64.3,1.5,6.53,39.8,1
71,27,25,1,23.3,87,70,0,41.6,22.2,22.4,62,6104,2,10740,57.8,1.4,6.5,78.8,1
71,28,25,1,22.65,43,67,71,48.9,32.5,22.3,61,5371,1,9342,56.7,1.33,7.48,78.8,1
71,29,25,1,23.45,61,64,30,47.1,36.7,21.3,63,6381,1,8808,55.4,1.19,6.34,78.8,0
71,30,25,1,22.65,46,72,0,34.4,27.2,21.4,66,12145,1,9120,55.8,1.24,7.25,79.1,0
71,31,25,1,21.98,49,81,0,43.5,31.8,22.9,66,4806,1,7546,54.1,1.07,7.46,78.8,1
71,34,25,1,22.76,77,17,0,36.1,29.3,21.2,62,5163,1,7881,61.6,1.12,7.15,56.2,1
71,35,25,1,23.25,46,34,0,33.1,34.1,21.0,61,8133,1,7458,61.6,1.0,6.84,57.4,1
71,36,25,1,22.19,38,43,120,45.5,30.2,20.7,63,7783,1,6974,61.6,0.96,8.16,59.3,0
71,37,25,1,22.41,57,44,31,47.3,41.0,21.0,62,6517,1,6688,61.0,0.84,7.69,60.1,0
71,38,25,1,23.92,36,62,39,35.3,32.5,21.2,58,7138,1,6718,61.0,0.8,6.16,60.9,1
72,14,48,0,21.43,0,4,10,0.0,31.8,22.4,56,10273,0,3628,63.0,-0.57,8.7,69.3,1
72,15,48,0,22.22,0,42,63,9.5,34.1,21.8,53,5912,0,3653,65.1,-0.65,8.37,68.4,1
72,16,48,0,20.72,0,0,34,12.9,30.0,21.0,54,9230,0,3654,64.8,-0.7,8.7,68.4,1
72,17,48,0,20.9,0,0,0,13.3,35.1,21.7,56,13419,0,3757,63.1,-0.7,8.62,68.4,1
72,20,48,0,21.24,0,25,0,18.3,34.2,21.8,58,7178,0,4190,71.3,-0.74,8.4,58.5,1
72,21,48,0,22.69,0,33,0,4.7,28.2,21.8,56,8066,0,4547,72.4,-0.75,7.82,59.2,1
72,22,48,0,20.83,6,0,0,21.9,29.3,21.1,54,10776,0,4607,72.4,-0.67,7.6,60.7,1
72,23,48,0,21.54,9,12,60,22.1,28.3,20.5,56,7947,0,4698,68.8,-0.57,8.51,60.7,1
72,24,48,0,21.57,0,0,120,15.9,34.2,21.7,56,11660,0,4668,69.3,-0.55,8.64,60.7,1
72,27,48,0,21.21,0,23,45,11.5,34.8,20.6,54,8187,0,5007,73.1,-0.6,8.14,73.8,1
72,28,48,0,22.3,3,0,0,10.9,33.0,21.6,55,9131,0,5203,72.3,-0.59,8.38,73.1,1
72,29,48,0,21.25,0,5,120,24.8,37.8,21.9,57,11976,0,5645,70.8,-0.57,9.13,73.1,1
72,30,48,0,21.63,0,0,36,14.9,28.7,22.0,55,15116,0,5446,72.0,-0.62,8.95,73.1,0
72,31,48,0,21.01,0,23,0,6.2,32.5,21.6,55,7880,0,5412,73.4,-0.64,8.51,72.5,1
72,34,48,0,21.4,15,33,0,14.7,27.3,21.1,56,8146,0,4922,71.0,-0.63,7.61,67.2,1
72,35,48,0,21.77,0,0,0,11.6,35.3,21.7,54,8409,0,4539,70.2,-0.57,8.57,67.9,1
72,36,48,0,21.35,15,15,54,0.9,36.6,20.6,55,10733,0,4811,71.8,-0.62,8.27,67.9,1
72,37,48,0,21.41,8,49,0,3.4,31.1,20.5,55,6877,0,4895,76.6,-0.67,8.4,67.2,1
72,38,48,0,21.62,0,9,120,9.7,40.3,21.4,55,11158,0,4991,76.3,-0.67,7.85,67.2,1
73,14,33,0,22.24,21,115,21,37.1,40.4,26.7,60,5428,0,5307,57.6,0.54,6.81,58.7,1
73,15,33,0,22.06,8,129,33,33.6,30.1,26.8,60,6738,0,5336,57.7,0.5,6.8,59.1,0
73,16,33,0,21.76,37,102,8,35.3,30.5,25.4,60,4548,0,6507,63.2,0.48,7.65,59.3,1
73,17,33,0,22.44,16,107,15,30.0,33.0,26.4,61,11389,0,6280,66.4,0.46,7.18,59.3,1
73,19,33,0,22.19,45,76,0,19.6,35.6,25.8,62,4789,0,5573,66.4,0.5,7.45,70.8,1
73,20,33,0,21.06,0,121,57,33.6,32.9,25.4,60,5907,0,5140,68.0,0.5,7.63,37.3,1
73,21,33,0,22.01,18,118,0,32.7,30.9,26.0,57,5011,0,5069,65.8,0.47,6.7,37.5,0
73,22,33,0,21.83,0,70,0,31.8,30.0,26.0,61,4975,0,5248,69.3,0.48,6.85,37.3,1
73,23,33,0,20.55,25,129,44,27.9,38.3,27.2,60,6866,0,5696,73.5,0.49,7.38,37.1,1
73,24,33,0,22.21,44,108,0,40.9,35.9,26.4,63,5440,0,5550,67.4,0.47,6.89,37.1,0
73,25,33,0,21.88,40,83,52,34.2,29.3,26.7,61,8464,1,5957,68.4,0.5,7.15,37.4,0
73,27,33,0,22.13,22,138,0,32.0,32.9,27.0,59,4995,1,6103,73.5,0.5,6.88,73.0,1
73,28,33,0,20.99,39,84,0,32.9,28.3,26.5,59,3915,1,6173,73.6,0.52,6.67,72.4,1
73,29,33,0,22.69,0,145,0,33.5,29.5,27.1,64,4458,1,6745,70.2,0.53,7.45,72.4,1
73,30,33,0,22.37,19,107,42,23.7,37.7,26.6,62,5294,1,5451,67.1,0.48,6.31,73.0,1
73,31,33,0,21.92,2,82,54,38.8,38.9,26.1,62,7324,1,6150,67.1,0.58,7.36,71.5,0
73,34,33,0,20.98,13,116,112,20.5,35.9,27.1,62,9716,1,7203,62.4,0.59,6.48,44.3,1
73,35,33,0,22.61,17,143,0,36.0,35.8,27.2,64,6085,1,7097,59.7,0.67,7.08,44.3,0
73,36,33,0,21.44,37,127,0,42.4,25.0,27.1,61,3756,1,7537,58.6,0.64,7.5,44.9,0
73,37,33,0,22.49,19,165,81,25.1,36.1,28.3,59,9034,1,7047,58.6,0.59,6.35,43.6,1
73,38,33,0,21.44,20,173,0,27.0,34.7,27.6,64,4520,1,7135,62.1,0.67,6.9,44.9,1
74,14,16,2,23.96,42,70,0,35.2,33.7,17.5,63,3862,0,6390,70.3,0.75,8.06,84.1,1
74,15,16,2,24.76,73,35,120,23.5,34.0,18.4,55,9789,0,6883,71.1,0.65,7.05,84.1,1
74,16,16,2,23.04,41,99,54,34.0,29.3,17.3,60,9973,0,6525,73.8,0.59,7.32,84.0,1
74,17,16,2,24.64,33,47,0,24.4,33.9,16.8,61,7495,0,6552,69.3,0.66,7.22,84.3,1
74,20,16,2,23.95,28,56,39,28.0,26.5,18.0,59,9358,0,6033,67.7,0.67,8.27,78.2,0
74,21,16,2,23.6,16,36,55,8.0,24.2,17.3,55,11467,0,5536,68.4,0.61,7.54,78.4,1
74,22,16,2,23.39,27,35,56,12.3,32.0,16.7,56,9668,0,5626,67.1,0.63,7.75,78.6,1
74,23,16,2,23.66,44,37,33,10.6,30.5,16.9,57,8100,0,5443,66.0,0.6,7.04,78.6,1
74,24,16,2,22.62,33,40,0,22.4,30.3,17.0,59,8369,0,4920,64.3,0.64,6.86,78.9,1
74,26,16,2,23.94,25,29,12,0.0,30.9,16.3,59,7714,0,4898,62.9,0.72,8.14,76.6,1
74,27,16,2,24.14,49,44,0,31.1,29.0,16.5,56,5032,0,4959,62.7,0.67,6.63,88.2,1
74,28,16,2,23.67,59,84,119,24.4,33.3,17.3,60,9059,0,5234,62.5,0.68,7.22,88.4,1
74,29,16,2,24.0,21,72,46,12.4,35.6,17.9,61,7076,0,4753,62.3,0.74,8.24,88.4,0
74,30,16,2,23.81,28,78,0,24.6,31.2,16.8,59,5473,0,4862,62.7,0.66,7.3,88.4,1
74,31,16,2,22.64,22,57,62,17.5,36.9,17.2,56,7448,0,4685,65.0,0.66,8.04,88.6,1
74,34,16,2,24.55,39,38,53,24.1,37.9,15.9,60,7599,0,4646,65.1,0.62,7.27,77.2,1
74,35,16,2,23.25,20,97,17,22.0,25.6,17.4,58,15651,0,4309,64.8,0.7,7.97,76.5,1
74,36,16,2,23.01,42,24,91,21.9,31.0,17.2,58,10485,0,4536,64.6,0.66,7.55,76.5,1
74,37,16,2,24.67,40,70,59,23.1,35.8,16.8,57,9318,0,4679,63.3,0.68,7.61,76.5,1
74,38,16,2,24.27,42,36,120,26.4,37.4,16.3,60,11010,0,4611,61.9,0.64,7.51,75.9,1
75,14,24,2,24.07,83,158,53,40.6,37.3,18.5,57,8016,2,16885,45.3,1.57,5.88,14.1,0
75,15,24,2,24.31,77,166,53,36.3,39.5,19.0,58,9968,2,17733,44.8,1.53,5.6,11.5,0
75,16,24,2,24.21,85,197,0,46.9,37.3,18.6,57,6459,2,17733,45.5,1.5,5.4,11.9,0
75,17,24,2,23.92,78,156,36,46.7,42.3,19.1,59,9166,2,16938,44.9,1.48,5.81,13.2,0
75,20,24,2,24.56,120,60,63,57.0,36.9,19.5,54,9785,2,15646,40.8,1.44,5.33,26.7,0
75,21,24,2,24.42,85,119,51,27.1,42.2,18.4,56,9679,2,17155,41.0,1.47,5.38,26.7,0
75,22,24,2,24.96,94,192,50,50.6,44.3,18.7,59,12945,2,17083,41.1,1.51,4.88,30.2,0
75,23,24,2,24.36,82,161,120,43.4,43.2,19.1,59,11305,2,17083,42.0,1.55,5.62,30.2,0
75,24,24,2,24.79,66,136,56,50.7,39.0,18.1,59,11063,2,17379,42.6,1.54,5.1,29.3,0
75,27,24,2,24.19,84,59,35,52.9,34.9,19.2,54,5846,2,18521,46.3,1.66,5.81,16.3,0
75,28,24,2,24.33,95,91,31,61.9,42.0,19.3,54,10354,2,18149,45.9,1.61,5.37,16.4,0
75,29,24,2,24.55,92,165,0,62.2,31.1,19.2,60,6782,2,17358,45.9,1.65,5.11,14.6,0
75,30,24,2,24.73,84,155,45,63.7,37.3,19.4,60,9248,2,17294,45.9,1.68,5.24,14.6,0
75,31,24,2,24.47,121,158,0,44.4,44.6,20.4,57,4024,2,18089,46.8,1.7,5.23,13.5,0
75,34,24,2,24.27,81,94,34,50.0,41.5,19.5,48,18000,2,19255,48.5,1.75,5.48,21.0,1
75,35,24,2,24.68,99,130,0,59.2,36.7,19.2,58,8017,2,19479,48.0,1.73,5.1,21.8,0
75,36,24,2,24.18,83,163,0,50.2,35.0,19.3,63,10939,2,19822,48.3,1.75,5.74,21.0,0
75,37,24,2,24.59,95,146,0,36.5,32.7,19.7,57,6040,2,19822,47.6,1.69,5.36,19.2,0
75,38,24,2,24.41,88,120,0,61.3,37.1,20.5,63,4856,2,19802,47.8,1.71,5.48,19.2,0
76,14,24,1,22.38,35,76,0,38.9,31.5,22.9,67,5886,1,5704,66.8,0.56,7.12,95.9,1
76,15,24,1,23.04,32,115,32,41.5,30.8,23.4,69,7477,0,5219,68.0,0.46,7.6,95.9,1
76,16,24,1,23.31,21,126,120,30.3,42.4,23.4,64,6343,0,5310,68.0,0.41,7.62,95.9,1
76,17,24,1,22.85,21,84,39,38.9,38.9,24.1,65,3629,0,4943,67.8,0.34,7.35,93.4,1
76,20,24,1,22.64,8,127,0,29.1,33.7,23.6,65,4745,0,4787,70.3,0.35,6.74,79.4,1
76,21,24,1,23.06,46,88,0,41.6,36.2,22.9,67,3387,0,4589,69.0,0.39,7.37,79.4,1
76,22,24,1,23.2,21,77,0,31.3,36.2,22.6,64,6625,0,4356,70.7,0.38,6.89,79.4,1
76,23,24,1,22.54,42,84,18,28.8,33.6,23.7,64,4397,0,4380,71.0,0.35,7.17,79.8,1
76,24,24,1,22.68,24,99,0,49.2,32.1,22.1,66,3978,0,4395,70.6,0.36,6.57,79.4,0
76,25,24,1,22.94,53,103,43,42.1,37.0,22.3,66,4947,0,5167,68.9,0.42,8.58,79.1,0
76,27,24,1,23.04,26,76,45,46.8,36.9,22.3,64,4532,0,5959,72.4,0.32,7.23,77.6,1
76,28,24,1,23.27,20,53,119,22.6,33.8,22.5,66,8582,0,5916,72.7,0.3,7.63,77.5,1
76,29,24,1,22.4,33,76,0,28.8,37.6,23.5,66,5056,0,5894,74.6,0.26,6.46,77.3,1
76,30,24,1,23.31,11,135,0,26.4,38.7,22.3,63,6229,0,5421,70.5,0.35,7.12,77.3,1
76,31,24,1,22.95,51,154,27,32.8,36.9,23.8,62,5888,0,5796,70.9,0.38,6.92,77.3,1
76,34,24,1,22.32,11,76,57,33.4,29.1,22.1,62,5664,0,5816,69.0,0.44,7.62,90.1,1
76,35,24,1,23.41,34,103,18,28.8,33.0,22.4,65,4024,0,5804,69.4,0.38,7.56,90.1,0
76,36,24,1,23.12,48,98,114,39.4,29.5,22.3,62,7589,0,5551,68.8,0.37,7.39,90.0,1
76,37,24,1,22.37,19,70,0,38.4,34.6,21.5,64,4287,0,5593,68.8,0.33,6.6,90.2,1
76,38,24,1,22.29,27,101,21,49.8,31.5,21.7,67,6500,0,6475,66.7,0.37,7.14,90.2,1
77,14,35,1,23.83,58,38,22,14.0,37.6,25.6,57,9256,1,5004,68.4,0.49,6.74,77.3,0
77,15,35,1,23.69,54,69,0,42.9,31.3,25.5,61,5630,1,5599,76.2,0.51,6.84,78.3,1
77,16,35,1,22.91,66,78,34,26.3,31.5,24.4,63,12517,1,6062,76.3,0.58,8.04,78.3,0
77,17,35,1,22.73,51,20,0,34.9,32.0,23.9,59,8404,1,6233,76.5,0.54,7.81,79.0,1
77,20,35,1,22.3,44,17,0,16.5,31.4,23.6,59,7696,1,6045,79.6,0.56,8.38,85.4,1
77,21,35,1,22.72,50,1,0,22.7,28.2,24.5,58,6593,1,6115,80.6,0.55,7.7,85.4,0
77,22,35,1,21.9,14,50,0,19.6,26.2,23.8,60,5727,1,6352,81.0,0.56,7.62,84.2,1
77,23,35,1,22.24,38,0,0,19.6,32.1,24.2,60,2871,1,7372,78.2,0.53,7.57,84.2,0
77,24,35,1,23.43,29,0,0,7.4,34.8,24.7,60,8079,0,6882,77.0,0.53,7.33,83.7,0
77,27,35,1,22.25,32,24,0,4.4,38.1,25.0,58,6456,0,6901,80.5,0.51,7.99,77.8,1
77,28,35,1,23.43,17,37,105,21.5,31.3,26.5,58,7507,0,6850,79.9,0.5,7.34,77.8,1
77,29,35,1,22.32,45,18,120,23.0,35.8,24.7,64,10096,0,6922,80.4,0.45,8.43,76.7,1
77,30,35,1,22.53,14,20,55,33.8,36.4,24.5,59,6476,0,6356,81.9,0.34,7.91,76.7,1
77,31,35,1,22.94,37,2,0,19.4,38.0,23.7,60,4366,0,6144,82.7,0.35,7.73,76.7,1
77,33,35,1,23.27,35,51,0,23.0,27.4,25.0,59,5695,0,6062,74.9,0.3,7.96,77.8,1
77,34,35,1,23.05,47,34,0,16.8,25.7,23.6,58,3980,0,5768,73.6,0.26,7.29,85.3,0
77,35,35,1,23.18,7,30,79,30.3,31.6,23.6,59,6464,0,6112,73.7,0.34,8.12,85.3,1
77,36,35,1,22.15,38,22,31,34.5,38.7,23.5,61,7575,0,5557,72.8,0.31,8.3,85.3,1
77,37,35,1,22.48,37,48,0,34.0,32.8,23.1,58,6868,0,4623,75.9,0.26,7.95,85.3,1
77,38,35,1,22.47,55,24,8,27.3,37.5,23.9,58,9672,0,4703,77.7,0.23,7.97,85.3,1
78,14,31,0,22.1,17,4,2,65.7,48.0,22.7,58,6913,1,7237,82.6,0.24,7.46,74.7,1
78,15,31,0,21.9,10,76,87,67.0,43.9,22.9,56,6826,1,7362,82.5,0.23,7.53,75.9,1
78,16,31,0,21.69,0,108,0,75.6,44.8,21.7,61,9155,0,7281,82.4,0.24,7.57,75.1,1
78,17,31,0,21.98,20,47,0,67.1,50.7,22.4,54,6645,1,7600,81.6,0.27,7.7,74.4,1
78,18,31,0,22.61,41,85,0,80.8,46.6,22.2,59,8841,0,7468,81.6,0.29,7.6,74.4,1
78,19,31,0,22.03,0,48,0,59.2,42.7,21.5,59,5912,0,7766,81.6,0.29,8.07,73.1,0
78,20,31,0,22.45,42,33,40,81.3,38.3,21.8,57,5861,0,8350,83.3,0.29,6.8,71.0,0
78,21,31,0,21.94,31,104,0,82.6,47.2,21.8,61,6566,0,8324,83.8,0.33,7.49,71.0,0
78,22,31,0,21.97,0,68,13,62.1,47.3,21.7,60,5715,1,8440,84.7,0.33,8.38,71.1,0
78,23,31,0,22.47,0,40,13,72.3,43.4,23.1,59,6184,0,8629,84.4,0.25,7.71,71.1,1
78,24,31,0,21.79,16,0,120,66.9,49.6,21.9,60,7942,0,7454,83.8,0.24,8.07,71.1,1
78,26,31,0,22.59,35,34,120,65.0,43.2,22.2,58,10796,0,7332,85.6,0.27,8.13,71.2,1
78,27,31,0,22.22,25,69,5,82.7,47.2,21.7,55,7759,0,7097,83.6,0.22,7.45,84.7,0
78,28,31,0,21.81,28,54,63,89.4,44.7,21.4,58,6528,0,7190,83.8,0.27,7.6,84.7,1
78,29,31,0,22.16,5,66,103,90.2,45.7,22.5,59,12902,0,7051,83.1,0.26,7.87,84.7,1
78,30,31,0,21.98,11,39,0,65.0,35.2,22.5,61,5575,0,7057,83.7,0.23,8.06,84.0,1
78,31,31,0,22.57,17,37,58,64.1,44.2,22.1,57,9639,0,6724,85.6,0.2,7.71,84.0,0
78,34,31,0,22.32,33,37,120,81.5,42.1,20.9,58,6689,0,6938,85.2,0.21,7.69,72.4,1
78,35,31,0,22.23,6,18,0,80.8,40.4,21.4,60,5394,0,6711,85.6,0.15,7.03,72.9,0
78,36,31,0,22.06,16,72,25,79.6,45.5,20.6,61,8046,0,6089,85.9,0.18,8.35,71.6,0
78,37,31,0,22.27,7,52,38,71.0,38.6,21.7,58,8104,0,5896,85.8,0.18,7.67,71.6,1
78,38,31,0,22.03,10,50,29,75.5,36.4,22.2,56,6139,0,6622,86.1,0.19,7.78,71.2,1
79,14,36,0,21.3,11,54,60,56.3,38.4,24.9,56,8362,0,8105,73.5,0.52,8.05,77.6,1
79,15,36,0,23.24,0,50,0,51.8,37.8,25.5,61,3694,0,8065,72.7,0.46,6.13,78.6,0
79,16,36,0,20.3,0,144,0,42.7,36.0,25.9,62,3881,0,8147,73.3,0.61,8.61,77.8,1
79,17,36,0,20.64,21,73,60,70.5,38.8,24.9,61,6681,0,7835,68.7,0.59,7.63,78.7,1
79,20,36,0,23.3,18,42,73,68.9,32.3,25.3,62,7742,0,6337,64.9,0.55,6.21,72.6,0
79,21,36,0,21.76,22,118,0,62.5,42.9,25.4,63,5251,0,6297,64.0,0.61,7.3,74.2,0
79,22,36,0,21.86,8,98,120,60.7,36.7,25.4,63,10355,0,6569,63.6,0.64,7.79,74.6,0
79,23,36,0,22.55,34,85,65,76.1,28.1,25.6,63,7091,1,6147,63.6,0.62,6.71,73.2,1
79,24,36,0,23.2,25,70,0,72.3,32.1,26.1,64,5699,1,6144,63.7,0.65,5.76,73.9,1
79,27,36,0,22.6,33,63,112,67.4,40.0,25.2,64,6894,1,7213,63.5,0.71,6.96,89.9,0
79,28,36,0,21.77,27,76,0,68.3,37.0,25.6,69,6689,1,7032,63.6,0.77,7.38,89.3,0
79,29,36,0,22.31,21,64,68,60.9,40.6,25.2,62,5970,1,8859,63.9,0.82,7.2,90.5,1
79,30,36,0,21.61,37,88,0,68.7,38.6,24.4,65,4530,1,8189,64.3,0.74,7.79,91.9,1
79,31,36,0,23.05,25,66,0,71.7,40.9,26.2,60,7222,1,8458,68.5,0.8,6.06,91.7,0
79,34,36,0,22.62,38,53,0,74.2,37.5,26.3,62,5454,1,10175,82.6,0.81,6.53,79.1,0
79,35,36,0,21.82,23,94,10,75.8,43.7,25.2,64,6599,1,11788,83.7,0.78,7.35,79.1,1
79,36,36,0,22.71,28,72,0,61.7,38.3,25.7,62,5679,1,11660,84.2,0.78,6.44,79.7,0
79,37,36,0,22.15,29,79,70,73.6,35.9,25.5,67,8714,1,11574,84.3,0.88,7.36,79.0,0
79,38,36,0,22.28,23,72,116,70.9,37.0,25.7,68,9902,1,11484,84.3,0.83,7.25,78.2,1
80,14,29,0,21.16,15,42,21,46.1,32.9,19.1,55,12531,0,4370,66.2,0.16,7.42,42.1,1
80,15,29,0,21.5,18,68,0,55.1,30.0,18.7,59,8061,0,4437,64.4,0.21,6.96,41.3,0
80,16,29,0,22.58,4,77,39,43.5,29.2,19.7,56,6474,0,4025,63.3,0.21,8.15,41.6,1
80,17,29,0,23.23,0,48,0,45.9,34.0,18.4,58,6590,0,4001,61.5,0.17,7.73,42.0,1
80,20,29,0,22.86,17,20,47,36.2,31.0,20.5,56,7030,0,4136,57.3,0.22,7.5,62.4,1
80,21,29,0,21.51,0,9,0,34.4,31.3,19.8,55,8216,0,4195,56.3,0.27,8.17,62.5,1
80,22,29,0,20.81,0,50,57,28.9,34.0,19.6,53,8053,0,4209,56.3,0.2,8.53,63.0,1
80,23,29,0,22.85,0,3,66,42.6,24.0,20.0,57,11058,0,3940,55.3,0.2,7.1,63.0,1
80,24,29,0,21.67,12,66,98,49.3,29.4,19.0,56,14384,0,3951,54.5,0.23,8.43,63.0,1
80,25,29,0,21.78,13,35,108,27.9,22.5,18.3,55,13515,0,4178,54.6,0.23,7.39,63.0,1
80,27,29,0,21.62,10,59,70,35.9,27.5,20.0,59,8542,0,4281,55.6,0.29,8.09,66.5,0
80,28,29,0,22.1,0,25,53,39.7,30.3,18.4,58,6690,0,4345,57.1,0.31,8.18,66.5,1
80,29,29,0,21.85,0,39,0,35.7,27.0,19.0,52,11117,0,4236,59.1,0.25,7.67,66.5,1
80,30,29,0,21.43,2,60,42,43.8,26.9,19.1,55,9495,0,4033,61.2,0.2,7.73,66.5,0
80,31,29,0,20.81,16,78,102,46.3,28.3,19.3,54,14725,0,4328,61.4,0.23,8.0,66.5,1
80,34,29,0,21.34,1,42,59,39.2,27.2,20.8,56,6474,0,4568,75.2,0.31,8.89,80.5,1
80,35,29,0,22.06,22,43,9,51.2,30.3,19.5,53,9195,0,4456,78.0,0.21,7.96,80.5,1
80,36,29,0,21.81,9,24,103,38.1,31.3,19.8,57,16521,0,4573,77.7,0.23,7.81,80.5,1
80,37,29,0,22.44,0,78,104,45.6,28.1,19.0,52,12552,0,4769,79.7,0.28,7.77,80.5,0
80,38,29,0,21.9,0,36,0,36.6,31.2,20.1,57,8037,0,4844,80.1,0.23,8.04,80.5,1
81,14,33,0,22.16,47,11,70,49.3,27.0,20.4,60,6686,0,5408,80.9,0.08,7.09,91.8,1
81,15,33,0,21.54,19,39,35,37.4,31.6,20.2,64,7483,0,5237,81.4,0.14,8.38,92.1,1
81,16,33,0,22.01,40,38,0,38.7,39.6,21.0,58,7283,0,4931,83.2,0.08,7.71,92.1,1
81,17,33,0,21.96,15,59,0,44.7,26.4,20.1,57,6075,0,4660,83.4,0.08,7.82,92.1,1
81,20,33,0,22.05,28,59,120,46.9,25.7,20.6,59,13222,0,4452,82.5,0.04,7.48,85.3,1
81,21,33,0,21.6,32,22,0,35.3,32.6,20.4,62,7656,0,4860,83.2,0.05,8.0,85.1,1
81,22,33,0,21.66,13,3,0,57.1,28.2,20.3,61,6066,0,4731,83.1,0.02,7.94,85.0,1
81,23,33,0,21.7,34,36,85,40.7,27.3,20.3,57,9236,0,5036,83.2,0.0,7.69,85.0,1
81,24,33,0,22.04,34,25,0,58.6,34.7,20.8,57,8454,0,4932,82.7,0.02,7.54,85.0,1
81,27,33,0,21.85,30,1,0,42.7,31.7,21.0,58,6908,0,4646,80.6,-0.0,8.16,94.2,1
81,28,33,0,22.41,39,14,112,52.4,30.1,21.0,61,8810,0,4978,81.8,-0.01,7.17,95.0,1
81,29,33,0,21.58,33,39,20,45.5,32.1,20.1,59,5622,0,5412,82.1,-0.01,8.32,96.3,1
81,30,33,0,22.37,30,36,0,42.5,32.6,21.0,62,8524,0,5371,82.1,-0.01,7.41,96.3,1
81,31,33,0,22.33,58,63,76,46.0,29.2,20.5,61,5745,0,6198,82.1,0.01,7.68,96.4,0
81,34,33,0,22.49,43,13,0,38.8,39.8,20.5,62,6207,0,6212,84.2,0.02,7.74,72.9,1
81,35,33,0,21.74,12,38,0,54.9,24.0,20.3,62,10491,0,6021,83.6,0.0,7.35,72.9,1
81,36,33,0,22.18,40,46,0,36.8,25.8,20.9,59,6624,0,6494,82.6,0.05,7.89,72.9,1
81,37,33,0,22.53,33,21,0,40.8,26.3,19.7,59,9469,0,6226,83.3,0.05,7.61,72.9,1
81,38,33,0,21.73,8,79,81,34.7,28.6,21.6,61,9133,0,6127,84.4,0.06,7.48,73.7,1
82,14,32,1,23.05,74,154,0,33.1,35.8,17.4,70,5829,1,10761,80.9,0.93,7.04,57.0,1
82,15,32,1,22.39,68,175,0,43.7,35.7,17.6,73,6227,1,10464,80.7,0.96,7.72,55.8,1
82,16,32,1,23.42,85,145,0,49.5,32.8,17.8,73,5667,1,10591,78.3,0.87,6.9,55.4,0
82,17,32,1,22.66,74,139,31,43.6,33.1,18.9,74,9548,1,11035,78.3,0.83,7.47,56.1,1
82,18,32,1,24.35,94,110,23,47.6,35.4,17.2,69,6823,1,11297,77.5,0.82,6.84,56.1,0
82,20,32,1,23.18,76,144,26,47.6,28.9,18.6,68,5869,1,11296,71.4,0.96,7.15,74.7,1
82,21,32,1,22.82,59,122,80,56.6,28.1,19.2,72,6693,1,10278,71.3,0.93,7.64,74.7,1
82,22,32,1,23.37,69,123,56,48.7,29.0,18.0,69,9139,1,10145,71.0,0.88,7.0,75.2,1
82,23,32,1,23.48,55,180,84,43.9,29.8,18.8,72,8292,1,10088,71.2,0.9,7.14,74.7,1
82,24,32,1,23.1,65,107,99,40.2,35.2,18.3,70,16387,1,9471,71.2,0.85,7.36,74.7,1
82,27,32,1,22.9,52,98,57,37.2,33.6,18.6,67,7489,1,9015,70.2,0.81,7.65,68.3,1
82,28,32,1,23.33,88,119,26,56.0,32.3,19.1,70,12523,1,7928,69.9,0.71,6.97,68.3,1
82,29,32,1,23.16,72,173,0,64.8,29.6,20.1,71,7291,1,7717,70.5,0.71,6.93,67.8,0
82,30,32,1,22.88,71,167,0,44.2,29.4,19.2,67,6514,1,7089,71.9,0.77,7.3,67.8,1
82,31,32,1,23.8,93,178,120,28.7,32.8,18.9,73,8313,1,7312,71.1,0.74,6.71,67.1,0
82,34,32,1,23.28,69,145,0,50.1,31.9,19.5,70,5345,1,8112,77.3,0.69,7.15,59.2,1
82,35,32,1,23.17,57,135,0,43.8,37.6,18.7,70,6693,1,8221,77.5,0.69,7.2,59.9,1
82,36,32,1,23.35,89,169,66,52.7,38.2,19.3,67,8277,1,7819,77.9,0.72,7.07,59.2,1
82,37,32,1,22.85,80,135,27,37.7,27.2,19.0,74,7226,1,7926,78.0,0.72,7.42,58.6,1
82,38,32,1,23.22,71,116,88,47.9,28.3,19.0,71,7970,1,7495,77.0,0.7,7.23,60.0,1
83,14,38,2,25.04,51,212,56,68.7,31.2,23.6,72,8379,3,18193,76.5,2.0,4.18,78.0,1
83,15,38,2,23.41,20,217,56,45.2,25.4,23.3,70,8567,3,19070,76.8,2.09,6.05,78.0,0
83,16,38,2,24.18,51,217,0,46.6,33.6,22.3,71,7427,3,19978,75.7,2.04,5.16,77.1,0
83,17,38,2,24.26,66,250,120,44.8,38.4,23.0,71,9233,3,19978,75.9,2.09,5.23,77.1,0
83,18,38,2,22.76,58,196,9,29.3,26.8,23.7,69,4584,3,19978,78.3,2.18,7.69,76.6,1
83,19,38,2,23.46,20,166,104,34.1,31.3,21.6,63,8000,3,20288,81.3,2.28,7.35,39.8,0
83,20,38,2,24.31,70,184,38,45.1,31.1,24.0,69,9960,3,20295,82.5,2.22,4.79,40.6,0
83,21,38,2,24.5,6,240,0,45.5,24.5,24.2,69,8303,3,20525,82.4,2.26,4.78,39.2,0
83,22,38,2,23.77,12,209,91,41.2,21.3,24.7,72,8511,3,19299,82.6,2.24,5.63,38.4,0
83,23,38,2,24.25,16,296,49,58.3,25.2,24.4,70,7254,3,18218,83.3,2.13,4.9,38.9,0
83,24,38,2,23.05,34,199,0,49.2,29.0,24.0,72,5472,3,18914,83.3,2.15,6.28,39.1,0
83,27,38,2,24.33,27,142,0,45.3,26.9,23.5,64,6112,2,17281,68.7,1.83,5.17,30.7,0
83,28,38,2,23.79,26,233,0,43.7,26.8,24.2,67,7166,2,18440,69.7,1.88,5.54,32.2,0
83,29,38,2,24.99,30,236,41,36.7,27.6,23.5,71,13270,2,18440,69.5,1.79,4.6,32.8,0
83,30,38,2,23.96,47,215,0,56.5,23.3,23.8,69,6814,2,18772,69.7,1.89,5.35,34.0,0
83,31,38,2,22.88,58,208,24,48.7,26.9,25.4,72,5969,2,18756,69.5,1.88,6.14,32.4,1
83,34,38,2,24.65,38,175,0,64.2,28.6,23.2,63,4004,2,18434,54.6,1.75,4.46,51.9,0
83,35,38,2,23.45,53,187,76,46.6,33.1,23.8,72,10778,2,17227,54.8,1.78,5.83,53.8,0
83,36,38,2,24.85,57,236,0,41.3,26.0,23.8,71,5249,2,18453,53.9,1.7,4.14,53.8,0
83,37,38,2,22.96,35,222,0,66.8,31.6,24.3,74,10094,2,19555,54.3,1.81,6.05,50.7,1
83,38,38,2,24.84,22,222,0,60.4,26.0,23.9,71,9245,2,18320,52.4,1.73,4.49,50.7,0
84,14,21,2,24.44,33,89,49,35.2,38.2,20.8,51,7270,1,5988,77.3,0.79,6.93,76.1,1
84,15,21,2,23.31,42,93,11,35.1,38.6,20.5,56,5848,1,6392,78.2,0.82,7.47,76.1,1
84,16,21,2,24.68,61,55,0,19.1,44.9,20.0,55,5860,1,6591,75.0,0.77,6.47,76.3,1
84,17,21,2,24.09,49,90,56,52.5,41.4,19.9,54,8014,1,6499,75.1,0.76,7.16,76.5,1
84,20,21,2,24.11,31,90,33,25.6,40.8,21.0,53,9397,1,6851,75.9,0.85,7.11,70.2,0
84,21,21,2,24.38,29,100,109,34.8,43.3,19.6,60,11228,1,6761,76.6,0.77,7.06,70.2,1
84,22,21,2,23.32,47,110,19,33.8,43.3,19.3,52,9862,1,6650,76.6,0.76,7.74,70.2,1
84,23,21,2,24.6,64,54,79,49.7,46.1,20.1,58,9614,1,6721,75.0,0.68,6.48,69.6,1
84,24,21,2,24.8,64,76,0,41.1,33.5,20.8,57,8491,1,7191,76.1,0.62,6.24,69.6,1
84,25,21,2,25.29,74,104,120,25.2,43.0,20.6,55,10457,1,6543,76.1,0.65,6.9,69.6,0
84,27,21,2,23.67,36,44,120,21.1,40.9,19.7,55,8860,1,6440,75.5,0.7,7.16,79.0,1
84,28,21,2,23.63,35,52,30,9.2,37.3,20.5,53,10588,1,6290,74.4,0.71,7.85,79.3,1
84,29,21,2,23.33,83,64,0,29.4,42.1,20.2,54,6063,1,5514,74.2,0.64,7.19,79.8,1
84,30,21,2,23.65,50,64,77,37.0,37.5,19.8,51,7553,0,5544,73.5,0.66,7.28,80.3,1
84,31,21,2,23.8,41,87,120,33.1,34.5,19.9,56,7987,0,5455,72.9,0.6,7.76,80.4,1
84,33,21,2,24.95,77,37,0,42.7,45.4,20.2,55,8570,0,5424,74.1,0.63,7.22,78.5,1
84,34,21,2,24.81,23,45,41,23.8,43.7,20.1,55,6992,0,5458,72.3,0.61,6.43,81.9,1
84,35,21,2,25.08,44,78,64,23.8,45.9,20.2,57,10065,0,5313,72.2,0.66,6.23,80.7,1
84,36,21,2,23.61,42,103,52,33.5,34.3,19.5,57,13361,1,5750,71.8,0.72,7.76,79.2,1
84,37,21,2,25.04,34,60,120,18.3,47.7,18.9,59,9641,1,5664,72.8,0.72,6.28,78.4,1
84,38,21,2,24.94,69,115,0,31.8,49.9,19.2,57,8827,1,5525,72.4,0.73,6.02,78.0,1
85,14,22,1,22.24,18,104,60,61.6,32.9,20.8,69,5479,1,11427,57.5,0.61,8.15,64.5,0
85,15,22,1,23.0,27,75,41,78.0,31.5,19.1,65,4697,2,11734,57.4,0.59,7.25,64.6,0
85,16,22,1,23.95,36,71,0,90.4,36.8,19.6,67,4697,2,11458,57.3,0.57,6.04,63.4,0
85,17,22,1,23.22,42,117,104,79.7,26.9,19.6,69,6759,2,11531,57.2,0.61,7.17,63.4,0
85,20,22,1,21.46,11,73,0,52.3,32.7,19.0,63,4188,2,12005,74.8,0.58,8.57,76.1,1
85,21,22,1,25.13,43,50,0,91.5,35.1,19.9,65,3083,1,11738,71.7,0.48,4.92,76.9,0
85,22,22,1,23.2,39,117,120,71.1,32.2,20.9,64,8153,2,12031,70.4,0.61,7.2,77.8,1
85,23,22,1,23.8,27,80,70,80.8,28.5,19.0,68,4871,2,11943,70.6,0.64,6.52,79.1,0
85,24,22,1,24.04,20,96,74,75.7,35.6,18.9,66,6200,1,11334,70.8,0.61,6.42,79.1,0
85,25,22,1,23.05,27,128,0,72.4,37.7,20.7,68,5494,1,10380,70.8,0.66,8.34,79.1,0
85,27,22,1,24.01,22,92,0,56.9,34.2,19.0,67,8809,1,9852,73.6,0.58,6.1,70.7,0
85,28,22,1,22.59,12,130,0,78.5,33.3,19.2,66,5367,1,9318,74.3,0.66,7.66,71.4,0
85,29,22,1,23.03,37,104,0,78.7,30.8,19.3,63,2747,1,9091,74.7,0.69,7.01,70.7,1
85,30,22,1,22.79,40,95,0,72.8,36.5,19.2,71,3496,1,9265,74.5,0.71,7.29,70.7,1
85,31,22,1,21.21,12,95,24,69.5,31.3,19.5,67,5077,1,9209,73.5,0.62,8.03,70.7,1
85,33,22,1,23.74,43,105,0,66.8,30.8,18.7,64,4936,1,8764,67.0,0.62,7.58,68.6,0
85,34,22,1,23.8,22,96,0,76.2,31.6,19.4,65,4959,1,8539,66.1,0.59,6.35,67.5,0
85,35,22,1,22.95,35,74,0,73.5,29.7,17.4,62,3429,1,9553,69.5,0.75,7.1,67.5,1
85,36,22,1,22.94,47,95,36,74.7,30.2,17.9,68,6401,1,8382,70.7,0.59,7.26,67.9,0
85,37,22,1,23.58,32,104,36,81.7,27.9,19.1,66,4455,1,8968,70.5,0.59,6.62,67.8,0
85,38,22,1,23.65,11,71,0,81.3,31.0,18.6,66,5000,1,8868,70.6,0.58,6.54,67.2,0
86,14,20,2,24.43,57,153,26,85.2,36.6,24.4,67,4792,1,13165,69.2,1.36,6.14,45.4,0
86,15,20,2,24.74,41,156,7,61.3,34.2,25.3,68,6779,1,14294,68.9,1.34,5.75,43.7,0
86,16,20,2,24.02,28,176,51,61.7,36.0,24.4,68,5197,1,14166,69.1,1.41,6.9,43.3,0
86,17,20,2,24.02,32,139,33,67.8,35.5,23.5,66,9588,1,12822,69.0,1.38,6.76,42.8,0
86,20,20,2,24.01,60,83,72,58.8,36.1,25.1,63,11187,1,12622,58.9,1.33,6.53,49.1,1
86,21,20,2,24.28,26,137,120,53.1,44.7,24.7,63,7445,1,12417,58.3,1.36,6.49,50.2,0
86,22,20,2,24.18,62,148,0,65.0,44.5,24.7,66,6257,1,13046,58.7,1.38,6.28,50.1,0
86,23,20,2,23.63,41,166,48,65.3,44.2,23.7,66,4429,1,14137,59.0,1.42,7.07,49.7,1
86,24,20,2,24.12,36,133,0,61.4,36.3,23.5,67,7134,1,14423,58.0,1.38,6.66,50.6,0
86,26,20,2,24.22,53,86,0,47.3,45.7,23.2,62,5718,1,15291,54.4,1.37,7.67,70.5,1
86,27,20,2,24.8,23,133,0,77.8,36.5,23.3,70,4717,1,15084,56.3,1.37,5.96,73.3,0
86,28,20,2,23.74,32,130,0,39.5,37.2,23.5,67,4551,2,14080,56.8,1.37,7.32,72.1,0
86,29,20,2,24.01,33,137,0,88.6,36.4,23.2,67,5258,1,12674,56.6,1.28,7.0,73.2,0
86,30,20,2,24.59,24,111,0,78.1,38.7,23.8,69,8473,1,14169,56.4,1.19,6.24,73.6,0
86,31,20,2,24.27,34,151,0,59.8,44.5,23.8,68,6741,1,14329,56.8,1.24,6.18,73.2,0
86,34,20,2,25.19,44,78,66,59.8,37.6,23.2,63,11483,1,13846,69.4,1.28,5.69,74.0,0
86,35,20,2,24.27,44,153,38,57.2,42.2,23.8,67,3983,1,14180,70.0,1.34,6.68,74.0,0
86,36,20,2,25.31,52,152,0,55.3,27.8,23.4,67,8134,1,13651,70.1,1.33,5.41,75.4,0
86,37,20,2,23.93,43,201,72,67.7,39.3,23.6,72,8408,1,12673,70.8,1.39,6.75,74.1,0
86,38,20,2,24.39,52,175,0,53.5,37.1,23.0,70,5756,1,12016,71.3,1.42,6.59,73.4,0
87,14,41,1,22.83,45,50,55,35.2,39.2,24.4,57,6521,1,6552,77.3,0.52,7.31,66.8,0
87,15,41,1,21.71,40,28,0,40.1,46.2,23.3,58,7195,1,6227,77.8,0.48,7.9,65.9,1
87,16,41,1,23.38,17,15,86,49.5,38.6,23.7,60,11752,1,6034,74.9,0.45,7.2,65.1,1
87,17,41,1,23.03,43,20,49,42.3,36.9,23.6,58,7861,1,5976,75.2,0.46,7.35,65.2,1
87,20,41,1,22.84,43,17,30,32.9,44.1,23.3,55,6814,1,6370,65.9,0.43,7.17,87.6,1
87,21,41,1,22.7,35,62,90,49.9,41.7,24.5,58,8644,1,5695,65.8,0.47,7.59,86.9,1
87,22,41,1,22.21,19,8,0,33.1,37.7,24.5,54,5226,1,6313,65.5,0.45,8.23,87.5,1
87,23,41,1,22.65,55,39,0,38.1,42.1,22.8,58,7318,1,6202,64.9,0.38,6.53,88.2,1
87,24,41,1,22.03,40,63,0,27.2,40.6,23.3,56,5767,1,6517,63.2,0.43,6.81,87.5,1
87,27,41,1,23.13,41,29,120,43.1,39.2,23.1,58,9558,1,6715,62.7,0.45,7.45,78.4,0
87,28,41,1,21.94,30,56,0,39.1,40.1,21.2,55,5237,1,6867,62.6,0.42,8.31,78.5,1
87,29,41,1,22.62,56,25,35,45.3,41.5,23.0,55,6248,1,6804,62.0,0.35,6.5,78.3,0
87,30,41,1,22.4,52,63,38,45.4,38.1,22.9,60,7811,1,6926,62.8,0.45,7.81,78.3,0
87,31,41,1,23.26,45,41,0,31.7,39.0,22.8,59,7286,1,7482,63.0,0.41,7.17,78.3,1
87,34,41,1,22.52,21,54,78,28.3,33.4,21.7,55,9443,0,6602,69.1,0.42,7.35,69.2,1
87,35,41,1,23.58,39,43,37,55.9,40.8,21.9,60,9628,0,7457,68.9,0.4,6.95,69.2,0
87,36,41,1,22.98,11,78,0,38.8,38.4,22.7,58,6691,0,7232,68.0,0.45,7.49,69.2,1
87,37,41,1,22.65,41,40,19,31.8,35.3,22.6,58,8268,0,6710,68.1,0.5,7.92,69.2,1
87,38,41,1,22.95,35,23,70,29.8,38.1,23.2,55,8179,0,6282,69.4,0.4,7.27,69.2,0
88,14,44,0,22.29,86,101,95,39.2,33.8,22.5,58,7361,1,6326,76.2,0.8,7.89,76.5,1
88,15,44,0,21.7,78,90,0,44.9,30.1,21.8,59,5400,1,6247,76.3,0.77,8.13,75.2,1
88,16,44,0,22.02,78,88,0,52.2,29.3,22.0,60,6391,1,5932,77.2,0.7,8.15,73.2,1
88,17,44,0,21.17,82,66,36,59.6,31.7,21.9,56,5561,1,5972,79.9,0.62,8.16,72.6,1
88,20,44,0,21.15,61,74,0,46.1,26.6,22.5,57,7779,1,5974,78.0,0.7,8.47,83.2,1
88,21,44,0,22.74,73,33,0,42.8,29.7,23.2,58,5829,0,5857,77.2,0.63,7.24,83.3,1
88,22,44,0,23.74,101,62,0,54.4,29.0,21.7,58,5489,1,6443,76.7,0.66,6.23,82.8,0
88,23,44,0,22.92,79,138,46,65.8,26.8,22.5,60,10004,1,6891,73.7,0.8,7.07,81.7,1
88,24,44,0,21.57,70,115,0,48.6,21.9,23.2,58,7379,1,7273,74.3,0.83,8.32,81.0,1
88,27,44,0,22.49,84,47,0,44.6,34.2,22.5,55,8719,1,6988,69.8,0.78,7.66,89.1,0
88,28,44,0,23.39,92,85,93,53.8,29.1,22.1,57,10320,1,7018,70.8,0.69,6.97,89.1,1
88,29,44,0,21.29,76,84,0,43.4,29.0,22.5,60,4194,1,7379,69.3,0.75,7.71,89.1,1
88,30,44,0,22.32,82,85,0,47.6,26.2,22.3,57,5726,1,7524,66.9,0.78,7.78,89.1,1
88,31,44,0,22.3,88,81,0,62.9,29.0,21.8,60,4671,1,7130,66.9,0.81,7.63,87.6,1
88,34,44,0,20.96,65,52,0,33.2,30.6,22.6,57,5449,1,7100,71.0,0.8,8.48,84.7,0
88,35,44,0,23.12,76,0,74,52.5,34.1,22.6,60,8763,1,7307,70.0,0.8,6.93,84.7,1
88,36,44,0,22.8,76,99,0,50.3,30.0,22.6,61,7824,1,6909,69.7,0.82,7.19,84.1,1
88,37,44,0,21.25,57,89,0,52.7,30.9,22.5,59,7521,0,6788,70.8,0.75,8.22,83.6,0
88,38,44,0,20.87,86,75,0,34.0,24.1,22.7,57,6677,0,6354,69.1,0.67,7.63,83.4,1
89,14,24,2,23.54,51,116,0,29.7,27.9,24.3,67,4122,2,15180,69.9,1.78,6.88,29.0,0
89,15,24,2,24.35,69,87,0,42.7,31.7,23.4,70,4638,3,16202,69.4,1.75,6.15,27.6,0
89,16,24,2,23.92,66,104,0,16.2,29.2,22.9,66,4464,3,16805,70.5,1.82,6.83,30.1,0
89,17,24,2,24.48,74,84,0,32.4,37.3,23.4,69,5242,2,17931,70.7,1.74,5.91,30.8,1
89,20,24,2,24.63,78,0,0,36.1,31.8,23.4,65,7703,2,15628,54.4,1.56,5.84,14.7,0
89,21,24,2,22.88,67,107,0,34.7,31.8,24.0,69,3394,2,16826,54.6,1.56,7.49,12.5,0
89,22,24,2,24.1,91,79,0,38.5,36.3,24.1,66,6852,2,16981,52.4,1.49,6.05,12.5,0
89,23,24,2,24.19,57,155,0,40.0,30.4,23.0,70,3923,2,16766,52.8,1.54,6.53,12.0,0
89,24,24,2,24.12,88,111,18,50.7,33.9,24.1,70,4351,2,16766,52.7,1.46,6.13,12.0,0
89,27,24,2,23.08,86,52,0,37.7,35.5,22.4,61,5290,2,16402,40.3,1.39,7.52,24.2,0
89,28,24,2,24.08,86,51,0,41.4,34.4,23.9,64,5224,2,17272,38.6,1.27,6.17,23.3,1
89,29,24,2,24.09,54,112,0,39.0,35.4,23.6,67,4443,2,16012,39.1,1.32,6.41,24.8,0
89,30,24,2,23.86,82,95,0,55.1,33.3,23.4,67,4398,2,16518,38.9,1.3,6.46,24.8,0
89,31,24,2,24.8,90,130,19,46.3,32.8,22.4,69,4344,2,16385,38.4,1.32,5.58,24.8,0
89,34,24,2,24.63,66,91,0,39.4,35.4,22.8,60,6046,2,17384,37.4,1.32,6.05,24.9,0
89,35,24,2,24.99,82,63,22,15.8,35.3,23.6,63,6567,2,17384,37.5,1.3,5.43,26.7,0
89,36,24,2,24.84,88,142,27,39.0,35.6,23.1,69,3667,2,18571,40.1,1.45,5.59,28.3,0
89,37,24,2,24.65,65,129,12,35.7,30.8,23.1,68,3468,2,19347,41.1,1.49,5.81,26.8,0
89,38,24,2,24.11,62,150,21,35.9,38.4,22.2,70,4758,2,17930,41.3,1.54,6.55,27.5,0
90,14,21,2,25.28,109,96,0,29.0,40.2,23.6,59,6346,1,9554,62.7,0.89,5.57,51.3,0
90,15,21,2,24.93,119,143,74,33.0,35.6,23.6,63,7604,1,10831,66.1,0.94,6.09,50.7,0
90,16,21,2,24.02,125,108,7,24.8,37.9,25.7,66,7333,1,11445,66.5,0.99,6.39,51.9,0
90,17,21,2,25.7,100,114,47,22.1,28.7,23.8,63,5138,1,12966,65.5,1.02,5.22,50.7,0
90,20,21,2,24.06,79,68,42,14.9,37.3,25.0,57,5248,1,14160,62.8,1.09,6.75,76.7,0
90,21,21,2,25.26,80,66,89,30.8,39.5,23.9,64,11168,1,13221,62.6,1.1,6.0,77.2,1
90,22,21,2,24.69,84,86,97,40.3,31.0,24.3,64,10398,1,12433,63.2,1.09,6.55,78.0,0
90,23,21,2,23.15,100,95,33,0.0,35.7,23.9,62,8446,1,11718,63.5,1.08,7.83,76.7,0
90,24,21,2,24.05,110,89,86,30.0,35.3,25.1,63,8934,1,10566,61.0,0.96,6.8,77.9,1
90,26,21,2,25.76,96,61,30,32.6,30.7,24.5,61,9449,1,10595,62.2,1.02,6.28,76.2,0
90,27,21,2,24.53,85,77,0,23.0,33.4,25.8,61,7459,1,10792,65.8,1.07,6.09,74.2,1
90,28,21,2,23.94,64,101,23,28.4,29.2,24.7,59,14662,1,10781,65.5,1.12,7.12,74.4,0
90,29,21,2,23.91,105,100,43,19.2,42.9,24.4,64,6879,1,10198,65.0,1.01,6.86,74.4,1
90,30,21,2,24.9,106,76,0,46.1,30.0,24.6,63,10809,1,9554,64.1,0.95,5.72,74.4,0
90,31,21,2,24.26,78,117,0,47.1,32.2,24.8,65,6816,1,8075,65.3,1.0,6.66,74.4,0
90,32,21,2,24.77,81,92,120,9.3,35.1,23.6,63,8878,1,8330,65.4,0.9,7.79,73.8,1
90,34,21,2,24.54,104,88,23,35.9,36.0,24.4,61,6984,1,8291,70.9,0.97,6.5,53.2,0
90,35,21,2,23.77,118,67,0,36.1,30.1,24.3,61,11080,1,8049,71.6,0.99,6.95,51.8,1
90,36,21,2,24.68,78,27,31,24.9,28.9,24.4,60,6460,1,8347,70.8,0.92,6.44,52.5,1
90,37,21,2,24.99,112,119,0,18.8,34.2,25.0,61,9803,1,8510,70.8,0.92,5.65,54.5,0
90,38,21,2,25.52,81,94,0,41.9,30.5,24.4,64,8241,1,10036,72.9,1.08,5.43,54.5,0
91,14,31,1,24.07,58,26,13,73.1,41.8,21.3,62,3354,1,7961,77.6,0.17,6.03,84.4,0
91,15,31,1,22.93,74,121,0,68.0,37.8,22.3,66,2334,1,9045,77.8,0.23,6.86,83.9,1
91,16,31,1,23.69,81,78,0,62.4,32.7,21.2,60,3347,1,8764,77.8,0.23,6.49,84.5,0
91,17,31,1,23.48,55,69,0,79.8,35.6,22.5,64,4383,1,9439,77.8,0.19,6.55,85.3,0
91,20,31,1,23.14,106,0,0,83.1,32.4,21.7,61,4448,1,8008,79.7,0.22,6.37,59.3,1
91,21,31,1,23.67,66,65,62,64.6,36.3,22.1,66,4455,1,8377,78.7,0.23,6.47,59.8,0
91,22,31,1,23.5,49,70,9,65.9,32.2,21.7,62,4584,1,8419,78.9,0.26,6.78,59.8,0
91,23,31,1,23.96,71,38,19,54.6,31.5,21.6,65,2583,1,8620,78.8,0.25,6.01,58.3,0
91,24,31,1,22.89,73,100,0,70.7,33.5,21.9,62,2358,1,8722,78.8,0.28,7.28,58.3,0
91,27,31,1,23.9,49,76,0,65.2,35.9,22.6,63,4610,1,7931,66.3,0.33,6.18,69.3,1
91,28,31,1,23.39,77,104,0,63.5,42.8,22.4,63,3931,2,7886,67.3,0.4,6.49,69.3,0
91,29,31,1,23.16,67,69,21,68.6,35.9,23.6,64,2804,1,6933,66.9,0.37,6.77,70.0,1
91,30,31,1,23.04,77,97,0,81.2,29.7,21.9,63,3882,1,7709,67.5,0.38,7.19,71.0,1
91,31,31,1,23.82,59,55,25,70.2,35.1,22.3,64,3385,1,6975,67.1,0.33,6.22,72.3,0
91,33,31,1,24.03,104,43,11,65.6,28.1,22.7,61,2431,1,7517,66.4,0.27,6.36,78.3,0
91,34,31,1,24.07,96,63,0,78.6,36.2,22.0,64,3694,1,7699,66.4,0.37,5.87,82.3,0
91,35,31,1,23.93,97,103,0,76.1,34.2,22.5,65,3386,1,8663,68.1,0.4,5.96,82.2,0
91,36,31,1,23.08,55,123,0,62.6,35.8,22.2,64,3046,1,8919,68.1,0.44,6.81,81.3,0
91,37,31,1,23.36,66,129,0,69.8,36.9,22.5,62,2103,1,9162,67.1,0.44,6.61,81.3,0
91,38,31,1,23.52,83,47,25,64.3,35.6,22.7,62,3761,1,8909,66.7,0.39,6.55,81.3,0
92,14,40,0,21.8,10,139,0,0.0,42.2,20.9,59,3864,1,6008,72.8,0.94,7.08,93.9,1
92,15,40,0,21.42,0,152,41,8.0,37.5,20.2,59,8373,1,6103,72.9,0.92,7.74,93.5,1
92,16,40,0,21.77,0,122,120,4.0,43.8,19.3,58,9661,1,6115,72.8,0.89,7.52,92.7,1
92,17,40,0,21.38,18,111,22,30.2,42.1,19.9,57,9181,1,6085,72.8,0.87,7.37,92.7,0
92,20,40,0,21.7,8,107,76,17.1,40.4,20.2,60,9461,1,6930,82.7,0.82,7.45,89.3,1
92,21,40,0,21.15,14,111,12,1.3,40.2,20.7,58,5349,1,6982,82.8,0.85,7.57,89.3,1
92,22,40,0,20.6,6,90,13,8.9,43.3,19.4,56,7265,1,6485,81.9,0.82,7.82,89.3,1
92,23,40,0,20.97,0,67,0,16.6,44.5,19.4,55,4626,1,6992,79.2,0.78,8.02,89.3,1
92,24,40,0,20.85,14,130,19,15.9,37.1,20.3,56,6440,1,7069,80.1,0.71,7.23,89.1,1
92,27,40,0,22.32,13,113,49,18.7,39.9,19.6,59,8231,0,7190,80.2,0.8,6.79,86.2,1
92,28,40,0,21.75,29,116,0,20.9,38.5,20.0,60,6610,0,6457,79.5,0.84,7.25,86.8,1
92,29,40,0,22.24,9,104,0,10.5,41.6,19.6,58,6634,0,6281,79.4,0.83,6.83,87.6,1
92,30,40,0,20.12,32,152,0,14.6,35.7,17.8,59,6961,0,6747,78.7,0.89,7.77,87.6,0
92,31,40,0,21.65,14,121,0,5.2,37.8,19.3,58,6820,0,6779,73.8,0.87,7.35,87.6,1
92,34,40,0,20.9,0,145,28,7.0,41.4,18.3,59,10317,0,5891,70.5,0.93,7.63,79.7,1
92,35,40,0,21.39,26,98,0,5.2,41.7,19.5,55,5960,0,6377,70.0,0.92,7.73,79.0,1
92,36,40,0,22.35,36,132,0,26.1,39.1,19.1,57,5693,1,6396,70.2,0.91,6.56,78.2,0
92,37,40,0,20.9,26,122,0,5.3,40.1,19.2,61,5829,1,5627,71.2,1.0,7.84,77.6,0
92,38,40,0,21.0,9,91,50,8.0,40.1,19.5,56,6709,1,5821,70.9,1.01,7.31,77.3,0
93,14,55,0,20.22,0,56,0,43.0,54.9,23.9,71,4309,1,6932,0.0,0.53,7.21,82.3,1
93,15,55,0,22.08,6,112,0,26.7,56.3,23.1,69,2641,1,5861,0.0,0.47,7.67,84.3,1
93,16,55,0,21.71,13,112,0,35.5,50.0,24.0,68,3944,1,5953,0.0,0.52,8.22,82.3,1
93,17,55,0,21.72,3,49,15,36.9,57.1,22.4,69,4062,1,5602,0.0,0.45,7.65,80.8,1
93,20,55,0,22.19,31,39,0,22.8,49.9,23.3,69,3913,1,6076,0.0,0.39,7.61,60.5,1
93,21,55,0,21.69,24,109,0,31.8,54.4,21.6,68,2380,0,6101,0.0,0.39,6.61,60.5,1
93,22,55,0,20.54,3,84,0,16.9,55.5,23.7,70,2947,0,6939,0.0,0.41,7.57,60.5,1
93,23,55,0,21.41,9,83,34,29.6,56.3,23.7,66,4238,1,6993,0.0,0.38,8.14,60.5,1
93,24,55,0,21.56,18,18,63,37.7,55.8,22.8,66,4404,1,6950,0.0,0.34,7.43,60.7,0
93,26,55,0,21.45,25,0,0,17.2,56.0,21.4,65,4167,1,6336,0.0,0.27,7.58,69.4,1
93,27,55,0,22.09,36,54,0,50.4,65.9,22.7,66,2448,1,6540,0.0,0.32,7.24,49.2,1
93,28,55,0,21.52,12,93,0,18.0,57.6,22.4,68,2748,1,6532,0.0,0.29,6.71,49.2,1
93,29,55,0,22.29,27,88,0,36.1,50.0,22.5,70,4627,1,6966,72.5,0.32,7.85,50.4,0
93,30,55,0,22.52,39,65,0,37.0,61.1,22.7,68,3988,1,7086,71.3,0.31,7.02,50.4,0
93,31,55,0,21.05,21,59,0,37.2,61.6,21.6,70,1625,1,7399,70.8,0.39,7.46,50.4,1
93,34,55,0,22.17,48,121,43,47.3,64.0,23.5,68,4307,1,8396,71.6,0.42,7.3,71.0,1
93,35,55,0,21.07,7,92,0,22.7,56.6,22.6,67,2732,1,8718,72.3,0.45,7.76,70.4,1
93,36,55,0,22.13,0,70,120,29.1,59.4,22.2,68,7295,1,7623,72.2,0.36,7.98,69.9,1
93,37,55,0,22.1,4,45,67,33.1,61.1,21.4,68,5350,1,7610,73.6,0.34,8.11,69.9,1
93,38,55,0,21.81,13,39,24,30.8,52.8,22.7,65,3828,0,7806,71.9,0.34,6.98,69.5,0
94,14,35,0,22.73,21,128,53,74.1,46.4,23.8,64,6114,0,7255,71.5,0.38,6.48,79.6,0
94,15,35,0,21.98,53,99,64,68.1,47.2,23.2,63,8386,1,7833,71.4,0.45,7.15,80.4,0
94,16,35,0,22.21,34,126,0,74.7,50.7,25.0,62,2945,1,7787,72.5,0.43,6.35,81.3,0
94,17,35,0,22.1,0,150,39,64.9,42.1,23.6,60,12704,1,7942,71.9,0.48,7.09,80.9,1
94,20,35,0,21.72,25,106,0,77.0,51.7,23.9,60,7923,1,7579,79.3,0.45,6.93,78.5,0
94,21,35,0,21.81,38,122,14,63.5,52.5,25.0,61,8597,1,7943,78.0,0.48,6.84,79.9,0
94,22,35,0,21.77,39,116,0,78.7,46.7,24.4,64,7630,1,8059,77.2,0.52,7.25,77.4,0
94,23,35,0,22.32,15,121,0,57.8,51.5,24.7,57,8666,1,8150,77.1,0.56,6.74,76.7,0
94,24,35,0,22.26,24,137,20,68.5,46.6,24.6,62,9911,1,8367,77.2,0.6,6.53,77.7,0
94,26,35,0,22.36,45,99,30,52.6,49.3,25.4,63,6255,1,9876,78.5,0.7,7.56,65.1,1
94,27,35,0,21.98,25,116,59,71.7,51.1,24.9,61,6296,1,9498,77.7,0.65,6.93,64.4,0
94,28,35,0,22.47,40,107,89,72.9,44.5,23.5,63,6930,2,8884,78.2,0.65,6.73,63.5,0
94,29,35,0,21.52,16,138,0,80.4,41.7,24.3,63,7392,1,8506,78.4,0.64,7.29,63.5,1
94,30,35,0,22.5,17,120,100,64.4,48.7,25.0,65,6441,1,8851,77.3,0.63,6.43,63.5,0
94,31,35,0,22.36,17,173,0,76.3,53.9,23.2,62,4862,1,8472,77.7,0.62,6.46,63.6,0
94,34,35,0,21.61,20,62,32,68.8,51.9,24.8,59,7418,1,7856,72.1,0.62,7.26,69.5,1
94,35,35,0,22.18,19,85,42,67.7,51.2,24.3,59,11483,1,8149,72.4,0.59,6.83,70.1,0
94,36,35,0,22.65,41,132,70,77.5,47.4,25.1,60,10577,1,8204,73.3,0.59,6.23,71.1,0
94,37,35,0,22.59,70,114,39,90.6,45.7,26.0,62,8269,1,8192,73.9,0.67,5.93,72.3,0
94,38,35,0,22.45,57,151,51,68.8,48.5,24.1,66,6393,1,9532,73.7,0.72,6.36,73.2,0
95,14,28,2,24.75,2,89,0,73.6,36.2,24.0,64,8541,2,18642,45.7,1.44,4.6,21.9,0
95,15,28,2,24.56,19,132,0,79.3,35.4,24.5,73,6543,2,18404,46.6,1.57,4.8,22.8,0
95,16,28,2,24.03,43,178,20,68.6,32.8,24.1,69,5826,2,19466,46.8,1.63,5.32,24.3,0
95,17,28,2,24.51,43,126,28,67.4,32.9,24.9,75,12022,2,19320,47.1,1.68,4.93,25.0,0
95,18,28,2,25.19,34,140,30,54.9,34.9,23.7,71,7007,2,19320,46.8,1.6,5.55,25.8,0
95,20,28,2,23.8,27,63,0,70.9,37.1,24.1,62,9348,2,18762,49.4,1.58,5.69,28.7,0
95,21,28,2,25.35,32,48,103,71.5,37.2,25.2,69,9262,2,19832,50.2,1.61,4.12,30.1,0
95,22,28,2,23.49,16,142,0,72.5,34.2,24.9,74,4679,2,19832,50.2,1.66,5.86,28.5,0
95,23,28,2,25.31,19,152,64,63.9,33.7,24.7,72,7371,3,20616,49.1,1.62,4.09,27.7,0
95,24,28,2,26.0,29,138,82,57.0,35.5,24.8,72,7271,3,20616,50.1,1.76,3.5,27.7,0
95,27,28,2,24.07,35,43,120,77.4,28.8,24.0,67,8229,3,20927,52.1,1.95,5.68,23.7,0
95,28,28,2,23.96,22,73,18,53.3,36.1,24.3,70,6129,3,21372,53.5,2.01,5.6,23.7,0
95,29,28,2,24.22,51,163,31,82.0,37.8,26.6,72,7220,3,21917,53.0,1.94,4.7,23.0,0
95,30,28,2,24.77,14,146,0,48.5,25.4,25.1,70,4267,3,21917,52.0,1.95,4.54,23.0,0
95,31,28,2,23.77,28,171,7,84.0,37.0,24.9,71,5939,3,22318,52.7,2.01,5.79,23.0,0
95,34,28,2,24.29,23,98,0,63.5,38.1,24.3,66,5184,3,21081,48.9,1.89,5.21,34.8,0
95,35,28,2,23.38,22,84,71,80.2,35.3,24.6,71,7028,3,21662,49.5,1.93,6.13,33.3,0
95,36,28,2,24.64,36,140,0,46.7,35.1,25.7,70,4262,2,21372,47.9,1.78,4.43,36.2,0
95,37,28,2,23.46,47,115,0,72.8,30.4,25.0,72,5150,2,21320,49.0,1.89,5.72,37.4,0
95,38,28,2,24.49,45,171,30,76.7,31.4,25.3,76,4514,2,21308,47.1,1.77,4.52,39.2,0
96,14,25,1,22.15,29,124,68,58.9,32.4,24.6,50,10436,2,11803,58.4,1.0,7.39,72.8,1
96,15,25,1,22.18,42,99,63,37.5,39.3,24.0,56,9942,2,12120,57.0,0.9,7.16,73.4,1
96,16,25,1,22.57,24,130,7,56.7,30.7,23.5,54,9047,2,11821,55.7,0.86,6.84,75.7,1
96,17,25,1,22.27,29,145,0,48.5,33.6,24.0,56,4408,2,11821,55.1,0.83,6.95,75.7,1
96,19,25,1,23.89,65,125,17,41.6,36.8,23.4,54,11022,1,11161,58.5,0.83,6.55,51.8,0
96,20,25,1,23.13,15,149,39,47.1,31.1,23.8,51,9896,2,11077,57.6,0.88,6.56,46.5,0
96,21,25,1,22.98,49,143,46,46.3,34.2,23.1,55,6442,2,12143,57.8,0.87,6.5,45.2,0
96,22,25,1,24.1,46,196,0,48.8,38.2,23.9,56,8858,2,11551,58.2,0.84,5.04,43.6,0
96,23,25,1,23.05,42,175,40,44.6,34.5,23.9,60,6860,2,12476,58.3,0.91,6.27,41.5,1
96,24,25,1,22.91,46,175,0,51.9,35.1,24.4,63,9466,1,12474,58.9,0.99,6.27,43.1,0
96,27,25,1,22.0,13,89,0,58.1,34.4,21.8,52,8398,1,12614,62.4,0.88,7.22,57.6,1
96,28,25,1,21.79,32,79,0,55.2,36.0,23.0,54,8517,2,12577,60.7,0.86,7.79,58.3,1
96,29,25,1,23.08,34,118,85,30.4,30.1,23.8,50,12765,1,11990,60.2,0.83,6.43,59.2,0
96,30,25,1,23.09,21,154,76,47.7,34.0,24.3,53,10536,1,12286,61.3,0.88,6.42,60.9,0
96,31,25,1,23.47,41,196,0,43.0,35.0,23.6,55,6117,2,10451,61.8,0.91,5.82,59.2,0
96,33,25,1,24.92,49,115,120,49.4,36.9,23.6,52,13787,2,11957,61.0,1.0,5.86,68.5,1
96,34,25,1,23.56,39,167,0,34.2,39.5,21.9,58,5593,2,12315,58.4,1.05,5.96,74.3,0
96,35,25,1,21.4,33,205,0,41.7,34.6,23.4,60,5828,2,11659,58.5,1.09,8.05,71.7,1
96,36,25,1,21.86,14,157,0,33.4,29.8,23.7,53,6988,2,10787,55.7,0.98,7.58,72.4,1
96,37,25,1,21.9,57,144,0,47.9,34.2,22.8,53,7019,2,9385,53.9,0.8,7.65,71.7,1
96,38,25,1,23.24,46,132,58,59.4,28.7,23.8,52,6454,2,9106,52.9,0.7,6.09,70.8,0
97,14,20,1,23.11,50,161,18,30.2,39.5,21.0,70,4142,1,10017,71.6,0.9,7.43,65.8,0
97,15,20,1,22.89,79,124,0,16.5,42.4,20.0,69,6750,0,9345,71.7,0.88,7.56,67.7,1
97,16,20,1,22.35,71,154,22,12.6,52.0,21.2,67,7993,1,8946,71.6,0.86,7.74,66.8,0
97,17,20,1,23.47,90,125,24,22.9,45.1,21.5,69,3789,0,9304,70.4,0.84,6.91,68.9,1
97,20,20,1,23.5,86,132,0,34.7,48.1,21.1,63,5591,0,8653,69.5,0.81,6.55,62.1,0
97,21,20,1,24.53,60,160,98,37.8,44.6,20.6,70,8427,0,8526,69.8,0.88,6.12,61.0,0
97,22,20,1,22.89,54,232,0,24.3,45.2,20.9,71,5452,1,8117,68.9,0.97,7.41,60.0,1
97,23,20,1,23.44,79,159,0,40.5,54.2,21.2,72,6551,1,7346,68.4,0.9,6.42,60.0,1
97,24,20,1,23.28,80,208,10,31.6,41.7,20.7,72,4113,1,7047,68.4,0.94,6.94,59.7,0
97,26,20,1,23.83,73,116,0,19.9,42.3,21.1,67,5129,1,7139,66.5,0.9,7.8,72.9,1
97,27,20,1,23.83,104,149,0,29.4,45.8,21.0,65,5070,1,7265,65.9,0.91,6.19,76.7,1
97,28,20,1,23.46,58,222,0,40.0,43.1,20.6,72,3760,1,7064,70.2,1.03,6.81,76.0,0
97,29,20,1,23.62,85,143,25,22.7,51.0,21.4,70,4106,1,7734,70.2,1.07,6.61,76.3,1
97,30,20,1,22.68,47,219,39,30.1,52.2,21.6,70,5981,1,8669,70.8,1.14,7.57,77.1,1
97,31,20,1,23.17,59,179,0,28.0,46.3,20.7,71,7372,1,8111,72.0,1.15,6.97,77.2,1
97,32,20,1,23.12,94,184,0,19.4,42.8,20.4,72,5643,1,8218,71.4,1.15,8.28,77.2,1
97,34,20,1,24.16,87,157,0,30.2,43.7,21.1,69,5118,1,7722,76.4,1.23,6.3,40.2,1
97,35,20,1,23.24,68,207,0,26.6,47.2,20.7,71,4985,1,8579,76.4,1.24,7.1,40.1,1
97,36,20,1,23.52,59,149,0,42.4,47.8,20.4,71,4324,1,10029,77.4,1.17,6.69,39.6,1
97,37,20,1,23.67,89,203,0,30.8,42.9,20.1,74,5973,1,10628,78.0,1.23,6.59,40.6,1
97,38,20,1,23.13,66,189,35,21.6,44.9,20.7,71,4900,1,11493,78.6,1.21,7.36,39.5,0
98,14,22,2,23.99,106,46,0,39.7,35.8,23.1,53,6496,2,14505,44.7,1.25,6.52,54.2,0
98,15,22,2,22.8,89,55,20,20.5,33.2,22.2,57,10778,2,13777,44.3,1.24,7.68,54.2,1
98,16,22,2,24.98,86,47,30,24.9,35.9,23.5,50,7690,2,13253,44.5,1.26,5.46,55.8,0
98,17,22,2,23.0,69,75,0,27.7,34.3,22.8,56,11406,2,14794,44.9,1.31,7.5,57.2,0
98,20,22,2,25.46,107,29,55,43.2,33.5,23.1,52,7118,2,14053,46.7,1.1,5.1,69.9,0
98,21,22,2,24.98,108,88,103,37.0,39.3,24.3,58,7892,2,14235,47.1,1.15,5.48,70.8,0
98,22,22,2,23.68,61,126,120,38.8,31.0,22.5,59,12388,2,13763,47.2,1.17,7.08,71.5,0
98,23,22,2,24.2,97,89,0,18.7,29.8,22.7,56,10890,2,13782,47.7,1.19,6.11,71.7,0
98,24,22,2,24.24,106,175,61,27.6,32.7,23.7,56,8554,2,13881,47.1,1.13,6.08,72.6,0
98,25,22,2,25.5,113,76,0,30.8,28.4,24.1,56,8037,2,12767,46.5,1.07,5.88,75.0,0
98,26,22,2,23.93,84,114,0,12.1,29.3,21.9,57,8744,2,14797,63.8,1.36,7.75,50.9,1
98,27,22,2,24.48,90,27,21,21.1,34.0,23.3,58,10541,2,15365,69.0,1.38,6.07,50.1,0
98,28,22,2,23.96,61,132,62,32.9,35.0,20.8,56,8642,2,15550,69.3,1.38,6.6,51.0,0
98,29,22,2,25.97,61,87,30,28.9,33.9,20.6,57,9636,2,15157,69.3,1.37,4.79,50.1,0
98,30,22,2,23.84,115,134,102,24.5,36.6,21.3,60,10035,2,16949,71.2,1.58,6.79,48.4,0
98,31,22,2,25.11,74,115,16,27.1,33.1,22.1,54,5692,3,17103,70.5,1.48,5.16,46.6,0
98,34,22,2,25.36,104,0,0,17.0,34.5,22.3,52,7657,3,17945,70.2,1.56,5.2,44.4,1
98,35,22,2,24.85,100,65,53,39.1,37.3,22.6,61,7728,3,18404,70.2,1.56,5.74,42.8,0
98,36,22,2,24.04,70,152,41,23.0,37.1,22.0,59,7555,3,18534,70.2,1.54,6.68,42.0,0
98,37,22,2,23.93,79,110,0,25.4,38.7,21.8,51,5525,3,18813,70.7,1.57,6.52,42.0,0
98,38,22,2,25.4,90,100,70,34.6,31.6,22.0,58,7475,3,19058,70.5,1.54,5.27,42.7,0
99,14,24,2,24.17,115,150,29,33.2,38.5,23.2,57,7582,3,20995,34.0,2.96,4.76,0.0,0
99,15,24,2,24.72,135,92,0,31.0,31.8,23.4,57,6521,3,21642,34.1,2.95,4.02,0.0,0
99,16,24,2,24.14,92,134,0,51.4,33.5,24.3,58,10224,4,21642,34.0,2.96,4.43,0.0,0
99,17,24,2,24.14,130,119,0,53.8,28.3,23.1,57,10223,4,21642,33.5,2.93,4.32,0.0,0
99,20,24,2,23.95,114,17,0,50.3,34.1,22.6,51,7236,4,21479,30.3,2.86,4.83,10.1,0
99,21,24,2,25.11,97,94,90,49.4,36.5,23.6,56,9491,4,20845,30.0,2.82,3.75,8.5,0
99,22,24,2,24.2,151,128,0,60.7,34.7,23.9,61,6240,4,20845,30.5,2.86,4.21,9.7,0
99,23,24,2,25.4,118,186,47,38.0,26.4,22.8,56,6403,4,21640,30.6,2.91,3.59,9.7,0
99,24,24,2,23.99,134,165,103,46.2,30.9,23.5,56,8638,4,21055,31.7,2.97,4.84,9.7,0
99,27,24,2,23.72,125,2,93,26.3,32.5,23.1,50,11096,4,20157,33.8,2.66,5.28,0.0,0
99,28,24,2,25.51,136,97,52,43.3,30.7,22.6,56,5583,3,19455,33.5,2.61,3.5,0.0,0
99,29,24,2,25.18,113,184,57,36.1,27.8,23.3,60,7277,3,20035,34.4,2.7,3.5,0.0,0
99,30,24,2,23.9,139,129,120,47.5,35.7,22.8,59,10788,3,20035,34.7,2.74,5.09,0.0,0
99,31,24,2,25.59,128,160,120,48.6,29.5,23.3,60,10275,3,20035,35.0,2.69,3.5,0.0,0
99,32,24,2,24.23,105,136,53,34.0,39.9,22.6,60,8193,3,19395,36.8,2.75,5.94,0.0,0
99,34,24,2,24.46,125,54,69,34.0,36.1,23.4,55,9602,4,21022,34.9,2.95,4.46,0.3,0
99,35,24,2,24.19,116,102,0,45.0,38.3,23.0,59,8286,3,22143,35.7,2.98,4.53,0.2,0
99,36,24,2,24.87,118,133,0,45.9,33.5,22.3,60,5320,3,22143,34.7,2.93,3.91,0.8,0
99,37,24,2,23.97,106,148,55,46.0,32.6,22.0,57,5841,3,22143,35.9,2.95,5.0,0.0,0
99,38,24,2,23.8,124,140,0,50.7,35.0,22.6,59,7303,3,22729,34.8,2.85,4.76,0.0,0
100,14,61,0,21.98,55,20,0,28.2,37.5,19.4,65,3394,0,4952,77.7,0.16,7.66,78.2,1
100,15,61,0,20.93,33,83,31,45.2,36.8,19.8,64,6041,0,5050,77.9,0.18,8.43,78.2,1
100,16,61,0,20.62,25,17,0,16.4,41.8,18.3,63,4333,0,4524,77.0,0.13,8.08,77.4,1
100,17,61,0,21.22,21,35,0,16.2,39.4,18.9,59,5593,0,4531,74.9,0.13,7.73,77.4,1
100,19,61,0,21.7,19,37,0,12.8,40.4,19.2,62,4530,0,4416,74.5,0.11,8.07,75.8,1
100,20,61,0,21.86,5,67,0,22.1,39.7,18.8,62,5772,1,4766,79.4,0.16,7.81,78.4,1
100,21,61,0,21.46,15,63,76,22.1,40.8,19.7,62,6567,1,4590,79.7,0.16,8.61,78.2,1
100,22,61,0,21.72,26,47,0,7.1,33.8,18.5,59,4297,1,4584,79.7,0.08,8.12,78.4,1
100,23,61,0,21.6,14,39,22,19.1,44.8,18.6,64,6635,0,4510,79.8,0.09,8.09,78.4,1
100,24,61,0,22.06,15,39,44,25.4,40.2,18.6,61,8065,0,4518,79.8,0.09,7.61,78.4,0
100,26,61,0,22.27,44,24,0,0.0,47.2,18.6,58,3128,0,4869,79.5,0.08,8.09,79.3,1
100,27,61,0,21.35,27,25,0,14.6,40.3,19.1,60,4949,0,5882,78.0,0.07,7.84,97.1,1
100,28,61,0,21.07,36,48,28,21.2,43.6,19.9,62,7417,0,5987,79.2,0.09,8.2,96.7,1
100,29,61,0,20.93,18,43,0,25.2,34.4,18.6,61,3539,0,6036,78.6,0.05,8.32,96.7,1
100,30,61,0,21.41,25,15,101,26.6,39.2,18.1,61,6876,0,5832,78.4,0.06,7.55,96.6,1
100,31,61,0,21.91,32,26,28,11.8,45.6,20.5,62,4586,0,6117,81.5,0.1,7.93,97.0,1
100,34,61,0,21.29,33,53,0,30.8,38.5,19.1,62,4858,0,5996,82.7,0.08,7.61,85.7,1
100,35,61,0,21.03,41,53,0,15.6,42.3,19.7,60,4661,0,6242,81.3,0.1,7.51,83.5,1
100,36,61,0,21.39,39,77,0,26.5,40.1,18.3,64,8683,0,7279,78.6,0.17,8.19,83.8,0
100,37,61,0,21.79,2,60,43,22.2,42.7,18.9,64,6019,0,7359,78.9,0.17,8.09,84.1,1
100,38,61,0,21.49,15,40,19,18.0,44.7,19.7,64,4530,0,7174,78.5,0.17,8.07,84.1,1
101,14,55,0,21.61,2,4,53,53.5,38.9,23.0,60,5745,0,5794,74.2,-0.43,8.48,73.7,1
101,15,55,0,21.41,7,15,0,41.0,37.5,22.6,59,5657,0,5373,74.2,-0.39,8.3,74.0,1
101,16,55,0,22.13,3,39,0,59.8,30.8,22.5,63,6146,0,5873,74.2,-0.43,8.02,74.0,0
101,17,55,0,21.77,31,17,27,52.0,35.1,22.3,58,4872,0,6013,74.0,-0.36,8.26,73.8,0
101,19,55,0,21.89,23,21,43,45.0,38.0,22.5,58,6678,1,5925,77.5,-0.31,8.85,74.1,0
101,20,55,0,22.06,38,0,0,42.7,35.1,21.9,59,2985,1,5968,77.6,-0.36,8.25,85.3,1
101,21,55,0,21.04,12,47,30,62.3,34.8,23.1,58,5628,1,6004,81.9,-0.38,8.28,85.3,1
101,22,55,0,21.48,21,0,0,61.8,41.7,22.9,60,5061,1,5785,79.8,-0.39,8.06,85.9,0
101,23,55,0,21.56,1,52,0,62.2,38.6,22.1,60,4577,1,7430,80.3,-0.38,8.29,85.9,1
101,24,55,0,21.24,2,77,0,25.3,32.1,22.5,60,4581,0,7121,80.7,-0.42,8.81,85.3,1
101,27,55,0,21.38,0,0,62,43.2,37.6,20.8,58,8418,1,7016,80.6,-0.42,8.39,73.3,1
101,28,55,0,21.11,0,44,11,46.2,42.0,21.8,59,5417,1,6759,80.2,-0.43,7.59,73.3,1
101,29,55,0,22.2,10,43,96,45.8,37.3,21.2,62,9427,1,6597,76.2,-0.37,8.87,73.3,1
101,30,55,0,21.6,18,17,18,58.2,38.2,22.2,58,4932,1,6436,74.6,-0.41,8.6,73.1,1
101,31,55,0,21.75,0,30,0,57.0,31.2,21.7,62,6913,0,6610,74.7,-0.45,8.67,73.1,1
101,32,55,0,22.99,52,23,120,40.2,36.4,21.3,59,8717,0,6540,74.6,-0.48,8.15,73.1,1
101,34,55,0,22.24,0,38,0,46.3,34.8,20.1,61,5122,0,6784,70.9,-0.45,8.37,76.0,1
101,35,55,0,22.49,21,19,0,64.2,37.6,21.9,59,10389,0,6559,70.5,-0.46,8.43,75.6,1
101,36,55,0,21.23,0,7,0,49.5,28.6,22.2,61,6701,0,6624,71.5,-0.47,8.98,75.6,1
101,37,55,0,21.37,0,44,0,61.8,37.8,21.8,59,4035,0,5326,72.2,-0.53,7.86,75.3,0
101,38,55,0,21.99,18,40,0,54.9,39.7,20.9,55,4757,0,5628,70.7,-0.5,8.22,75.6,1
102,14,43,1,23.19,49,95,0,55.0,27.1,19.2,66,6075,1,9517,65.2,0.77,6.78,68.0,1
102,15,43,1,21.97,35,72,0,61.6,29.0,19.0,66,9415,1,8922,66.5,0.79,7.88,69.0,1
102,16,43,1,23.18,62,69,83,72.1,31.0,19.8,66,7685,1,8778,64.8,0.72,6.79,68.3,1
102,17,43,1,23.0,51,56,0,54.9,30.7,19.3,65,5329,2,8639,65.8,0.76,7.09,67.9,1
102,20,43,1,23.31,75,30,12,83.8,28.3,19.5,61,7157,1,8607,65.7,0.71,6.76,72.9,0
102,21,43,1,23.02,52,92,0,70.2,30.4,19.8,63,6264,1,8238,65.6,0.68,6.88,72.9,1
102,22,43,1,22.89,64,94,0,53.4,33.5,18.3,63,5529,1,7783,65.3,0.67,6.92,72.9,0
102,23,43,1,22.87,57,52,0,63.2,21.3,19.2,64,4453,1,7839,66.4,0.71,6.97,73.7,0
102,24,43,1,22.92,42,128,41,64.5,31.1,19.8,64,8474,1,7758,65.6,0.66,7.07,72.0,1
102,25,43,1,23.32,40,26,0,53.7,25.4,18.9,64,7616,1,7866,65.2,0.55,7.9,71.4,0
102,27,43,1,23.25,51,23,0,49.6,28.9,20.3,61,4486,1,8170,71.2,0.66,6.98,63.6,0
102,28,43,1,23.69,44,70,32,55.7,29.3,19.5,62,7422,1,8045,71.6,0.64,6.35,62.2,0
102,29,43,1,22.75,46,120,44,57.6,27.4,18.9,65,5843,1,8859,71.8,0.67,7.19,61.5,0
102,30,43,1,22.51,41,52,0,69.6,33.8,18.6,64,6467,1,9310,73.8,0.72,7.5,61.5,1
102,31,43,1,23.19,60,67,0,63.7,31.7,19.4,64,4324,1,9030,72.9,0.67,6.93,63.3,0
102,34,43,1,22.3,48,59,22,59.9,27.1,19.2,61,5893,1,8833,71.9,0.66,7.75,70.5,0
102,35,43,1,22.96,37,25,0,71.7,26.9,20.2,62,5592,1,8770,70.7,0.59,7.07,71.4,1
102,36,43,1,23.63,61,69,86,50.7,30.1,19.7,65,5894,1,8272,70.7,0.57,6.51,72.3,1
102,37,43,1,23.63,58,74,77,77.4,27.6,19.5,64,5900,1,8234,71.4,0.6,6.29,70.8,0
102,38,43,1,23.92,89,144,0,63.2,31.1,19.6,68,5002,1,9463,72.3,0.65,5.76,70.9,0
103,14,25,2,24.37,122,137,111,42.7,30.8,26.2,66,8174,2,18737,61.5,2.27,5.57,24.6,0
103,15,25,2,24.05,96,195,0,27.6,34.5,25.6,69,7492,2,19197,60.6,2.2,5.91,23.4,0
103,16,25,2,25.72,115,166,4,45.4,32.2,26.1,69,4900,2,18956,60.2,2.16,4.2,22.1,0
103,17,25,2,24.7,116,183,0,59.2,31.7,24.4,67,5301,2,19396,60.1,2.19,5.35,22.6,0
103,20,25,2,24.14,111,95,0,37.6,33.7,25.6,62,5528,2,18600,51.7,2.04,5.69,37.0,0
103,21,25,2,24.18,88,145,20,56.2,36.8,23.9,66,7181,2,16943,51.0,2.06,5.91,39.2,0
103,22,25,2,24.3,101,162,0,30.0,25.5,24.4,67,4752,2,16961,50.5,2.05,5.77,40.7,0
103,23,25,2,24.25,96,139,0,42.5,36.7,25.2,69,5400,2,15719,51.2,2.02,5.65,44.1,0
103,24,25,2,23.85,94,180,120,34.2,29.2,25.7,67,7772,2,15719,50.8,2.01,6.48,41.9,0
103,27,25,2,24.93,111,87,9,45.5,40.5,25.4,60,5490,2,16276,46.3,1.9,4.88,46.1,0
103,28,25,2,24.41,82,179,0,35.8,39.9,25.1,63,9092,2,16850,46.3,1.92,5.81,46.1,0
103,29,25,2,25.73,105,207,35,48.0,33.1,25.8,68,8932,2,17305,46.7,1.9,3.81,46.6,0
103,30,25,2,24.63,116,164,0,46.8,34.9,25.8,69,8035,2,17546,47.8,2.05,5.3,46.1,0
103,31,25,2,24.92,99,158,96,47.1,31.2,24.5,67,10739,2,17546,47.2,1.97,5.21,45.3,0
103,34,25,2,23.95,115,125,0,31.2,34.5,25.8,61,3549,2,17532,54.1,2.02,5.97,44.0,0
103,35,25,2,23.85,88,177,102,41.8,31.3,25.5,68,7445,2,18273,54.0,2.0,6.13,42.0,0
103,36,25,2,24.18,95,158,0,37.0,35.1,24.4,66,7204,2,19315,53.3,1.98,5.93,40.6,0
103,37,25,2,24.2,88,132,0,43.3,34.7,25.7,64,6437,2,19541,53.2,1.97,5.76,40.6,1
103,38,25,2,24.7,116,167,0,50.2,29.5,24.1,66,6488,2,18337,53.2,1.96,5.41,41.2,0
104,14,39,1,23.69,78,65,0,58.8,32.1,18.3,60,3598,1,7323,61.6,0.57,7.42,77.2,1
104,15,39,1,22.55,95,115,0,38.5,34.9,18.7,64,5208,1,6758,69.9,0.57,8.38,77.7,1
104,16,39,1,23.69,85,86,25,41.3,27.9,18.0,62,3562,1,6604,69.5,0.43,7.38,78.7,1
104,17,39,1,23.27,83,154,24,61.5,26.7,18.0,62,5414,0,6373,69.3,0.44,7.19,79.9,0
104,19,39,1,23.17,104,89,0,34.5,30.3,18.0,66,4708,0,7241,69.7,0.39,7.77,79.1,0
104,20,39,1,24.1,78,148,7,48.5,31.0,18.6,62,5823,0,8585,75.9,0.42,6.88,71.7,0
104,21,39,1,22.02,60,131,0,65.9,33.0,17.3,70,3395,1,10068,76.9,0.44,8.37,75.1,1
104,22,39,1,23.27,52,129,23,45.3,32.0,19.6,62,9121,1,9530,74.8,0.47,7.92,75.4,0
104,23,39,1,22.99,68,100,0,41.0,39.5,18.7,62,3765,1,9657,76.7,0.43,8.04,75.4,0
104,24,39,1,22.94,67,108,0,47.9,34.7,17.8,63,2431,1,9979,78.0,0.41,7.32,74.5,0
104,27,39,1,24.81,84,88,10,56.8,30.0,18.9,66,6563,1,9743,78.8,0.43,6.08,66.3,0
104,28,39,1,23.76,65,165,0,39.8,32.5,18.3,64,3443,1,10706,77.3,0.56,7.21,66.3,0
104,29,39,1,23.88,92,130,0,36.7,31.3,19.8,67,6496,1,11499,77.3,0.58,7.1,65.5,0
104,30,39,1,23.68,73,144,0,57.2,23.8,19.7,71,6675,1,11828,77.7,0.67,7.28,65.5,0
104,31,39,1,23.38,90,171,24,37.0,27.6,18.4,64,3791,1,12830,77.8,0.68,7.61,64.7,0
104,34,39,1,24.57,60,68,31,39.0,26.2,18.5,62,6383,1,10792,67.7,0.59,6.65,67.5,1
104,35,39,1,23.92,68,109,11,41.6,35.1,18.9,64,6380,1,8886,67.0,0.6,7.17,68.6,0
104,36,39,1,23.45,95,157,0,31.8,33.4,19.9,66,6109,1,9502,71.4,0.69,7.38,68.6,1
104,37,39,1,23.73,83,168,0,59.9,26.6,18.9,68,4543,1,10725,71.2,0.73,7.17,68.6,0
104,38,39,1,22.98,65,139,71,33.5,30.1,19.7,64,5359,1,12176,71.8,0.79,8.13,69.3,1
105,14,37,2,24.64,50,66,28,57.8,30.1,18.9,56,6708,1,7074,60.2,0.72,6.73,58.0,0
105,15,37,2,24.06,74,91,29,56.8,28.2,18.2,61,7279,1,7834,63.3,0.8,7.05,60.0,0
105,16,37,2,24.41,38,67,63,56.1,28.4,18.8,61,8342,1,7629,63.0,0.8,7.0,61.4,0
105,17,37,2,24.42,49,81,29,59.2,30.8,19.2,59,5153,1,7729,63.0,0.78,6.8,60.6,0
105,20,37,2,24.76,71,33,56,57.9,26.8,19.0,54,7287,1,8776,75.8,0.68,6.63,56.8,1
105,21,37,2,24.21,84,31,23,61.0,28.9,18.8,60,8045,1,9191,77.6,0.8,7.02,55.5,0
105,22,37,2,24.19,53,117,0,50.1,25.3,17.4,56,5990,1,10103,77.1,0.78,6.76,55.2,1
105,23,37,2,23.97,27,128,47,58.5,26.7,18.4,58,7001,1,10266,76.3,0.76,7.45,54.5,1
105,24,37,2,23.69,61,76,25,66.3,26.5,16.6,59,8204,1,8999,75.9,0.71,7.27,54.9,0
105,27,37,2,23.53,46,35,31,66.7,29.9,18.6,56,9405,1,8793,68.3,0.76,7.78,76.6,1
105,28,37,2,24.68,43,34,67,76.6,24.2,18.5,61,9870,1,8753,67.8,0.75,6.45,77.5,0
105,29,37,2,23.78,54,95,52,63.3,23.1,18.4,60,5268,1,8637,67.7,0.77,7.45,76.2,0
105,30,37,2,23.95,36,59,0,53.6,27.1,18.6,59,7311,1,10289,67.5,0.74,7.4,76.6,0
105,31,37,2,24.22,42,100,0,59.8,25.9,17.7,60,11834,1,10810,67.2,0.72,6.87,75.5,0
105,32,37,2,25.13,56,70,91,46.6,21.5,17.8,62,6386,1,8973,66.9,0.71,7.2,76.0,0
105,34,37,2,23.69,22,68,63,48.6,31.8,18.9,58,5106,1,9263,68.6,0.91,7.52,53.6,0
105,35,37,2,23.88,51,81,57,59.7,25.6,18.5,59,9616,1,9098,68.1,0.85,7.51,53.6,0
105,36,37,2,24.04,43,83,0,71.8,31.4,18.6,56,4730,1,8639,68.0,0.81,7.29,55.3,0
105,37,37,2,24.6,57,57,0,72.2,30.5,18.0,58,7627,1,8748,68.2,0.77,6.37,55.3,1
105,38,37,2,25.11,79,100,0,66.4,34.3,18.2,60,9709,1,10541,68.3,0.85,5.96,55.3,0
106,14,34,2,24.2,25,51,23,43.9,54.4,19.7,62,6325,0,7320,72.6,0.19,7.34,73.9,1
106,15,34,2,23.86,51,95,78,39.9,45.2,20.1,64,6558,0,7393,72.7,0.12,7.73,74.7,1
106,16,34,2,23.68,53,91,0,51.9,52.1,19.7,64,5344,0,7235,73.0,0.11,7.39,73.9,1
106,17,34,2,23.4,51,140,0,38.5,51.8,19.4,61,4572,0,6556,72.8,0.15,7.89,73.4,1
106,19,34,2,24.32,38,61,56,28.7,43.5,21.2,61,5011,0,6703,70.0,0.12,7.46,71.1,1
106,20,34,2,23.22,20,127,0,58.5,50.0,20.1,63,6793,0,7058,78.1,0.18,7.8,72.4,0
106,21,34,2,23.76,38,111,43,54.2,52.6,20.1,58,6434,1,7107,76.8,0.16,7.64,72.4,1
106,22,34,2,24.55,24,77,0,38.3,45.3,20.2,65,6317,1,6800,76.7,0.11,7.03,73.4,1
106,23,34,2,24.38,35,135,0,56.1,47.8,19.8,62,3946,0,6161,76.2,0.12,7.03,73.4,1
106,24,34,2,23.69,1,118,19,50.9,49.9,21.0,64,6026,0,6265,77.3,0.21,7.56,74.1,1
106,27,34,2,23.68,31,102,0,36.9,51.6,20.2,60,4400,1,7174,73.0,0.21,7.61,74.4,1
106,28,34,2,23.16,0,146,26,47.9,49.1,20.7,62,7846,1,6809,73.5,0.27,7.95,73.7,0
106,29,34,2,23.67,43,125,69,50.2,55.5,21.2,63,6172,1,6799,71.8,0.23,7.58,73.7,1
106,30,34,2,24.2,50,119,0,47.1,51.6,20.8,63,6011,1,7258,71.5,0.24,6.85,74.7,1
106,31,34,2,24.4,14,107,18,56.7,48.1,21.0,66,4407,1,7777,72.0,0.28,7.08,74.0,0
106,33,34,2,24.9,42,121,120,47.2,49.6,20.9,62,7046,1,8429,72.8,0.33,7.82,73.5,1
106,34,34,2,23.01,38,109,0,42.7,49.1,21.0,61,4796,1,8240,70.2,0.3,8.06,66.3,1
106,35,34,2,24.2,45,112,0,55.1,43.9,21.3,63,5653,1,7868,69.8,0.28,7.04,65.4,1
106,36,34,2,24.02,31,117,31,51.2,48.1,21.1,66,11010,1,7282,70.0,0.33,7.23,65.4,1
106,37,34,2,23.52,33,107,0,44.9,51.7,20.8,65,4403,1,7418,69.9,0.31,7.67,66.0,0
106,38,34,2,24.16,63,146,18,64.9,47.2,22.4,65,5439,1,7776,69.2,0.27,6.98,66.8,0
107,14,45,1,22.21,0,94,0,19.9,44.7,25.7,67,3377,2,18345,42.7,1.81,5.63,11.5,0
107,15,45,1,22.99,8,120,62,35.1,36.2,26.2,71,6153,2,18683,42.4,1.77,4.79,11.6,0
107,16,45,1,22.67,16,173,49,40.5,41.3,26.1,68,7816,2,18683,42.5,1.74,5.15,12.1,0
107,17,45,1,22.46,42,140,0,44.7,33.2,26.2,70,5024,2,18683,42.6,1.76,5.11,10.7,0
107,20,45,1,22.34,36,13,0,34.2,33.5,27.3,64,3354,2,18648,41.6,1.83,5.24,36.2,0
107,21,45,1,23.02,41,96,0,31.3,36.1,26.2,64,2873,2,18459,40.6,1.78,4.78,36.2,0
107,22,45,1,22.68,21,164,0,27.9,42.1,26.5,68,7309,2,18459,40.9,1.84,4.95,37.0,0
107,23,45,1,21.78,14,186,0,50.3,39.7,26.7,74,3744,2,18739,40.9,1.84,5.97,36.4,0
107,24,45,1,22.76,21,123,0,43.3,40.8,27.2,71,4066,2,18739,39.6,1.77,4.79,36.4,0
107,27,45,1,22.54,15,54,53,45.5,33.8,25.2,59,5527,2,18766,42.4,1.87,5.4,28.2,0
107,28,45,1,21.87,22,114,0,30.0,40.9,26.2,69,5608,2,18984,42.7,1.89,5.77,28.7,0
107,29,45,1,22.52,14,123,82,38.7,38.0,25.6,69,9121,2,18185,42.0,1.88,5.52,29.7,0
107,30,45,1,22.61,0,100,47,34.6,29.1,26.8,70,4381,2,17797,41.8,1.83,5.4,29.2,0
107,31,45,1,22.27,5,128,0,47.7,34.5,25.3,70,4987,2,17797,41.9,1.81,5.67,29.2,0
107,33,45,1,23.23,25,30,51,33.5,35.0,25.0,62,4451,2,17724,48.0,1.74,6.26,29.6,1
107,34,45,1,22.93,40,103,0,27.4,43.7,27.0,67,5891,2,18391,50.3,1.86,4.56,15.5,0
107,35,45,1,22.94,34,130,0,26.4,34.8,26.5,70,6313,2,19875,50.9,1.9,4.68,13.1,0
107,36,45,1,22.29,15,137,0,25.3,34.1,24.9,68,5463,2,19378,50.7,1.91,5.62,13.1,0
107,37,45,1,22.66,29,167,104,45.1,31.3,25.2,70,7550,2,19378,50.6,1.86,5.4,14.9,0
107,38,45,1,22.07,22,144,61,42.1,38.5,25.1,71,5584,2,18350,52.0,1.9,6.04,16.6,0
108,14,16,2,23.69,35,263,0,92.7,35.1,24.8,64,6759,1,10132,67.8,0.69,7.6,68.2,0
108,15,16,2,24.05,36,231,0,83.4,33.2,26.1,64,3677,1,10595,66.2,0.6,7.15,67.3,0
108,16,16,2,23.68,32,224,51,78.7,30.4,26.2,68,7192,1,12096,65.5,0.6,7.64,68.3,0
108,17,16,2,24.58,78,226,0,80.8,34.0,24.6,63,7478,1,12556,64.6,0.53,6.95,68.3,1
108,20,16,2,23.64,45,172,40,52.3,39.5,24.4,66,9240,1,11760,65.2,0.58,8.07,72.0,0
108,21,16,2,24.55,53,211,0,75.1,33.1,25.3,65,5224,1,11775,64.4,0.51,6.78,71.5,0
108,22,16,2,24.43,34,215,42,68.0,37.8,25.8,67,7312,1,12439,65.1,0.58,7.05,72.2,0
108,23,16,2,24.67,29,247,43,61.3,31.4,24.1,61,5555,1,12186,65.5,0.62,7.05,72.0,1
108,24,16,2,24.03,32,239,106,79.8,35.2,25.7,67,7865,1,11218,65.5,0.61,7.55,72.0,1
108,27,16,2,24.39,41,209,0,79.4,39.9,26.2,64,5064,1,11729,70.9,0.58,6.83,78.1,0
108,28,16,2,24.22,44,222,33,62.3,43.6,25.8,66,8502,1,12086,70.7,0.61,7.08,79.6,0
108,29,16,2,24.15,26,246,115,82.1,28.1,23.8,65,8564,1,12528,71.5,0.65,7.75,78.5,0
108,30,16,2,23.99,30,206,92,76.1,29.3,25.1,70,8920,1,10815,72.4,0.61,7.78,77.7,0
108,31,16,2,24.72,64,212,52,80.2,28.3,23.7,67,5384,1,11905,73.6,0.6,7.09,76.4,1
108,32,16,2,25.21,75,220,0,59.7,40.4,24.8,68,9953,1,12793,73.7,0.59,7.29,74.5,1
108,34,16,2,25.26,43,277,57,75.8,32.3,24.7,68,5644,2,13707,78.1,0.71,6.26,68.1,1
108,35,16,2,23.8,46,222,34,77.2,35.4,24.5,66,5802,2,14845,79.0,0.84,7.89,69.0,0
108,36,16,2,24.2,61,206,46,72.0,33.3,24.4,66,4814,2,14821,78.4,0.76,7.51,68.1,1
108,37,16,2,23.66,21,205,38,62.6,34.8,24.1,69,4539,2,15131,78.4,0.73,8.09,68.6,1
108,38,16,2,24.01,44,214,61,76.3,31.3,25.5,67,7638,1,14572,77.5,0.65,7.59,69.8,0
109,14,38,1,23.69,1,105,84,54.1,32.4,18.7,55,10463,1,5780,70.6,0.27,7.3,70.2,1
109,15,38,1,23.37,47,152,120,46.6,28.3,18.3,61,9734,1,6044,73.3,0.3,7.59,70.3,1
109,16,38,1,21.51,34,130,47,59.5,33.9,16.7,62,10410,1,6266,73.5,0.3,7.66,69.9,1
109,17,38,1,23.33,27,113,102,44.2,30.4,18.0,57,10543,1,6341,66.2,0.29,7.52,69.9,1
109,20,38,1,22.88,28,98,120,64.1,37.7,18.2,55,9084,1,6501,65.9,0.21,7.99,90.1,0
109,21,38,1,22.54,23,150,45,70.6,31.6,18.4,59,10320,0,6708,66.4,0.17,8.17,90.1,1
109,22,38,1,23.44,31,125,9,47.9,32.6,17.2,55,8027,0,6756,67.6,0.11,7.14,89.9,1
109,23,38,1,24.65,42,105,22,56.8,37.8,17.8,56,8372,0,6804,67.9,0.18,6.1,90.9,0
109,24,38,1,21.07,24,138,61,35.6,28.6,18.0,59,9790,0,6910,66.5,0.3,8.39,90.9,0
109,27,38,1,22.89,42,105,60,58.3,35.0,18.1,60,11152,0,8725,62.8,0.29,7.85,89.1,1
109,28,38,1,21.44,41,135,16,57.7,36.0,18.8,58,4471,0,8984,63.5,0.25,7.7,89.5,0
109,29,38,1,24.0,41,141,46,56.2,35.4,19.8,57,9569,0,8124,59.7,0.22,6.75,89.5,0
109,30,38,1,23.0,33,163,0,46.2,28.1,18.7,59,10887,0,8075,59.1,0.28,7.8,89.5,1
109,31,38,1,23.26,0,99,0,45.3,30.9,18.9,56,9911,0,7636,63.3,0.27,7.76,89.1,0
109,34,38,1,21.88,40,132,119,45.6,34.0,18.6,58,14329,0,7737,64.1,0.33,7.34,86.3,1
109,35,38,1,22.91,24,115,19,50.9,36.4,19.4,57,14475,0,7588,60.3,0.38,8.13,86.3,0
109,36,38,1,21.88,44,83,0,50.7,30.8,18.3,56,8548,1,7419,60.3,0.38,7.66,86.3,1
109,37,38,1,23.88,50,130,0,48.1,35.9,18.6,53,18000,0,7173,58.1,0.35,6.91,86.3,1
109,38,38,1,24.07,61,162,99,50.6,32.6,18.7,53,9227,0,7198,59.5,0.29,6.88,86.3,0
110,14,37,1,22.87,52,57,18,57.0,34.9,23.0,64,5810,0,7132,73.3,0.2,7.71,56.3,1
110,15,37,1,22.44,31,32,0,67.2,35.0,23.2,60,2900,0,7032,74.3,0.13,7.64,56.3,1
110,16,37,1,22.65,46,66,103,57.8,35.3,23.5,60,11203,0,6128,72.9,0.15,7.6,56.3,1
110,17,37,1,23.73,42,42,33,58.3,39.7,23.8,60,4645,0,5879,75.5,0.14,7.67,56.3,1
110,18,37,1,24.49,75,4,0,49.5,38.1,22.7,62,3254,0,5602,74.6,0.11,7.3,56.3,1
110,20,37,1,22.84,63,19,7,59.7,27.6,23.4,60,4929,0,5587,70.9,0.16,7.61,73.9,1
110,21,37,1,22.7,50,75,52,66.0,36.5,23.2,62,4981,0,5046,71.8,0.15,7.63,73.7,0
110,22,37,1,23.94,30,23,43,77.3,31.1,22.1,59,5628,0,5135,73.4,0.15,7.47,73.6,0
110,23,37,1,23.98,52,66,0,75.9,35.6,23.1,57,4472,0,5244,71.4,0.13,7.68,73.6,1
110,24,37,1,22.62,27,65,0,62.4,39.2,23.2,59,5099,1,4923,69.2,0.13,8.06,73.4,1
110,25,37,1,24.17,53,0,29,53.2,31.0,23.9,59,5435,1,4944,69.3,0.12,7.42,73.6,1
110,27,37,1,23.23,32,33,0,69.2,32.9,23.6,58,7634,1,4571,66.6,0.05,6.96,69.8,1
110,28,37,1,23.43,60,0,52,51.0,38.5,24.7,62,5562,1,5348,69.4,0.08,7.26,68.7,1
110,29,37,1,22.85,36,71,0,54.3,35.7,23.6,61,3782,1,5926,69.8,0.11,7.99,68.2,1
110,30,37,1,22.77,35,33,77,48.7,33.8,23.0,56,7931,1,5459,72.0,0.08,7.59,68.2,1
110,31,37,1,23.93,49,30,0,61.3,34.0,23.9,57,5495,1,5558,72.5,0.08,7.77,67.8,0
110,34,37,1,23.97,46,37,0,53.7,35.9,22.8,60,4303,1,5733,74.5,0.08,7.8,52.0,0
110,35,37,1,23.55,70,37,11,67.4,36.7,23.1,58,7273,1,5882,74.3,0.07,7.07,52.8,0
110,36,37,1,23.08,41,50,24,60.1,38.4,22.6,62,6848,1,6449,76.4,0.11,7.69,53.4,1
110,37,37,1,22.78,38,62,0,53.8,34.3,23.5,60,5315,1,6270,76.4,0.09,7.76,52.7,1
110,38,37,1,22.76,55,55,0,56.7,31.4,23.1,57,4566,1,6310,76.5,0.09,7.71,53.2,1
111,14,33,0,22.21,44,53,0,64.5,37.4,23.8,56,7438,1,5645,76.3,0.57,6.96,80.5,1
111,15,33,0,22.35,52,37,0,57.8,35.7,23.0,53,6330,1,5648,76.8,0.53,6.89,81.1,1
111,16,33,0,21.9,27,42,0,48.8,34.1,24.0,56,7581,1,5794,77.2,0.56,7.44,80.6,1
111,17,33,0,22.14,26,72,120,50.5,28.9,22.7,54,10123,1,5815,77.0,0.54,7.34,81.4,1
111,20,33,0,22.57,57,42,14,54.9,35.5,23.6,56,8610,1,6185,74.4,0.55,6.56,76.0,0
111,21,33,0,22.17,72,61,42,26.4,33.6,23.1,55,6183,0,5708,75.0,0.57,7.12,75.2,0
111,22,33,0,22.01,38,96,0,59.6,32.1,21.9,53,6296,0,6101,75.0,0.57,7.52,75.7,1
111,23,33,0,22.09,35,46,49,54.0,32.4,23.6,55,6886,0,7529,79.4,0.54,7.15,75.6,1
111,24,33,0,22.02,50,31,86,49.6,33.8,23.7,54,10864,0,7763,79.4,0.56,7.28,75.2,1
111,25,33,0,22.78,60,24,56,47.7,32.2,24.0,54,5807,0,7458,79.4,0.55,7.23,74.4,0
111,26,33,0,22.52,72,19,0,47.6,27.4,23.2,56,10668,0,7406,80.5,0.58,7.58,74.6,1
111,27,33,0,22.49,42,36,62,60.7,39.8,23.6,51,10315,0,7365,82.9,0.58,6.66,72.8,0
111,28,33,0,21.92,35,58,0,58.1,29.5,24.0,52,8114,0,7229,82.9,0.59,6.86,72.8,1
111,29,33,0,22.38,57,97,35,57.3,26.0,23.5,55,6489,1,7602,81.4,0.6,6.97,71.8,1
111,30,33,0,21.53,46,51,102,50.8,30.8,23.3,58,9689,0,7620,81.5,0.59,7.67,71.8,1
111,31,33,0,22.09,63,52,0,63.0,28.6,23.8,51,5171,1,7433,80.5,0.58,6.42,71.3,1
111,33,33,0,22.83,60,48,14,47.8,31.9,23.4,52,7967,1,8047,78.1,0.68,7.55,74.3,1
111,34,33,0,22.29,20,8,0,44.2,36.0,23.7,52,11536,1,8651,78.2,0.62,6.99,74.4,1
111,35,33,0,22.02,34,46,47,52.2,33.1,23.2,50,12257,1,8839,78.2,0.59,7.43,75.3,1
111,36,33,0,22.16,59,63,73,59.5,24.6,24.0,54,9691,0,8268,78.2,0.56,6.93,76.2,1
111,37,33,0,22.55,74,46,42,51.2,36.3,24.5,54,10388,0,7237,78.0,0.61,6.49,76.2,1
111,38,33,0,22.29,66,64,93,52.4,28.3,23.0,56,13717,0,7410,78.1,0.65,7.13,76.3,0
112,14,21,2,23.99,43,102,0,51.6,29.5,20.6,60,7869,2,18234,43.6,1.74,5.27,17.8,0
112,15,21,2,23.65,60,177,68,56.7,32.1,20.8,61,7078,2,17809,42.4,1.69,5.8,16.3,0
112,16,21,2,24.51,49,143,26,31.1,28.3,22.0,62,12819,2,17859,41.5,1.62,4.84,12.3,0
112,17,21,2,24.18,65,122,62,49.6,20.0,21.4,64,10087,2,17859,42.6,1.68,5.06,11.7,0
112,20,21,2,24.38,49,20,54,48.6,34.3,21.6,52,10866,3,18473,37.7,1.71,5.2,41.9,0
112,21,21,2,24.54,64,127,83,51.4,26.4,20.2,59,7875,3,18808,38.4,1.72,4.83,40.4,0
112,22,21,2,23.98,36,190,23,49.1,34.7,20.8,59,10505,3,19832,38.3,1.74,5.42,40.7,0
112,23,21,2,24.53,57,144,0,54.5,33.0,21.2,62,8125,2,19832,37.5,1.68,4.85,43.2,0
112,24,21,2,23.17,39,153,37,51.3,31.4,21.1,58,17063,3,20522,37.9,1.73,6.38,43.2,0
112,26,21,2,24.84,61,14,117,46.5,21.9,20.5,54,15692,3,19314,45.9,1.75,6.07,72.9,1
112,27,21,2,23.47,45,70,33,50.9,30.5,22.0,56,10327,3,19940,48.3,1.83,5.99,24.0,0
112,28,21,2,24.75,36,55,78,47.1,30.7,20.2,59,14631,2,19124,47.2,1.76,4.87,24.0,0
112,29,21,2,24.52,42,121,91,47.4,29.3,21.5,60,12602,2,18456,48.0,1.78,5.04,22.0,0
112,30,21,2,24.87,47,172,120,58.5,30.9,20.8,62,10797,2,18456,49.0,1.84,4.6,22.8,0
112,31,21,2,24.05,54,135,0,54.1,30.1,20.4,61,12234,2,18456,49.4,1.86,5.3,22.2,0
112,32,21,2,24.73,53,103,40,29.9,25.9,20.7,59,6832,2,17609,49.3,1.84,6.02,21.7,0
112,34,21,2,24.14,55,41,57,64.8,29.0,20.2,54,14742,2,19524,59.1,1.95,5.49,38.2,0
112,35,21,2,23.6,36,96,0,45.1,31.9,21.7,55,10434,2,19871,59.0,1.93,5.75,39.5,0
112,36,21,2,24.04,51,162,11,52.3,31.1,21.0,58,8113,2,18335,57.8,1.86,5.41,42.0,0
112,37,21,2,23.48,8,163,120,42.5,34.4,20.2,58,9258,3,18335,57.9,1.87,6.2,41.7,1
112,38,21,2,24.49,71,136,0,47.5,37.3,20.4,60,11239,2,16919,57.2,1.77,4.76,42.2,0
113,14,31,0,22.53,28,64,120,54.6,30.3,16.3,56,12974,1,6394,44.3,0.7,7.24,75.3,1
113,15,31,0,22.83,19,60,0,51.8,27.0,16.4,58,5892,0,6312,45.5,0.7,6.85,75.3,1
113,16,31,0,22.12,15,100,57,45.2,34.0,16.8,57,8212,1,7386,47.1,0.72,7.69,74.3,1
113,17,31,0,21.99,29,88,0,58.1,31.4,17.1,58,8758,0,7733,48.9,0.72,7.77,73.8,1
113,20,31,0,22.38,36,81,0,50.0,34.8,16.8,59,11595,0,7639,54.5,0.83,7.49,78.0,1
113,21,31,0,21.05,0,54,40,42.0,36.4,17.0,59,6214,1,6991,54.5,0.79,7.74,77.2,1
113,22,31,0,22.29,28,91,0,58.1,31.9,16.9,52,8305,0,7122,53.3,0.71,7.25,77.2,0
113,23,31,0,21.3,20,68,0,46.9,32.9,15.1,53,7393,0,6975,54.3,0.78,7.66,77.2,0
113,24,31,0,22.67,31,14,37,41.1,32.5,15.0,55,8979,0,7020,55.4,0.79,7.05,77.6,1
113,26,31,0,22.52,53,47,0,31.4,36.2,17.0,54,8289,0,6747,68.0,0.79,7.26,74.8,1
113,27,31,0,22.17,19,100,115,33.8,33.2,16.0,54,7101,0,7373,67.9,0.79,7.7,80.2,1
113,28,31,0,22.76,11,39,33,47.0,29.7,15.8,56,7367,0,7433,77.0,0.75,7.19,81.1,1
113,29,31,0,22.6,35,75,55,46.4,37.7,15.1,57,8214,0,7654,76.4,0.75,7.29,81.1,1
113,30,31,0,22.05,31,65,0,44.5,33.2,15.3,55,7741,0,6007,76.4,0.72,7.59,80.2,1
113,31,31,0,22.01,31,113,77,43.4,26.3,15.1,54,11598,1,5998,76.4,0.73,7.63,80.1,1
113,32,31,0,21.59,31,83,0,30.2,41.7,15.5,56,5810,1,5787,76.4,0.74,7.55,80.8,1
113,34,31,0,23.11,28,39,0,53.1,33.1,15.9,55,10534,1,6153,76.5,0.65,6.65,83.2,0
113,35,31,0,21.94,11,32,120,45.2,26.1,16.3,54,8537,1,6247,75.7,0.71,8.06,84.6,1
113,36,31,0,21.52,47,89,30,44.5,35.7,15.3,55,5353,1,5968,80.3,0.69,7.13,84.1,0
113,37,31,0,22.46,29,67,45,31.2,27.8,15.1,55,7628,0,6906,76.8,0.7,7.32,83.6,1
113,38,31,0,22.27,47,95,0,50.8,39.3,15.0,56,9847,0,6755,79.9,0.72,7.36,84.1,0
114,14,27,1,23.18,16,79,61,40.7,48.4,22.2,58,8272,1,10451,68.6,0.93,6.98,59.1,1
114,15,27,1,22.83,13,143,34,50.2,43.4,21.5,58,5635,1,11377,68.5,0.91,7.33,58.2,1
114,16,27,1,23.28,52,131,0,72.4,42.3,22.7,61,4843,1,11096,68.9,0.91,6.53,57.4,1
114,17,27,1,23.23,29,180,119,67.9,41.2,21.7,61,6089,1,11019,68.9,0.94,7.1,56.0,0
114,20,27,1,22.91,6,82,40,61.9,43.9,22.6,54,4872,1,11917,67.7,0.82,7.11,68.7,0
114,21,27,1,23.1,47,86,105,80.2,42.4,20.1,63,8151,1,11945,67.3,0.83,7.13,68.2,0
114,22,27,1,22.96,7,113,0,61.4,42.9,21.4,60,6589,1,13250,67.4,0.86,6.93,70.2,0
114,23,27,1,23.11,22,109,38,63.1,49.9,20.8,59,5774,1,13559,67.2,0.87,6.84,70.2,0
114,24,27,1,23.26,25,155,19,54.6,43.6,21.8,60,6515,1,13590,67.1,0.86,6.98,71.5,0
114,27,27,1,23.29,22,115,0,61.3,45.8,21.2,58,3965,1,14115,71.3,0.96,6.77,46.9,1
114,28,27,1,22.68,12,133,44,63.3,43.5,21.8,59,8512,1,14304,71.9,0.97,7.57,48.5,0
114,29,27,1,23.04,16,92,11,61.7,50.1,21.2,57,6917,1,12974,71.4,0.93,6.86,46.9,1
114,30,27,1,23.45,33,171,52,70.4,47.1,21.3,62,5749,1,13675,71.3,0.97,6.52,46.9,0
114,31,27,1,23.55,41,161,32,71.5,44.8,21.5,63,6685,1,13983,71.7,0.97,6.33,45.1,0
114,33,27,1,23.63,6,63,53,39.9,42.5,21.8,58,9315,1,13100,67.2,0.96,7.88,74.4,1
114,34,27,1,23.1,15,76,59,66.9,49.7,20.8,58,7791,1,13084,68.4,1.01,6.93,68.3,1
114,35,27,1,22.84,13,108,0,64.4,48.2,20.7,56,3949,1,13349,68.7,1.02,7.25,66.7,0
114,36,27,1,23.26,6,147,0,67.7,52.1,21.9,59,6264,1,12106,68.3,1.01,6.57,67.4,1
114,37,27,1,22.22,0,193,72,57.4,46.4,20.5,61,8934,1,11737,68.6,1.04,7.86,66.7,1
114,38,27,1,23.16,24,112,51,60.0,47.4,21.0,58,11399,1,10335,67.3,0.97,6.97,68.3,1
115,14,23,2,24.56,23,80,57,13.6,34.8,24.5,58,5511,1,8058,73.1,0.46,6.49,76.8,0
115,15,23,2,23.32,42,46,120,17.4,42.7,24.9,61,12451,1,8001,73.1,0.53,7.63,76.4,0
115,16,23,2,23.29,46,4,38,0.0,38.0,25.6,57,5789,1,7603,72.7,0.46,7.52,76.2,1
115,17,23,2,23.94,31,0,0,24.9,43.2,24.8,63,4893,1,7336,72.0,0.42,6.8,76.4,1
115,18,23,2,23.83,57,0,0,4.7,39.1,24.1,62,9628,1,7502,76.6,0.43,7.43,76.8,1
115,20,23,2,24.86,29,0,92,8.1,43.5,24.3,61,11281,1,7211,81.3,0.4,6.27,84.4,0
115,21,23,2,23.99,38,69,46,29.5,38.3,24.7,62,7652,1,7758,82.5,0.48,7.05,85.0,0
115,22,23,2,23.93,20,17,0,12.3,39.8,24.7,63,4312,1,8337,82.8,0.46,7.12,85.6,1
115,23,23,2,23.72,24,19,24,22.2,39.0,23.6,61,6691,1,8242,83.0,0.46,7.46,86.5,1
115,24,23,2,24.25,36,8,75,17.6,40.5,24.0,60,5164,0,8094,82.9,0.4,6.96,85.6,0
115,27,23,2,24.27,69,4,29,19.7,49.4,24.6,58,8265,0,7307,83.2,0.46,6.39,78.9,1
115,28,23,2,23.45,26,16,0,16.9,45.8,26.0,61,5435,1,7082,83.5,0.48,7.43,78.0,1
115,29,23,2,23.42,8,17,54,8.9,36.1,25.5,61,8061,1,7432,83.0,0.41,7.57,77.5,0
115,30,23,2,23.3,14,52,0,3.7,37.3,24.1,62,4632,0,7344,83.3,0.41,7.42,77.0,1
115,31,23,2,22.94,24,6,67,6.8,43.0,24.3,58,8948,0,6986,83.1,0.42,7.08,77.5,1
115,32,23,2,24.57,21,0,0,12.5,38.1,23.6,58,7698,1,6682,78.4,0.4,7.37,77.5,1
115,34,23,2,24.04,52,25,22,29.1,37.1,23.5,57,5847,1,6477,76.0,0.38,6.96,69.0,1
115,35,23,2,22.84,52,38,64,18.5,40.6,22.9,61,6398,1,6043,76.8,0.33,8.43,69.0,1
115,36,23,2,24.27,30,0,0,19.3,36.4,23.3,57,9805,1,4925,76.1,0.23,6.74,69.6,1
115,37,23,2,23.86,36,28,0,14.5,45.2,24.8,62,5415,1,4992,76.0,0.26,6.98,70.3,0
115,38,23,2,23.75,41,47,0,15.4,44.0,24.2,56,8972,1,4989,76.0,0.29,7.12,70.3,1
116,14,53,0,22.0,36,0,21,83.9,30.5,25.7,56,6273,1,6938,79.5,0.34,7.23,81.8,0
116,15,53,0,21.77,6,35,40,63.6,32.0,25.5,57,12837,1,7399,82.1,0.33,7.93,82.0,0
116,16,53,0,21.38,4,34,0,74.5,34.6,26.3,57,7237,1,7777,82.4,0.3,7.12,81.8,0
116,17,53,0,22.21,43,15,0,67.3,26.2,25.1,60,4896,1,8275,80.1,0.37,7.66,83.8,1
116,20,53,0,21.93,13,0,0,81.4,32.3,25.5,52,6272,1,7557,76.1,0.27,6.61,53.3,0
116,21,53,0,21.87,14,82,55,79.9,34.4,25.6,59,10796,1,8349,75.1,0.34,7.84,53.3,0
116,22,53,0,21.67,18,40,10,81.3,25.7,25.7,60,5561,1,9210,76.5,0.31,7.37,53.3,1
116,23,53,0,21.91,21,25,0,76.0,32.8,24.8,58,5502,1,8588,75.9,0.31,7.47,53.3,0
116,24,53,0,22.25,5,36,25,69.9,27.5,25.5,54,6174,1,8277,76.4,0.29,7.49,53.9,1
116,27,53,0,21.51,12,64,10,69.9,29.3,25.0,53,5459,1,8316,76.4,0.34,7.78,74.7,1
116,28,53,0,21.46,6,0,120,80.2,28.1,25.0,53,11257,1,9369,76.8,0.32,7.75,74.8,0
116,29,53,0,21.48,23,60,48,72.6,34.9,24.4,58,9666,1,9054,76.4,0.28,7.65,74.8,1
116,30,53,0,21.87,21,12,0,70.6,32.7,24.5,57,7194,1,8774,76.0,0.3,7.19,74.0,1
116,31,53,0,22.44,41,2,0,85.9,34.8,24.3,59,5609,1,8707,77.8,0.29,7.88,73.6,1
116,34,53,0,22.25,10,29,0,54.8,37.7,23.9,55,7838,1,8671,77.1,0.31,7.75,72.5,1
116,35,53,0,22.02,8,0,42,73.6,34.6,25.6,53,6896,1,7809,77.2,0.23,7.69,72.1,1
116,36,53,0,21.87,37,47,35,82.3,36.0,24.7,59,6857,1,6611,77.2,0.24,7.59,72.1,0
116,37,53,0,21.49,28,33,0,78.7,27.1,23.7,53,5027,1,6996,77.8,0.22,7.35,72.1,1
116,38,53,0,21.87,20,62,0,67.9,42.5,23.6,53,7951,1,7094,76.5,0.23,7.17,72.1,0
117,14,54,1,22.36,22,60,0,51.3,45.3,21.9,68,2216,1,6066,69.2,0.5,7.97,72.8,1
117,15,54,1,22.92,20,55,0,27.6,56.9,20.6,70,2603,1,6151,69.1,0.44,7.16,72.0,1
117,16,54,1,22.98,12,75,58,47.1,53.9,20.8,73,5549,1,6471,69.2,0.4,7.22,70.8,1
117,17,54,1,22.67,8,88,0,33.8,45.1,20.4,69,5880,0,6347,69.8,0.41,7.47,70.8,1
117,19,54,1,22.52,19,73,0,29.7,58.3,21.1,70,4327,0,6233,63.4,0.46,8.49,74.1,1
117,20,54,1,22.94,27,64,0,48.2,53.0,21.0,68,2544,0,6361,63.7,0.36,6.43,69.5,0
117,21,54,1,22.48,23,97,0,52.0,49.2,20.6,69,2583,1,6515,67.3,0.43,7.52,69.5,1
117,22,54,1,21.92,0,156,47,17.9,47.7,20.7,68,4721,1,6401,68.2,0.47,7.56,69.5,0
117,23,54,1,22.36,31,81,53,34.9,45.2,19.9,69,6621,0,6400,65.9,0.42,7.48,69.6,1
117,24,54,1,22.91,36,81,0,42.1,52.4,21.4,74,3801,0,6008,65.6,0.38,7.06,69.3,1
117,26,54,1,22.36,5,84,0,18.0,53.5,21.0,67,3311,0,6402,67.9,0.43,8.02,73.6,1
117,27,54,1,21.0,7,45,37,43.0,51.2,21.1,71,3449,1,6336,71.6,0.44,7.48,81.1,1
117,28,54,1,23.15,7,70,0,29.7,52.7,22.2,73,4077,1,5560,64.2,0.44,6.99,81.1,1
117,29,54,1,22.89,21,66,0,53.5,50.5,20.0,68,2933,1,5859,64.0,0.51,7.08,79.6,0
117,30,54,1,23.22,34,119,27,37.7,53.4,20.9,66,5512,1,5909,64.0,0.52,6.86,79.2,1
117,31,54,1,21.94,34,120,0,37.8,45.7,20.5,76,2916,1,6596,63.9,0.54,7.7,79.5,1
117,34,54,1,22.52,0,105,18,31.1,46.1,20.0,67,2959,1,6594,68.3,0.48,7.31,89.4,1
117,35,54,1,22.14,0,67,85,41.3,57.1,20.6,72,6899,1,6362,68.3,0.42,7.82,89.4,1
117,36,54,1,22.08,32,46,19,46.0,50.0,20.5,68,3365,1,7034,68.2,0.4,7.57,89.6,1
117,37,54,1,22.68,0,99,0,35.3,51.1,20.6,71,2871,1,6849,68.7,0.4,7.64,89.6,1
117,38,54,1,22.2,0,90,0,25.3,54.6,22.7,69,4719,1,7193,68.7,0.39,6.66,89.1,1
118,14,47,0,21.72,0,18,42,26.2,36.5,25.1,65,4299,1,4833,84.3,0.51,7.9,84.5,1
118,15,47,0,21.56,13,40,0,13.4,35.2,25.9,64,3177,0,4846,84.5,0.43,7.85,84.5,1
118,16,47,0,21.44,12,5,0,18.1,32.0,25.7,65,4275,0,4591,84.5,0.39,7.85,84.5,1
118,17,47,0,21.08,16,36,0,3.9,35.7,24.8,65,3806,0,4212,84.2,0.37,8.53,84.5,1
118,20,47,0,21.71,26,22,40,18.2,34.5,24.3,64,4011,0,4134,84.9,0.39,7.91,74.3,1
118,21,47,0,21.93,28,70,85,27.1,32.5,25.4,68,7229,0,4400,85.3,0.39,7.71,74.4,0
118,22,47,0,21.62,13,45,0,9.8,32.0,26.1,66,3965,0,4493,85.4,0.36,7.95,74.5,1
118,23,47,0,21.68,22,79,47,35.6,40.7,24.4,67,3403,0,4881,86.1,0.34,7.81,74.2,1
118,24,47,0,21.46,9,89,27,15.1,30.6,24.0,68,4687,0,4494,86.6,0.37,7.96,73.9,1
118,25,47,0,22.13,10,60,13,0.0,35.6,26.6,67,2846,0,4496,86.3,0.35,7.54,74.2,1
118,27,47,0,21.63,18,63,0,22.0,36.1,24.8,66,5223,0,4828,87.3,0.36,7.96,78.5,1
118,28,47,0,21.25,20,53,0,26.3,33.3,25.5,67,3851,0,4558,87.5,0.37,8.25,77.7,1
118,29,47,0,21.3,25,47,0,0.1,34.8,25.6,64,6463,0,4993,87.0,0.34,7.21,77.7,1
118,30,47,0,21.55,5,45,0,20.7,33.0,24.9,68,2575,0,4901,84.1,0.39,8.02,76.8,1
118,31,47,0,21.11,8,48,120,13.8,27.0,25.6,68,7132,0,5137,84.4,0.38,8.5,77.4,1
118,32,47,0,22.02,0,18,33,16.5,35.8,24.5,65,4113,0,5061,84.4,0.38,8.27,76.8,1
118,34,47,0,21.27,0,40,19,22.0,30.6,24.6,64,5910,1,5263,82.8,0.32,8.28,79.7,1
118,35,47,0,21.75,20,0,20,33.1,34.7,24.8,67,3894,1,4988,82.6,0.3,7.23,79.7,1
118,36,47,0,21.03,0,3,36,10.9,35.5,24.7,66,4462,1,4999,82.4,0.33,7.48,79.3,1
118,37,47,0,21.57,12,53,0,7.8,35.9,23.9,63,3660,1,4497,79.5,0.36,8.03,79.3,1
118,38,47,0,21.54,21,38,0,33.1,34.7,24.4,68,7197,1,4548,79.5,0.35,7.84,79.1,1
119,14,33,0,21.59,9,113,0,31.6,33.8,17.4,62,5008,1,5241,74.8,0.76,7.65,70.5,0
119,15,33,0,22.03,12,56,0,41.9,28.7,17.1,63,4708,1,5558,77.3,0.62,6.23,71.1,1
119,16,33,0,20.94,0,76,0,25.7,29.4,17.5,63,4426,0,6082,77.6,0.75,7.42,71.7,1
119,17,33,0,22.32,0,42,32,22.7,34.4,17.4,61,6660,0,6368,77.5,0.7,7.71,71.7,1
119,20,33,0,21.92,4,55,14,41.1,30.1,17.1,59,4329,0,6576,74.3,0.58,6.49,56.5,1
119,21,33,0,21.57,18,106,0,46.8,35.6,18.1,65,3357,0,6586,74.2,0.62,7.14,56.5,0
119,22,33,0,21.38,0,92,22,36.6,34.5,17.6,64,5401,0,6636,74.1,0.6,7.33,55.8,1
119,23,33,0,20.65,0,67,0,30.7,33.0,16.5,62,3757,0,6568,74.1,0.64,6.96,55.8,1
119,24,33,0,20.58,23,64,84,31.5,29.1,17.3,59,5806,0,6527,70.1,0.66,7.32,55.1,1
119,27,33,0,22.19,16,76,0,39.9,31.5,16.0,65,5444,0,6479,69.0,0.75,6.95,67.1,1
119,28,33,0,21.8,25,101,70,47.7,32.4,15.8,68,8312,0,5764,69.2,0.71,7.6,66.5,0
119,29,33,0,21.35,0,47,0,28.7,33.7,17.4,66,5107,0,6375,68.9,0.72,7.06,67.1,1
119,30,33,0,21.28,1,83,76,29.8,24.5,17.0,61,7381,0,5699,68.6,0.66,7.01,65.8,1
119,31,33,0,20.59,0,76,0,34.0,35.3,16.5,65,9332,0,5627,69.0,0.69,7.12,65.8,1
119,34,33,0,20.98,0,97,0,25.7,33.0,16.0,63,6199,0,5709,67.8,0.81,6.79,61.7,1
119,35,33,0,21.85,0,64,40,19.5,27.0,16.8,65,4983,0,5713,66.5,0.79,7.5,61.7,1
119,36,33,0,21.09,0,106,0,51.2,35.1,17.1,66,3903,0,5617,65.8,0.76,6.54,61.7,0
119,37,33,0,21.05,19,105,75,43.0,29.6,15.3,65,6266,0,5779,64.5,0.82,6.92,63.2,1
119,38,33,0,22.47,16,106,0,36.0,29.2,17.2,66,4367,0,5669,65.9,0.82,6.64,63.8,0
120,14,46,0,21.21,4,81,93,28.2,34.7,18.9,57,8556,0,4653,62.7,0.03,7.87,76.4,1
120,15,46,0,21.93,21,63,0,23.4,38.5,20.1,57,5044,0,4967,61.7,0.01,7.57,76.5,1
120,16,46,0,21.85,16,69,0,40.5,33.4,19.5,61,4225,0,4694,61.8,0.02,8.09,76.5,1
120,17,46,0,21.35,10,44,0,18.2,34.7,20.2,59,4763,0,5237,64.3,0.03,7.47,76.6,0
120,19,46,0,22.45,28,100,0,10.6,35.2,19.6,56,4275,0,5082,64.1,0.09,7.37,79.9,1
120,20,46,0,21.44,0,51,0,22.5,38.2,19.5,57,8760,0,5087,70.8,0.12,8.77,86.2,1
120,21,46,0,21.26,3,65,0,37.8,34.4,19.2,61,4240,0,5262,70.8,0.05,7.71,86.6,1
120,22,46,0,21.82,36,67,0,23.8,28.4,19.6,57,5784,0,4957,70.3,0.04,7.06,87.0,1
120,23,46,0,21.99,10,112,0,39.7,38.0,18.2,61,5470,0,4746,71.2,0.09,7.53,86.5,0
120,24,46,0,21.53,18,116,0,13.0,36.7,19.3,58,6237,0,4731,72.0,0.08,8.57,88.3,1
120,27,46,0,22.45,35,89,0,30.3,37.3,20.0,55,4609,0,4641,82.2,0.12,7.41,77.6,0
120,28,46,0,21.14,5,122,21,28.6,35.5,18.9,59,4504,0,4960,81.0,0.15,8.27,77.6,1
120,29,46,0,22.03,32,69,0,35.8,34.4,18.8,57,6520,0,4815,81.6,0.12,7.7,77.6,0
120,30,46,0,21.61,19,115,54,36.2,35.2,19.5,60,4304,0,5876,81.5,0.11,7.31,77.1,1
120,31,46,0,21.13,11,72,0,28.9,33.4,19.1,57,8350,0,5288,80.9,0.17,7.89,77.6,1
120,34,46,0,21.14,7,74,51,37.3,33.5,19.6,60,4712,0,5542,72.0,0.03,7.4,84.0,1
120,35,46,0,20.94,0,79,32,12.5,40.0,18.0,58,5408,0,5444,69.6,0.13,7.31,83.5,1
120,36,46,0,21.17,20,44,27,20.0,34.3,19.3,56,7442,0,5771,67.2,0.16,8.43,83.0,1
120,37,46,0,22.08,22,76,0,21.2,36.9,19.3,60,5425,0,5968,67.2,0.06,7.07,83.0,0
120,38,46,0,21.86,40,100,106,28.3,39.9,18.5,56,8099,0,6441,67.2,0.1,8.02,83.0,1
121,14,31,1,23.79,14,49,0,8.8,43.3,19.3,62,6151,1,6263,65.5,0.11,6.49,74.4,0
121,15,31,1,22.5,18,105,23,29.9,49.4,19.1,62,8768,1,7110,66.0,0.18,7.66,73.7,1
121,16,31,1,23.1,46,55,76,3.2,50.6,19.8,62,6650,1,6319,65.4,0.09,7.06,73.1,1
121,17,31,1,22.24,13,48,0,15.9,49.0,20.5,64,7497,1,6206,65.9,0.13,7.8,73.1,1
121,20,31,1,22.98,34,92,43,16.9,48.6,20.1,61,6025,0,6637,73.1,-0.01,7.06,72.6,1
121,21,31,1,22.12,33,73,51,7.4,45.7,19.8,60,10312,1,6853,73.6,0.03,7.93,72.2,1
121,22,31,1,22.94,38,77,49,11.3,47.9,20.0,59,8069,0,6826,72.7,0.01,7.2,72.2,0
121,23,31,1,22.98,29,114,0,7.6,43.5,19.7,63,4435,0,6316,72.7,-0.01,7.11,72.6,1
121,24,31,1,23.82,16,86,0,14.7,49.6,19.3,63,7804,0,5918,73.1,0.05,6.09,73.3,0
121,27,31,1,22.45,30,124,73,4.9,49.0,20.8,58,6336,0,5657,70.6,0.14,7.78,69.0,1
121,28,31,1,24.01,20,104,0,14.0,48.5,20.4,62,8971,0,5259,72.1,0.12,6.05,69.0,1
121,29,31,1,23.94,38,99,39,16.1,49.5,21.4,64,6031,0,5619,72.1,0.15,5.99,68.9,1
121,30,31,1,24.06,43,142,0,10.4,50.5,21.2,63,7920,0,6128,72.6,0.27,5.92,67.8,0
121,31,31,1,22.4,20,157,0,12.2,43.0,21.7,66,6566,1,6809,72.5,0.35,7.69,65.9,0
121,34,31,1,22.06,9,111,0,20.1,46.9,20.7,59,8247,1,7111,74.0,0.26,7.93,79.5,1
121,35,31,1,22.52,14,70,70,0.0,52.4,21.1,59,8383,1,7006,72.4,0.19,7.58,80.1,1
121,36,31,1,21.86,23,108,27,19.0,48.2,20.8,58,5372,1,7254,73.2,0.22,7.86,80.1,1
121,37,31,1,22.37,18,98,0,8.6,46.5,20.9,60,5607,1,7192,70.4,0.17,7.73,80.5,1
121,38,31,1,23.87,45,100,34,22.1,45.7,20.7,60,8672,1,7384,69.8,0.13,6.04,81.9,0
122,14,24,2,24.64,87,127,17,52.1,46.7,22.5,62,8343,1,10594,54.6,0.65,6.35,52.4,0
122,15,24,2,24.73,68,137,0,52.7,47.8,22.8,60,7510,1,11754,55.0,0.71,6.4,56.2,0
122,16,24,2,24.76,81,184,35,55.4,47.9,23.4,63,5863,1,11217,55.1,0.77,6.29,52.3,0
122,17,24,2,24.0,68,207,43,56.7,49.7,21.6,68,8567,1,11886,55.9,0.8,6.92,53.8,0
122,19,24,2,25.27,92,102,0,33.5,43.2,22.1,58,6806,1,12069,56.8,0.75,7.11,69.6,1
122,20,24,2,24.62,86,141,54,72.6,54.5,22.5,62,5542,1,12428,55.9,0.8,6.36,68.3,0
122,21,24,2,25.28,75,197,0,50.3,48.6,22.0,63,5466,2,12891,55.6,0.78,5.76,67.0,0
122,22,24,2,23.04,87,166,71,52.5,46.8,24.2,66,7500,2,13261,57.0,0.91,7.82,65.6,0
122,23,24,2,25.15,98,132,50,56.3,44.5,23.1,63,12426,2,12819,54.1,0.8,6.09,69.4,0
122,24,24,2,24.69,107,196,61,52.8,49.4,22.5,66,5547,2,12798,56.7,0.97,6.5,70.0,0
122,25,24,2,26.0,92,218,0,47.0,43.8,22.2,67,5731,2,13205,57.6,1.01,6.28,69.0,1
122,26,24,2,26.0,106,200,0,33.1,43.0,23.1,67,6491,2,14004,56.7,1.19,6.49,55.5,0
122,27,24,2,24.4,96,180,0,48.1,45.9,22.5,67,5908,3,15077,64.1,1.34,6.73,45.5,0
122,28,24,2,24.68,93,196,0,47.7,44.6,22.9,70,6112,3,15719,64.4,1.38,6.31,44.6,1
122,29,24,2,24.31,102,207,0,56.2,42.5,22.9,66,3838,3,14937,64.4,1.39,6.6,43.7,0
122,30,24,2,25.02,90,202,73,48.5,42.8,22.4,66,7827,3,16112,63.8,1.37,6.2,42.1,0
122,31,24,2,25.02,88,187,0,49.6,48.7,23.1,66,4437,3,16446,63.9,1.38,5.95,41.6,0
122,34,24,2,24.0,59,165,20,23.6,42.9,22.9,58,8744,3,16773,60.5,1.38,7.36,54.6,1
122,35,24,2,23.93,91,119,20,51.4,44.5,23.4,62,3573,3,16502,60.2,1.31,6.97,54.6,1
122,36,24,2,24.49,80,135,0,44.2,41.4,22.1,61,3387,2,15889,58.7,1.22,6.73,55.3,0
122,37,24,2,24.48,68,167,50,31.5,40.7,24.2,67,6021,3,15826,62.2,1.3,6.48,56.3,0
122,38,24,2,24.72,92,163,13,37.9,45.8,22.3,63,7659,3,15939,61.5,1.27,6.41,54.9,0
123,14,24,2,24.2,31,102,0,50.9,27.1,22.9,58,5050,1,8269,84.5,0.46,7.49,81.4,0
123,15,24,2,25.09,50,89,53,61.8,27.5,22.0,58,7454,1,8000,85.2,0.44,6.46,80.4,0
123,16,24,2,24.43,41,133,11,61.3,36.4,23.0,59,6724,1,8903,84.9,0.49,7.11,79.3,0
123,17,24,2,23.87,13,120,0,47.1,30.2,23.7,60,8607,1,8910,84.9,0.53,7.71,79.6,1
123,20,24,2,24.24,25,68,0,26.0,34.2,23.5,57,5543,1,8114,80.6,0.44,7.4,71.5,1
123,21,24,2,23.82,26,61,0,35.4,37.9,24.0,58,6657,1,8099,80.9,0.46,7.61,72.4,0
123,22,24,2,23.34,22,77,59,42.3,34.0,23.4,56,9467,1,8102,80.5,0.48,8.24,73.3,1
123,23,24,2,24.26,38,89,0,42.9,34.7,23.2,56,9794,1,7101,78.8,0.39,7.29,75.4,0
123,24,24,2,24.26,26,94,0,43.3,35.7,24.5,58,8925,1,7157,78.8,0.43,7.24,73.3,1
123,27,24,2,24.26,34,85,11,44.7,36.0,23.6,54,11007,1,6599,75.4,0.36,7.16,84.0,1
123,28,24,2,24.14,46,100,19,40.3,30.8,21.7,58,5152,1,7521,75.2,0.37,7.46,84.0,1
123,29,24,2,23.79,31,113,0,41.1,25.2,25.0,59,10310,1,7237,75.0,0.38,7.61,84.5,0
123,30,24,2,23.64,28,85,0,40.7,33.7,23.4,57,8489,1,5619,74.2,0.29,8.0,84.1,1
123,31,24,2,24.29,39,111,49,56.9,39.2,23.2,58,9336,1,5517,73.6,0.23,7.27,85.6,1
123,34,24,2,23.74,66,41,75,53.5,31.4,24.8,54,7640,1,6062,75.4,0.26,7.4,90.6,1
123,35,24,2,24.17,34,73,0,42.6,29.4,24.3,58,10761,1,6440,74.2,0.26,7.21,90.6,1
123,36,24,2,24.26,43,106,0,44.7,27.1,24.5,58,4767,1,6249,74.5,0.28,6.94,90.6,1
123,37,24,2,24.14,45,155,82,44.3,31.3,24.6,60,11576,1,6349,75.4,0.38,7.44,89.8,0
123,38,24,2,23.98,27,114,26,57.1,31.1,23.7,60,11074,1,6040,75.3,0.37,7.67,90.0,0
124,14,21,1,23.18,25,38,0,19.1,33.7,23.9,58,11948,1,5736,78.4,-0.05,8.07,74.7,1
124,15,21,1,23.55,27,40,35,25.6,33.7,24.9,59,4826,1,5670,78.5,-0.12,7.31,74.7,1
124,16,21,1,22.44,25,41,0,19.4,30.2,24.3,58,6346,0,5385,78.5,-0.1,8.49,74.7,1
124,17,21,1,22.65,29,42,72,33.0,26.2,24.8,57,6741,0,5241,79.5,-0.1,7.84,74.7,1
124,20,21,1,22.87,20,52,18,28.1,36.3,24.1,55,9191,0,4937,71.0,-0.13,8.05,84.6,1
124,21,21,1,22.42,26,12,0,41.8,33.4,24.8,54,4787,0,4371,72.4,-0.15,8.19,84.7,1
124,22,21,1,23.03,54,47,0,31.9,30.8,24.3,56,7015,0,4364,70.7,-0.2,7.81,84.7,1
124,23,21,1,22.98,38,47,120,44.4,28.9,23.1,59,7051,0,4413,70.5,-0.2,7.65,84.2,1
124,24,21,1,22.71,39,55,0,14.5,35.1,23.4,56,4487,0,4417,70.0,-0.23,7.75,84.2,0
124,27,21,1,23.01,35,17,25,26.9,30.3,24.7,54,9037,0,4260,70.5,-0.22,7.99,83.7,1
124,28,21,1,23.28,50,4,0,44.0,29.6,23.3,59,8059,0,4412,71.7,-0.24,7.46,83.7,1
124,29,21,1,22.92,49,52,0,33.6,27.9,22.9,56,6976,0,4495,71.6,-0.2,8.34,83.7,1
124,30,21,1,23.33,14,60,97,35.0,33.3,23.2,57,9683,0,4484,71.6,-0.27,8.07,83.7,1
124,31,21,1,22.57,14,41,58,37.3,27.9,23.9,54,7523,0,4506,72.2,-0.24,8.6,83.7,0
124,34,21,1,23.27,37,2,45,35.4,26.6,22.5,58,7573,0,4891,77.6,-0.25,8.11,87.7,1
124,35,21,1,22.68,54,48,82,44.5,29.2,23.2,54,7477,0,4862,77.8,-0.26,8.38,88.5,1
124,36,21,1,23.6,22,16,30,32.6,23.0,24.8,54,11499,0,4586,79.3,-0.27,7.46,88.5,1
124,37,21,1,22.95,25,39,7,43.5,26.9,23.6,61,6124,0,4572,79.6,-0.25,8.13,89.1,1
124,38,21,1,23.27,23,52,0,33.8,33.0,22.7,56,4256,0,4617,80.2,-0.28,7.91,90.0,1
125,14,31,1,22.7,34,43,109,41.6,33.7,20.0,49,10405,1,9306,81.0,0.33,7.83,78.8,1
125,15,31,1,23.26,41,57,16,44.3,38.9,19.7,50,10209,1,9140,81.5,0.31,7.03,78.8,1
125,16,31,1,22.54,7,42,63,43.1,29.4,20.1,51,16938,1,9217,81.9,0.36,8.06,78.2,1
125,17,31,1,22.56,42,42,0,35.6,35.2,19.2,51,6514,1,7676,81.3,0.29,7.82,78.2,1
125,18,31,1,23.69,24,28,0,25.2,31.5,19.4,49,7205,1,7598,80.5,0.23,7.73,78.2,1
125,20,31,1,23.01,8,55,52,32.9,30.3,19.1,45,8604,1,8159,87.4,0.26,7.5,75.2,0
125,21,31,1,22.53,15,44,96,27.0,34.9,19.7,52,11783,1,8167,87.7,0.29,8.01,74.1,1
125,22,31,1,22.48,26,0,0,37.9,38.0,19.0,46,8510,1,8228,87.3,0.22,7.93,74.1,0
125,23,31,1,22.87,46,47,0,49.8,37.4,19.3,50,11299,1,8283,86.6,0.18,7.21,75.2,1
125,24,31,1,22.83,9,34,0,41.1,36.2,19.3,50,7635,1,8460,86.4,0.15,7.41,75.2,1
125,25,31,1,24.12,16,21,70,15.5,33.6,19.5,48,11651,1,7904,86.2,0.15,7.62,76.5,1
125,26,31,1,23.77,50,37,0,28.3,30.8,18.4,55,8093,1,8322,79.1,0.21,7.63,76.6,1
125,27,31,1,23.45,24,49,58,44.8,36.5,19.7,51,10668,1,8664,76.7,0.26,6.87,71.7,1
125,28,31,1,23.14,16,71,0,35.0,37.9,19.0,54,8654,1,7087,76.8,0.29,7.13,72.6,0
125,29,31,1,22.99,29,77,87,38.1,31.6,19.5,54,9850,1,7162,77.0,0.34,7.44,71.7,0
125,30,31,1,22.84,28,79,42,68.5,31.5,19.2,51,7616,1,6917,76.9,0.31,7.51,71.2,0
125,31,31,1,22.68,18,84,4,53.3,34.6,19.4,52,10258,1,7184,77.0,0.35,7.69,70.4,1
125,34,31,1,23.92,9,0,57,34.6,26.0,18.2,48,10763,1,6852,72.4,0.32,6.59,66.7,0
125,35,31,1,22.76,39,42,39,34.0,36.8,20.0,51,15290,1,8501,72.4,0.39,7.56,66.2,1
125,36,31,1,23.02,26,39,120,45.4,33.6,19.7,53,12686,1,8002,72.4,0.42,7.62,66.2,1
125,37,31,1,22.94,26,84,29,45.2,33.6,18.7,47,5625,1,8094,73.3,0.44,7.38,66.4,1
125,38,31,1,22.63,19,36,101,42.8,35.0,19.3,52,8486,1,7918,73.8,0.43,7.37,66.4,0
126,14,23,1,22.87,18,80,0,22.6,36.5,23.9,62,5078,2,13968,44.0,1.5,5.96,58.2,1
126,15,23,1,22.72,17,135,0,27.6,41.0,22.6,59,3626,2,13529,44.2,1.48,5.98,58.2,0
126,16,23,1,23.07,13,150,0,15.0,44.7,22.7,61,4062,2,14343,43.5,1.46,5.66,57.0,0
126,17,23,1,22.88,0,146,0,40.4,40.8,22.8,66,3538,2,13885,44.6,1.53,5.91,57.3,0
126,18,23,1,22.46,24,159,92,6.9,37.9,23.7,61,6734,2,13467,44.5,1.53,7.58,58.0,1
126,20,23,1,22.38,1,69,0,15.2,31.5,23.7,60,6094,2,13297,50.2,1.68,6.49,73.6,0
126,21,23,1,22.6,0,81,0,11.9,35.2,22.9,59,5580,2,13330,49.7,1.65,6.23,74.5,1
126,22,23,1,22.88,18,102,23,6.7,36.9,22.9,60,5423,2,12667,49.1,1.57,6.02,73.6,0
126,23,23,1,23.2,17,151,13,23.9,40.9,23.3,62,5893,1,11438,49.8,1.57,5.57,74.5,0
126,24,23,1,22.92,0,141,0,12.1,35.6,24.1,67,5326,2,11153,49.6,1.59,5.77,74.5,0
126,25,23,1,21.97,24,142,43,7.8,40.3,25.1,60,6849,2,11795,49.6,1.6,7.65,74.5,0
126,26,23,1,23.57,27,134,18,0.0,42.7,23.0,59,6422,2,12278,68.0,1.73,6.34,32.0,1
126,27,23,1,23.73,31,152,0,37.2,36.1,24.6,61,7729,2,12823,76.4,1.89,4.83,29.4,0
126,28,23,1,22.92,18,177,6,27.6,39.3,24.3,65,5963,2,14686,78.0,2.01,5.52,29.3,0
126,29,23,1,22.22,0,135,26,4.3,42.7,23.4,60,4044,2,14301,77.6,2.04,6.52,28.6,0
126,30,23,1,22.18,0,149,69,21.4,38.3,24.3,68,8075,2,14517,76.9,2.0,6.54,27.9,0
126,31,23,1,23.43,39,164,0,21.3,38.1,24.2,65,3993,2,15783,75.8,1.94,5.12,26.4,0
126,34,23,1,22.76,11,47,30,9.4,33.7,25.3,55,7788,2,17477,63.1,1.89,5.89,45.7,1
126,35,23,1,22.53,19,62,36,14.2,35.9,24.7,61,4333,2,17545,63.2,1.94,6.2,46.4,1
126,36,23,1,22.44,6,128,39,18.4,37.6,24.4,62,7825,2,17569,63.1,1.94,6.12,47.8,0
126,37,23,1,22.89,24,133,76,27.7,39.4,24.0,62,9061,2,18905,62.3,1.93,5.82,48.5,0
126,38,23,1,23.07,45,136,0,19.8,42.4,24.3,63,7843,1,18717,62.1,1.91,5.3,48.5,0
127,14,30,2,25.48,93,31,119,54.7,40.0,21.3,56,10104,1,11190,47.3,0.74,5.11,58.3,0
127,15,30,2,23.59,95,125,101,44.3,37.4,21.8,60,12200,2,11599,48.1,0.86,6.96,56.5,0
127,16,30,2,23.87,71,89,16,44.6,39.6,21.1,61,9092,1,11875,47.7,0.82,6.55,57.2,0
127,17,30,2,23.94,86,84,34,46.9,40.1,21.3,59,10141,1,11806,48.1,0.85,6.47,58.1,0
127,19,30,2,26.0,111,0,120,48.3,31.5,22.3,55,8400,1,12771,52.5,0.84,5.84,38.5,0
127,20,30,2,22.78,91,87,0,39.7,38.6,21.6,57,8763,2,13194,50.1,0.95,7.68,37.1,0
127,21,30,2,23.61,80,43,0,53.5,44.5,20.5,55,5585,1,12694,48.1,0.84,6.67,37.1,1
127,22,30,2,24.28,103,68,89,45.9,39.7,20.9,58,11761,1,12985,48.0,0.85,6.32,37.1,0
127,23,30,2,25.17,116,88,0,76.1,35.5,20.9,57,8719,1,13477,47.9,0.76,5.2,38.7,0
127,24,30,2,23.12,80,89,71,47.4,43.7,21.2,61,12571,1,14141,50.3,0.92,7.49,39.1,1
127,26,30,2,25.35,95,34,43,55.3,37.2,21.0,56,6120,1,13128,55.2,0.86,6.31,10.1,0
127,27,30,2,22.84,76,48,0,39.5,35.2,21.2,59,8013,1,14093,54.5,0.93,7.52,10.7,1
127,28,30,2,23.72,88,30,61,48.4,42.6,20.8,53,8452,1,14522,53.3,0.89,6.7,11.3,1
127,29,30,2,24.2,104,62,88,53.1,38.7,21.3,56,7089,1,13180,52.9,0.78,6.41,13.2,0
127,30,30,2,25.35,85,108,0,40.6,29.5,20.9,57,8254,1,12653,53.4,0.82,5.07,12.4,0
127,31,30,2,25.65,104,135,79,45.0,35.7,20.8,58,12240,2,12929,53.8,0.93,4.83,10.2,0
127,34,30,2,24.77,106,35,120,63.2,42.7,21.2,58,7347,2,13031,41.5,0.83,5.79,48.0,0
127,35,30,2,24.67,100,122,0,46.9,34.4,21.3,56,5677,2,13492,43.9,0.97,5.79,47.2,0
127,36,30,2,23.09,87,89,0,40.0,37.5,21.8,59,5251,2,13754,45.3,1.03,7.29,46.5,0
127,37,30,2,24.19,79,120,39,68.1,45.2,20.6,60,6291,2,12046,43.4,0.96,6.17,45.9,0
127,38,30,2,25.96,106,108,95,53.7,35.9,21.5,59,9105,2,11407,42.8,0.89,4.61,46.9,0
128,14,17,2,24.1,71,151,0,96.1,49.9,16.7,67,8146,2,19101,73.9,1.79,5.18,31.8,0
128,15,17,2,24.6,69,147,59,81.4,44.0,17.2,67,13504,2,20704,74.1,1.87,4.95,30.7,0
128,16,17,2,23.82,45,154,70,76.2,44.4,17.6,65,10085,3,20620,74.8,1.9,5.83,29.9,0
128,17,17,2,24.14,86,124,0,89.2,42.5,17.6,69,7197,2,20773,73.7,1.88,5.57,32.0,0
128,20,17,2,24.17,74,87,0,78.8,38.4,18.2,58,13541,2,19784,56.0,1.83,5.87,29.3,0
128,21,17,2,25.35,72,71,62,78.9,35.2,18.5,58,10879,2,19051,55.8,1.75,4.57,31.2,0
128,22,17,2,24.55,85,132,53,84.3,47.9,18.5,66,11990,2,19051,56.4,1.76,5.3,30.4,0
128,23,17,2,23.91,46,127,0,56.8,34.7,17.6,62,8082,2,20247,56.4,1.77,5.97,30.4,0
128,24,17,2,23.95,72,128,27,80.7,41.6,17.4,65,8881,2,19632,55.5,1.68,5.73,28.1,0
128,27,17,2,24.3,72,72,38,84.4,43.1,17.3,55,7949,3,18609,46.5,1.54,5.44,35.5,0
128,28,17,2,23.77,54,95,0,83.1,48.3,17.6,59,5967,3,18925,45.8,1.5,5.81,36.5,0
128,29,17,2,23.0,63,101,55,70.8,44.6,18.0,61,9985,2,17728,45.8,1.46,6.94,35.8,0
128,30,17,2,24.06,38,109,48,76.4,48.1,18.3,60,18000,2,16730,44.1,1.31,5.86,34.8,0
128,31,17,2,24.36,49,109,0,81.2,41.8,18.8,62,5545,2,15545,44.7,1.31,5.59,36.1,0
128,33,17,2,24.84,54,25,82,58.9,39.1,17.8,56,8493,2,16450,39.7,1.3,6.47,39.1,0
128,34,17,2,25.33,91,94,72,77.0,41.8,18.2,61,9850,2,17132,46.0,1.4,4.5,38.8,0
128,35,17,2,24.19,74,156,79,88.9,44.9,18.9,66,13640,3,17893,46.4,1.5,5.81,37.6,0
128,36,17,2,23.8,61,160,0,73.9,36.0,18.3,64,4961,2,17893,46.0,1.41,6.19,37.6,0
128,37,17,2,22.49,67,146,70,80.6,44.5,17.6,64,7225,2,17893,45.4,1.34,7.47,39.2,0
128,38,17,2,24.44,75,98,62,97.4,38.7,18.9,64,8449,2,17983,43.3,1.24,5.64,39.4,0
129,14,55,0,21.3,22,185,120,30.0,28.7,15.8,58,10608,1,8684,78.6,1.2,8.61,91.2,0
129,15,55,0,21.66,31,135,22,23.9,36.6,17.3,57,5923,1,8882,79.3,1.06,7.43,91.6,1
129,16,55,0,22.84,39,148,0,39.7,32.8,16.3,56,8716,1,9164,79.5,1.02,6.67,91.8,0
129,17,55,0,22.14,48,160,120,42.3,29.4,16.1,61,8937,1,9930,78.4,1.09,7.69,93.4,1
129,20,55,0,22.44,17,140,112,26.8,35.0,16.2,57,10232,1,8588,76.9,0.99,7.24,65.7,1
129,21,55,0,21.91,28,172,51,43.7,36.5,16.3,59,10653,1,7358,80.6,0.94,7.04,65.7,1
129,22,55,0,23.78,25,206,47,42.0,36.6,17.4,61,18000,1,7040,80.3,0.95,5.96,65.7,0
129,23,55,0,20.49,47,169,120,32.9,42.6,15.0,60,8196,1,7207,77.2,1.07,8.3,66.0,0
129,24,55,0,21.21,4,145,72,31.7,33.3,16.0,58,7973,1,6373,72.7,0.99,7.51,66.0,1
129,26,55,0,22.71,45,110,47,26.8,39.3,16.2,61,8003,1,5956,69.8,1.01,7.88,79.7,0
129,27,55,0,20.95,48,132,85,31.7,35.8,16.4,58,11447,1,6618,69.5,0.95,7.91,74.7,1
129,28,55,0,21.02,25,101,28,17.8,37.0,16.9,60,6804,1,6473,68.0,0.84,7.88,74.7,1
129,29,55,0,21.19,25,140,84,26.9,35.2,15.9,58,10610,0,6288,66.7,0.89,7.21,74.7,1
129,30,55,0,21.96,48,146,64,46.2,32.9,16.1,56,10017,1,6050,65.0,0.9,7.54,74.2,0
129,31,55,0,21.73,45,150,42,50.5,39.9,17.1,59,11197,0,5202,65.9,0.84,7.76,74.7,0
129,33,55,0,21.58,43,101,98,28.6,37.5,16.6,61,13409,0,5254,63.2,0.9,7.89,74.1,1
129,34,55,0,21.88,28,152,43,33.4,36.9,15.4,55,7631,1,6452,64.2,0.9,7.27,89.3,1
129,35,55,0,21.45,24,132,37,30.6,22.6,16.9,58,10259,1,6478,64.9,0.89,7.86,88.8,1
129,36,55,0,20.48,41,71,42,30.0,35.5,17.1,59,6377,0,6348,64.9,0.83,7.58,88.3,1
129,37,55,0,22.41,51,87,77,20.5,36.0,17.1,58,6444,0,6251,66.1,0.72,7.36,87.9,1
129,38,55,0,21.06,11,153,60,35.5,27.5,16.0,59,7367,0,6459,66.3,0.79,7.66,87.9,1
130,14,40,0,21.71,83,48,0,44.5,28.7,24.0,71,4370,1,8133,74.9,0.82,7.34,75.6,1
130,15,40,0,22.98,50,36,0,35.7,38.8,24.4,65,5395,1,8509,74.5,0.78,6.22,75.0,0
130,16,40,0,22.12,83,64,0,51.4,40.2,24.1,72,3154,1,10259,74.4,0.85,7.03,75.2,1
130,17,40,0,22.07,59,117,0,48.9,42.1,25.0,74,6860,1,9293,75.3,0.91,6.98,76.0,1
130,20,40,0,22.87,64,47,0,43.7,37.7,25.4,68,3553,1,8723,68.6,0.89,6.2,69.7,1
130,21,40,0,22.23,47,107,15,48.5,39.3,24.4,70,5671,1,8606,70.2,0.98,6.92,70.5,1
130,22,40,0,22.73,65,96,0,49.4,39.7,24.9,72,4567,1,8995,69.9,0.96,6.25,70.4,0
130,23,40,0,21.92,53,128,14,38.7,36.3,24.8,70,2684,1,9844,69.7,0.97,7.42,69.9,1
130,24,40,0,22.83,77,113,46,48.8,34.2,24.8,76,4686,1,9085,69.4,0.91,6.25,70.0,0
130,27,40,0,21.97,95,30,0,44.8,37.5,24.9,69,3642,1,9594,70.1,0.94,7.18,60.7,1
130,28,40,0,20.88,46,64,0,45.2,33.6,25.5,69,3945,1,9576,69.9,0.96,8.21,59.5,1
130,29,40,0,21.89,78,45,0,58.5,35.8,25.2,70,3563,1,9083,68.0,0.9,7.03,58.8,1
130,30,40,0,22.24,69,63,0,58.1,44.6,25.3,70,5484,1,7729,67.0,0.84,6.57,58.3,0
130,31,40,0,21.6,58,77,0,35.1,41.1,25.2,67,3365,1,8708,66.8,0.88,7.42,57.7,1
130,34,40,0,22.36,79,56,0,33.5,41.6,24.9,68,4302,1,8533,60.3,0.84,6.57,83.0,1
130,35,40,0,22.29,75,134,0,52.2,33.6,25.7,72,4974,1,9041,59.9,0.82,6.68,83.8,1
130,36,40,0,22.22,50,87,0,49.7,40.2,25.1,74,3609,1,8614,59.8,0.83,6.76,85.0,1
130,37,40,0,22.69,56,113,0,39.4,37.7,25.2,74,3518,1,8445,59.5,0.8,6.33,85.0,0
130,38,40,0,22.11,64,128,0,42.4,40.0,26.1,70,4148,1,8770,59.8,0.88,6.67,86.1,0
131,14,31,1,22.53,12,36,112,54.6,38.3,22.5,59,11251,1,7519,71.8,0.68,7.53,69.5,1
131,15,31,1,22.85,29,46,0,50.3,36.1,22.3,59,5979,1,7456,71.2,0.66,7.59,70.5,1
131,16,31,1,23.48,48,75,0,67.9,36.4,21.4,61,5354,0,7593,71.3,0.6,7.0,70.5,0
131,17,31,1,22.36,38,104,0,51.8,32.8,21.2,60,5794,0,7484,71.2,0.65,7.97,69.8,1
131,19,31,1,23.33,60,12,76,43.6,38.1,20.7,58,6291,0,7194,70.5,0.59,7.65,78.6,1
131,20,31,1,22.31,31,83,0,60.8,34.3,21.5,63,7023,0,6484,74.5,0.54,7.6,90.5,1
131,21,31,1,22.6,21,42,40,48.2,39.7,21.5,57,7630,0,6486,74.0,0.59,7.86,90.5,1
131,22,31,1,23.39,21,44,0,50.2,31.1,21.6,62,3646,0,6522,74.5,0.55,7.11,91.2,1
131,23,31,1,23.27,46,48,58,53.6,32.8,20.8,62,10447,0,6595,74.3,0.56,7.2,91.2,1
131,24,31,1,23.31,37,93,0,34.6,31.3,22.6,62,6092,0,5274,75.9,0.6,6.96,91.2,1
131,27,31,1,23.28,39,56,0,50.0,39.1,21.3,59,5989,0,4656,78.8,0.63,7.06,72.0,1
131,28,31,1,22.85,37,95,0,61.2,36.1,21.5,63,4562,0,4997,79.2,0.66,7.49,72.0,1
131,29,31,1,22.98,28,55,0,53.4,34.7,20.2,66,4450,0,4880,80.1,0.67,7.35,73.3,1
131,30,31,1,23.11,49,21,0,48.9,37.2,21.9,57,5083,0,4941,80.1,0.68,7.18,74.1,1
131,31,31,1,22.04,17,113,0,55.6,38.5,21.1,59,6428,0,4759,80.3,0.67,8.18,74.1,1
131,32,31,1,23.36,55,11,0,39.0,40.4,21.1,56,5163,0,5463,79.3,0.66,7.64,72.8,0
131,33,31,1,22.93,29,56,88,44.3,35.4,21.1,59,6383,0,5340,83.3,0.7,7.82,76.6,1
131,34,31,1,23.13,35,46,26,45.0,35.7,21.0,57,8996,0,5754,84.4,0.69,7.33,79.6,1
131,35,31,1,22.95,52,46,0,62.1,32.0,20.8,60,6415,0,5753,86.5,0.71,7.24,79.7,1
131,36,31,1,22.28,41,56,0,42.8,36.4,20.5,59,4512,1,5914,86.6,0.75,7.59,79.5,1
131,37,31,1,22.98,36,71,14,57.5,36.6,19.9,58,6264,1,5854,84.6,0.72,7.45,78.9,1
131,38,31,1,23.52,3,8,91,36.0,33.7,21.5,62,7753,1,6092,84.8,0.7,7.23,79.8,1
132,14,33,1,23.09,31,156,10,34.0,40.1,17.5,60,5168,2,13365,63.5,1.11,6.11,69.2,0
132,15,33,1,22.88,35,147,0,44.9,43.9,18.0,66,8199,2,14327,63.8,1.13,6.46,68.2,0
132,16,33,1,22.71,10,176,0,33.5,38.8,17.2,61,9423,2,14934,63.9,1.15,6.69,68.3,0
132,17,33,1,22.31,26,203,17,46.8,41.0,16.2,65,8169,2,15095,63.5,1.17,6.85,69.2,1
132,18,33,1,22.71,20,179,16,27.3,43.4,18.1,62,9336,2,13641,61.9,1.13,8.0,70.2,1
132,20,33,1,21.92,23,100,64,39.7,39.0,17.4,55,10123,2,13667,69.1,1.14,7.29,44.9,1
132,21,33,1,23.68,28,62,0,44.6,47.2,18.0,63,6399,2,12951,67.3,1.0,5.63,45.7,1
132,22,33,1,22.59,10,201,0,31.2,47.4,18.2,63,10188,2,11439,67.3,1.06,6.81,48.9,0
132,23,33,1,23.22,38,142,39,47.3,38.2,17.8,63,8891,1,10852,67.4,1.04,6.47,50.5,0
132,24,33,1,23.07,10,170,21,51.9,40.3,17.6,67,6743,1,10056,67.9,1.03,6.28,50.5,0
132,27,33,1,23.65,23,97,59,34.1,43.0,17.7,60,8659,2,10452,64.2,1.02,5.85,51.2,0
132,28,33,1,22.89,19,165,42,40.9,45.1,16.9,64,5935,2,10491,64.5,1.08,6.17,51.9,0
132,29,33,1,22.55,35,160,61,50.9,42.3,17.6,62,11062,2,10108,64.1,1.07,6.91,48.8,0
132,30,33,1,23.77,30,195,0,61.0,41.8,18.8,67,8718,2,10331,63.9,1.04,5.77,47.8,0
132,31,33,1,21.99,27,229,70,49.5,47.8,16.8,67,7619,2,9900,64.3,1.11,7.25,46.6,0
132,34,33,1,23.16,3,87,0,49.6,41.7,17.3,60,4782,2,10694,55.9,1.04,6.26,33.9,1
132,35,33,1,21.83,0,139,102,15.1,39.5,17.5,63,9162,2,10260,58.3,1.11,7.97,32.8,0
132,36,33,1,23.47,47,135,20,45.7,39.2,17.9,59,8218,2,10226,56.7,0.95,5.9,33.5,0
132,37,33,1,22.5,0,195,58,44.5,43.2,19.2,64,12245,2,10276,57.6,1.01,7.18,32.9,1
132,38,33,1,22.8,49,190,89,62.1,47.8,18.4,61,9208,2,10290,56.9,0.96,6.66,33.5,0
133,14,31,2,23.1,35,73,0,30.9,35.3,21.8,61,7758,2,14121,47.6,1.46,7.01,9.4,0
133,15,31,2,25.49,21,124,0,27.4,39.3,21.9,63,7551,2,13287,47.0,1.37,4.28,8.6,0
133,16,31,2,22.98,31,152,0,29.7,41.5,21.8,64,8563,2,14723,48.8,1.55,6.86,8.2,0
133,17,31,2,23.98,42,161,63,44.5,36.3,22.5,62,10501,2,14926,47.5,1.48,5.62,9.2,0
133,20,31,2,24.93,11,85,21,50.1,36.6,22.0,56,7092,2,15208,39.9,1.46,4.98,59.0,0
133,21,31,2,24.32,32,115,37,39.8,34.0,21.5,59,13678,2,15401,39.9,1.44,5.56,58.3,0
133,22,31,2,24.77,19,146,22,20.1,37.5,21.5,62,4593,2,14526,39.9,1.41,5.06,59.2,0
133,23,31,2,25.29,37,153,30,39.5,30.3,22.5,67,7489,2,15664,42.7,1.54,4.57,58.7,0
133,24,31,2,23.89,35,158,52,37.9,43.0,21.1,65,7196,2,16054,42.7,1.55,5.81,58.4,0
133,26,31,2,22.75,33,33,55,22.3,39.6,21.4,54,8030,2,15643,43.4,1.34,7.93,62.7,1
133,27,31,2,23.82,20,19,0,26.4,36.3,21.0,55,6458,2,15817,48.6,1.46,6.1,63.6,0
133,28,31,2,23.44,48,113,0,39.5,32.5,21.2,60,4705,2,17400,49.3,1.5,6.26,62.9,0
133,29,31,2,23.39,14,166,0,23.5,41.4,21.1,58,6527,2,18196,49.1,1.55,6.38,63.4,1
133,30,31,2,24.59,34,146,120,45.9,36.5,21.1,58,11448,2,17348,48.2,1.4,5.39,63.4,0
133,31,31,2,22.46,29,138,20,24.4,39.4,21.1,63,8514,2,18143,49.8,1.51,7.44,62.0,0
133,34,31,2,22.41,32,37,24,34.0,40.5,21.3,60,6568,2,18520,74.7,1.45,7.4,56.2,1
133,35,31,2,24.41,29,37,44,19.8,40.1,21.3,54,6615,2,17888,72.4,1.27,5.57,55.4,0
133,36,31,2,23.98,18,138,120,30.7,52.9,21.0,61,8977,2,17652,72.3,1.27,5.74,54.3,0
133,37,31,2,22.44,18,156,67,43.2,38.2,21.6,67,9365,2,16571,72.6,1.23,7.46,54.6,0
133,38,31,2,24.18,15,132,0,39.2,32.5,20.3,62,7777,2,16003,72.3,1.02,5.61,54.6,0
134,14,29,1,22.96,42,121,32,67.3,30.2,21.1,52,8759,0,4782,75.3,0.17,7.45,78.9,1
134,15,29,1,23.19,33,132,36,44.6,26.2,21.8,50,11182,0,4917,75.1,0.19,7.45,78.9,0
134,16,29,1,22.59,10,132,53,39.0,26.9,20.4,50,10500,0,5519,75.3,0.22,7.8,79.0,1
134,17,29,1,23.38,17,148,97,51.4,34.5,20.8,52,11374,0,5587,77.3,0.16,7.52,78.5,1
134,20,29,1,23.14,23,125,16,40.1,34.1,22.3,50,5786,0,5589,76.3,0.19,7.25,85.8,0
134,21,29,1,22.77,40,124,52,40.9,30.3,22.0,50,12158,0,5607,77.7,0.19,8.07,85.3,1
134,22,29,1,22.9,4,129,20,46.4,29.8,21.5,52,9154,0,5737,77.8,0.19,7.43,85.3,1
134,23,29,1,22.6,12,161,0,42.8,26.5,21.2,51,10396,0,5305,81.6,0.18,7.67,85.3,1
134,24,29,1,22.75,24,135,85,54.6,27.3,21.9,54,6352,0,5670,80.6,0.22,7.92,85.8,0
134,27,29,1,22.9,50,169,24,62.3,30.1,22.4,51,10022,0,5689,80.6,0.24,8.02,70.7,1
134,28,29,1,23.36,36,161,120,52.0,37.1,21.8,49,14498,0,5593,81.0,0.25,8.19,70.1,1
134,29,29,1,23.27,27,114,120,52.7,31.4,21.9,48,10293,0,5982,80.0,0.2,7.87,70.1,1
134,30,29,1,22.35,16,115,40,44.7,32.8,22.1,52,6147,0,5284,79.8,0.17,7.48,71.1,1
134,31,29,1,22.47,3,140,16,34.0,26.9,22.6,51,7517,0,5839,77.5,0.19,7.4,72.3,0
134,32,29,1,23.04,35,163,0,16.0,30.9,22.2,51,8384,0,6133,75.6,0.2,7.35,71.5,1
134,33,29,1,23.58,43,144,63,39.3,30.6,23.1,52,11511,0,6117,75.8,0.23,7.77,73.1,1
134,34,29,1,22.54,7,136,32,43.1,29.5,22.9,52,10715,0,6431,77.2,0.24,8.11,80.3,0
134,35,29,1,22.82,23,163,5,32.9,39.1,23.3,52,6872,0,6280,77.0,0.18,7.56,80.3,1
134,36,29,1,23.13,1,144,120,59.4,30.8,22.8,53,14399,0,6588,76.7,0.21,7.12,81.0,1
134,37,29,1,23.07,29,140,0,39.9,32.4,23.6,52,6139,1,6550,76.9,0.24,6.92,80.2,0
134,38,29,1,22.54,3,134,100,45.2,33.5,22.8,53,18000,1,7507,77.1,0.29,7.7,79.6,1
135,14,18,2,24.15,63,215,41,11.7,43.5,23.2,63,7809,2,10412,59.0,1.93,5.63,37.1,0
135,15,18,2,25.23,75,240,0,17.9,43.3,22.5,62,7353,2,10632,59.2,1.94,4.44,35.7,0
135,16,18,2,23.82,65,245,0,18.7,46.0,21.3,66,8283,2,12332,59.5,2.05,5.99,35.7,1
135,17,18,2,23.94,65,179,0,15.4,43.3,23.8,67,7804,2,12427,60.7,2.08,5.64,37.4,1
135,19,18,2,25.19,81,146,0,32.8,38.8,23.7,60,5405,2,13103,56.2,2.13,5.72,31.1,1
135,20,18,2,25.5,56,262,20,7.2,37.3,23.1,63,10430,2,13769,55.9,2.21,4.15,16.3,0
135,21,18,2,24.28,58,238,31,27.9,43.6,22.9,64,7171,2,14178,56.4,2.26,5.15,14.4,0
135,22,18,2,24.24,83,236,0,20.1,35.7,22.7,64,7670,2,15188,58.7,2.38,5.41,15.8,0
135,23,18,2,24.31,64,214,65,10.5,39.1,23.3,66,9481,2,15715,58.3,2.39,5.63,13.2,0
135,24,18,2,23.04,75,209,35,14.0,39.5,23.5,64,11541,2,15895,58.1,2.34,6.8,12.5,0
135,27,18,2,25.53,65,128,0,23.9,39.1,22.8,58,4523,2,15684,41.3,2.07,4.21,52.3,1
135,28,18,2,24.16,46,233,0,13.4,38.3,23.3,62,9055,2,17437,43.2,2.21,5.53,52.3,0
135,29,18,2,23.51,69,245,74,4.5,43.3,22.4,66,12307,2,18537,43.1,2.22,6.32,51.1,1
135,30,18,2,24.0,94,232,47,21.7,43.2,23.3,64,7075,2,17168,41.6,2.09,5.59,53.1,1
135,31,18,2,24.21,76,223,82,30.3,36.2,22.1,65,10281,2,18348,41.6,2.12,5.8,53.8,0
135,32,18,2,24.54,90,237,54,1.2,43.0,23.1,61,9718,2,18707,42.3,2.1,6.38,53.6,1
135,34,18,2,23.57,43,176,102,22.4,37.4,22.7,59,8773,2,17875,46.0,2.09,6.53,23.1,1
135,35,18,2,23.74,68,217,107,33.1,39.5,22.7,62,11744,1,15965,45.1,1.92,6.2,23.9,0
135,36,18,2,23.63,107,204,78,25.1,41.3,22.7,62,8674,1,15161,45.1,1.84,6.09,27.0,0
135,37,18,2,24.33,50,225,71,37.3,35.0,22.3,64,7409,1,13678,44.5,1.79,5.6,28.2,0
135,38,18,2,25.08,88,245,0,31.5,41.0,22.1,66,6324,1,14663,44.5,1.8,4.51,27.3,0
136,14,29,0,21.41,89,74,0,36.9,40.7,18.3,57,8284,1,8196,78.0,0.78,7.83,75.7,0
136,15,29,0,21.57,67,6,98,34.3,38.0,18.2,58,8422,1,8360,74.0,0.75,8.49,76.0,1
136,16,29,0,22.59,92,0,34,27.3,50.6,18.7,58,10146,1,8635,73.2,0.67,7.2,76.4,1
136,17,29,0,22.09,65,79,38,32.4,43.6,18.9,58,6917,1,9097,74.9,0.72,7.82,76.4,0
136,18,29,0,22.65,89,22,120,36.9,41.2,17.6,58,8257,1,8588,74.5,0.69,7.94,75.4,0
136,20,29,0,21.95,58,54,52,15.2,42.4,17.8,58,10785,1,8920,77.6,0.75,7.68,73.2,1
136,21,29,0,23.14,78,56,0,31.5,44.2,16.9,60,5083,1,8005,76.9,0.74,6.41,74.0,0
136,22,29,0,20.74,60,12,0,22.7,41.9,18.0,66,8297,1,8406,78.1,0.71,8.94,72.8,1
136,23,29,0,22.41,73,41,4,34.4,38.1,17.6,58,7322,1,7038,74.4,0.58,7.53,72.4,1
136,24,29,0,23.08,94,25,40,17.8,40.6,18.3,58,8220,1,6258,75.0,0.55,6.93,72.4,0
136,26,29,0,23.18,98,21,58,16.4,43.6,17.4,58,6589,1,5896,72.3,0.58,7.69,60.3,1
136,27,29,0,23.21,96,81,43,41.3,43.4,18.0,58,7762,1,5853,72.8,0.6,6.42,60.3,1
136,28,29,0,21.74,99,82,46,27.0,44.3,18.7,61,6286,1,6824,73.0,0.69,8.0,59.7,1
136,29,29,0,22.25,58,64,0,39.0,45.1,19.3,60,6578,1,6759,75.0,0.68,7.52,60.7,0
136,30,29,0,21.42,83,38,0,31.8,32.2,17.8,61,5938,1,6456,75.5,0.75,8.28,60.7,1
136,31,29,0,22.59,61,23,40,16.4,40.4,18.1,59,8135,1,6163,73.9,0.67,7.31,60.8,1
136,34,29,0,21.78,110,0,57,34.7,41.5,18.5,58,7277,0,5710,63.5,0.68,8.08,80.2,1
136,35,29,0,23.99,56,53,42,42.4,37.4,17.5,59,8847,0,5855,63.6,0.65,5.92,80.8,1
136,36,29,0,23.06,82,67,0,33.4,45.7,17.2,59,8634,0,5693,62.9,0.69,6.36,80.1,1
136,37,29,0,21.95,107,93,6,43.2,34.8,17.6,64,4647,0,6031,66.8,0.87,7.73,80.2,0
136,38,29,0,22.4,79,68,21,34.5,36.3,17.1,59,7304,0,6289,65.8,0.86,7.49,80.2,1
137,14,26,1,22.89,23,95,0,25.1,42.5,26.3,56,4742,1,9429,69.6,0.73,7.55,75.0,1
137,15,26,1,23.23,28,85,0,14.3,52.8,27.6,55,11581,1,9047,69.5,0.75,6.81,75.9,0
137,16,26,1,22.32,26,83,41,34.2,42.8,27.3,59,7899,1,10597,69.3,0.75,8.05,74.8,1
137,17,26,1,22.48,32,117,94,26.5,45.7,26.8,59,8249,1,10805,69.6,0.76,7.76,74.4,0
137,18,26,1,23.61,62,45,0,18.5,40.4,26.6,55,7642,1,11015,70.5,0.78,7.85,74.9,1
137,19,26,1,23.57,43,58,103,19.0,44.3,26.7,56,9019,1,11055,70.2,0.74,7.67,74.1,0
137,20,26,1,22.83,41,95,0,38.5,39.9,26.6,58,10965,1,12604,82.9,0.8,7.53,74.1,0
137,21,26,1,22.08,33,84,0,34.7,42.9,26.6,58,10419,1,12545,82.5,0.78,7.58,75.2,0
137,22,26,1,22.89,25,56,98,2.0,36.1,25.7,57,9736,1,12179,78.2,0.81,8.13,75.8,0
137,23,26,1,22.8,25,74,120,9.3,46.2,27.8,54,12313,1,10526,78.2,0.77,7.62,76.8,0
137,24,26,1,23.51,22,59,0,39.8,43.9,26.1,55,7773,1,8512,78.1,0.78,6.98,75.8,0
137,26,26,1,22.87,52,41,120,19.6,40.6,26.2,57,10281,2,9129,78.6,0.8,8.14,79.1,0
137,27,26,1,22.69,62,114,114,30.8,43.9,26.7,57,9072,2,9535,79.0,0.74,6.05,86.9,0
137,28,26,1,21.69,46,142,120,31.7,47.4,27.0,59,8915,2,10444,75.6,0.79,8.69,86.9,0
137,29,26,1,23.07,12,87,120,30.8,39.4,27.1,57,11506,2,10821,74.3,0.71,7.54,86.9,1
137,30,26,1,22.66,44,82,33,37.0,44.9,26.1,59,13958,2,8963,74.2,0.65,7.73,87.5,0
137,31,26,1,22.52,34,82,14,20.8,42.1,27.6,53,6618,1,8684,74.4,0.68,7.19,87.5,1
137,34,26,1,22.83,56,81,23,32.0,40.2,28.3,59,13307,1,7314,77.7,0.73,7.21,71.7,0
137,35,26,1,23.33,21,36,0,28.8,45.7,27.2,60,6902,2,7729,77.7,0.75,6.73,70.6,1
137,36,26,1,21.87,32,125,98,28.9,41.6,27.3,58,14132,1,7743,79.7,0.81,7.99,70.1,0
137,37,26,1,22.5,45,91,11,35.1,43.9,26.5,54,5027,1,7645,78.3,0.82,7.62,71.1,0
137,38,26,1,23.16,30,106,34,39.8,44.9,27.3,58,7259,1,8626,78.2,0.82,7.26,71.1,1
138,14,23,1,22.43,52,67,0,50.0,45.4,24.5,67,3251,1,7570,60.3,0.56,6.96,57.8,1
138,15,23,1,23.9,78,38,23,67.6,39.0,24.0,67,4848,0,7119,58.9,0.56,6.54,57.8,1
138,16,23,1,21.56,62,73,40,69.2,32.4,24.4,65,7642,1,6962,61.5,0.64,6.82,58.3,0
138,17,23,1,22.08,39,75,0,54.9,42.6,24.2,67,5849,1,8396,54.6,0.65,7.66,57.6,1
138,18,23,1,24.43,57,65,10,54.1,39.4,24.7,66,2462,1,8375,54.5,0.61,6.81,57.0,0
138,20,23,1,23.33,58,48,10,45.8,36.4,23.9,63,5888,1,7964,43.3,0.55,7.01,78.5,1
138,21,23,1,23.46,64,46,44,66.4,34.8,25.7,65,6054,1,8151,43.5,0.6,6.84,76.9,1
138,22,23,1,22.29,59,12,33,58.3,37.3,25.4,64,5173,1,7583,44.6,0.57,7.01,76.4,1
138,23,23,1,22.59,31,36,0,52.1,38.6,24.3,64,5776,1,7300,47.8,0.59,7.55,77.9,1
138,24,23,1,22.35,30,79,0,44.4,37.0,25.1,65,4028,1,7104,48.6,0.58,6.57,72.5,1
138,27,23,1,23.85,50,43,51,76.3,39.1,25.1,67,5354,0,5381,48.3,0.62,6.81,81.5,1
138,28,23,1,22.87,54,39,0,49.0,38.1,24.3,64,3387,1,5564,48.4,0.62,7.71,82.0,1
138,29,23,1,24.43,75,81,0,67.2,39.2,24.7,62,5523,1,5358,49.4,0.57,6.09,82.0,1
138,30,23,1,22.86,80,87,19,68.7,33.6,25.3,68,4413,1,5689,48.7,0.6,7.06,81.5,1
138,31,23,1,23.05,50,78,0,53.1,39.0,25.6,69,2457,1,4416,54.5,0.58,7.36,87.0,1
138,34,23,1,22.41,67,74,68,74.5,31.0,26.2,67,3832,1,4583,74.3,0.64,6.74,65.6,1
138,35,23,1,23.45,59,63,89,55.0,40.8,25.4,68,6625,1,5480,71.9,0.66,7.18,65.6,1
138,36,23,1,23.82,65,76,29,49.6,40.7,26.0,66,4016,1,5815,71.6,0.64,6.79,65.6,1
138,37,23,1,23.56,69,33,40,55.9,38.0,25.3,67,4915,1,6138,73.1,0.65,6.57,65.6,0
138,38,23,1,24.1,71,91,0,57.6,34.2,26.0,64,4574,1,6844,73.5,0.72,6.35,66.4,1
139,14,19,1,22.94,53,116,67,61.1,33.6,22.3,60,13701,1,6579,62.7,1.01,8.0,85.1,1
139,15,19,1,23.63,53,27,0,49.6,41.0,22.4,60,9287,1,6589,64.5,0.91,7.17,84.9,0
139,16,19,1,25.03,66,73,53,67.6,34.4,22.3,59,8292,1,6195,66.2,0.89,6.09,84.1,0
139,17,19,1,24.33,68,95,0,79.5,31.6,22.7,62,7728,1,6060,65.0,0.96,6.38,84.9,0
139,20,19,1,23.5,43,82,120,59.7,37.4,22.9,61,10955,1,8319,75.5,1.03,7.43,50.2,1
139,21,19,1,24.18,64,88,29,67.0,26.8,23.3,58,10283,1,9514,75.7,1.03,6.62,52.1,0
139,22,19,1,23.25,80,124,28,60.5,36.4,21.7,60,11592,1,9574,77.4,1.11,7.62,51.1,1
139,23,19,1,23.05,42,99,93,55.7,30.7,23.3,58,6805,1,10055,76.7,1.08,7.93,51.1,0
139,24,19,1,23.18,77,125,120,66.9,44.3,22.3,58,8918,1,10060,76.4,1.05,7.12,51.1,1
139,26,19,1,24.11,68,53,66,63.9,34.9,22.2,59,8886,1,10492,63.6,1.08,7.46,73.2,1
139,27,19,1,24.14,74,77,71,72.8,34.8,22.1,57,8421,1,10331,63.5,1.06,6.89,78.1,0
139,28,19,1,22.59,76,70,0,59.0,37.6,22.2,61,7353,2,10721,63.7,1.08,8.04,78.4,0
139,29,19,1,23.27,76,71,36,68.7,34.9,22.8,61,8360,1,11360,62.5,1.08,7.5,78.1,1
139,30,19,1,25.28,79,114,114,68.2,32.3,23.5,57,10165,1,11050,62.2,1.05,5.53,78.1,0
139,31,19,1,23.47,75,160,120,71.3,38.2,22.8,65,10106,1,11863,62.2,1.09,7.46,78.1,0
139,32,19,1,24.6,82,86,67,53.1,33.0,22.0,57,10563,1,11207,62.1,1.02,7.6,78.2,1
139,34,19,1,23.44,78,31,120,50.9,40.9,22.2,57,14763,1,10991,59.6,1.04,7.49,92.6,1
139,35,19,1,21.66,57,75,59,56.2,35.0,22.4,60,8886,1,9765,59.5,1.04,7.79,92.6,1
139,36,19,1,23.01,75,43,120,55.5,30.2,22.0,55,13367,1,9306,52.6,0.96,7.31,92.6,0
139,37,19,1,23.31,50,62,30,67.4,35.2,22.3,58,9072,1,9181,51.9,0.98,7.34,93.2,1
139,38,19,1,24.12,48,28,63,64.4,36.2,22.2,60,7325,1,9411,51.8,1.02,6.83,92.3,1
140,14,34,2,24.11,80,84,51,69.3,29.5,22.2,65,8292,1,12826,56.3,1.05,6.62,35.5,1
140,15,34,2,24.59,89,72,0,51.4,42.4,20.2,59,7123,1,13534,55.7,1.07,6.11,35.5,0
140,16,34,2,25.08,95,88,58,66.9,29.4,20.8,62,8862,2,15034,55.1,0.97,5.66,33.7,0
140,17,34,2,23.71,101,158,0,66.4,30.6,21.2,62,5864,2,16146,55.4,0.99,7.01,32.5,0
140,19,34,2,23.45,84,49,0,46.9,40.4,20.7,60,6821,1,14999,46.1,0.88,7.89,38.4,1
140,20,34,2,25.0,117,54,11,61.3,30.9,21.0,59,11123,2,14869,46.5,0.94,5.73,36.3,0
140,21,34,2,24.03,100,96,0,55.1,34.1,21.0,62,6980,2,15405,47.0,0.99,6.67,34.4,1
140,22,34,2,24.23,107,73,0,54.1,36.2,20.5,61,11154,1,14543,46.2,0.86,6.62,35.1,1
140,23,34,2,25.01,105,82,0,45.3,35.6,21.4,60,8094,1,13453,45.9,0.8,5.89,35.8,0
140,24,34,2,25.48,90,126,28,64.3,39.5,21.0,60,7389,1,13415,46.5,0.85,5.16,36.6,0
140,27,34,2,23.94,107,64,0,61.2,36.8,21.5,56,6675,2,13152,54.6,1.12,6.79,44.1,0
140,28,34,2,23.27,111,52,0,44.3,36.2,21.1,62,7880,1,12658,53.5,1.03,7.38,44.1,0
140,29,34,2,24.07,118,58,38,60.2,30.2,22.1,58,9858,2,11517,52.1,0.97,6.7,44.2,1
140,30,34,2,25.09,122,66,14,62.9,36.1,20.8,65,8003,1,10703,51.7,0.93,5.56,44.1,0
140,31,34,2,24.76,98,126,26,56.8,31.7,21.5,64,7352,1,10357,51.6,0.94,6.02,44.7,0
140,34,34,2,25.49,109,57,31,72.0,36.8,20.7,56,11403,1,10512,59.7,0.97,5.38,23.1,0
140,35,34,2,24.88,85,130,0,57.4,35.3,22.0,61,6660,1,11016,59.8,1.0,5.65,23.9,0
140,36,34,2,24.71,90,118,0,65.7,31.0,20.9,66,7026,1,11657,60.7,1.07,6.11,25.1,0
140,37,34,2,23.24,90,126,0,43.5,30.9,22.6,66,6415,1,11264,61.2,1.11,7.62,26.1,0
140,38,34,2,24.16,97,127,120,54.2,30.5,21.6,65,13663,1,11066,58.8,0.98,6.88,25.4,1
141,14,21,2,25.94,112,146,0,37.8,36.4,23.2,65,6718,2,9073,74.8,1.21,5.01,78.8,1
141,15,21,2,23.83,104,167,20,45.4,42.8,23.3,70,4938,2,9603,73.7,1.32,6.9,76.9,1
141,16,21,2,24.44,111,180,0,43.9,38.3,23.2,65,3860,1,9786,72.7,1.26,6.25,76.9,1
141,17,21,2,25.18,98,121,0,51.4,35.9,23.5,64,3508,2,9458,72.7,1.28,5.66,76.4,0
141,18,21,2,24.09,111,153,0,19.1,40.4,23.3,66,3884,2,9849,72.7,1.36,7.91,75.2,1
141,20,21,2,24.38,106,112,49,35.4,41.8,25.1,61,6911,2,10619,81.7,1.22,6.22,64.7,1
141,21,21,2,24.3,100,126,37,54.2,33.1,23.4,63,6265,2,10704,83.0,1.3,6.73,66.0,1
141,22,21,2,25.0,97,136,33,36.8,31.9,23.9,63,5358,1,10172,83.1,1.22,5.92,67.5,0
141,23,21,2,25.7,112,152,0,43.0,30.0,24.0,62,5689,1,10396,83.5,1.2,5.04,69.0,0
141,24,21,2,23.77,108,152,120,46.5,38.6,23.8,71,7009,1,10420,83.0,1.3,6.95,69.9,0
141,25,21,2,24.89,125,134,0,30.5,39.4,23.9,64,4109,1,10334,81.7,1.26,7.03,72.1,1
141,27,21,2,26.0,111,144,0,39.3,39.4,23.7,65,4035,1,9984,73.2,1.27,4.77,46.2,0
141,28,21,2,25.03,85,155,0,28.6,36.8,23.7,68,6142,1,11798,73.0,1.41,5.74,43.2,0
141,29,21,2,24.59,121,152,0,36.0,32.7,24.3,69,4777,1,11410,73.6,1.36,6.13,43.2,0
141,30,21,2,25.03,99,155,0,28.1,39.1,24.5,65,8145,1,11938,75.0,1.41,5.73,41.7,0
141,31,21,2,24.37,103,166,0,46.1,36.5,24.3,69,4998,1,13393,75.7,1.45,6.16,41.7,1
141,34,21,2,24.34,118,30,0,49.4,31.8,23.2,60,5018,1,12018,61.0,1.35,6.47,73.8,1
141,35,21,2,25.0,122,91,42,50.0,35.2,23.5,64,5337,1,11877,61.2,1.33,5.93,74.8,0
141,36,21,2,23.87,77,132,0,35.7,34.4,24.3,67,5660,1,12251,61.8,1.39,7.0,73.2,0
141,37,21,2,25.4,101,134,36,47.6,34.5,24.4,65,7102,1,12525,60.3,1.31,5.35,74.1,0
141,38,21,2,25.35,94,205,0,35.1,40.3,24.1,68,4826,1,11292,60.3,1.29,5.25,72.6,0
142,14,30,2,23.07,3,117,17,66.0,47.7,17.7,58,7328,1,9298,57.4,0.62,7.79,76.2,1
142,15,30,2,23.51,0,54,50,57.6,54.8,17.4,58,8379,1,9838,57.3,0.61,7.23,75.4,1
142,16,30,2,22.95,62,89,27,57.2,53.5,16.7,61,5440,1,9504,56.7,0.6,7.69,75.4,0
142,17,30,2,24.43,48,76,0,74.8,52.9,18.7,56,5700,1,9362,54.9,0.48,7.07,75.4,0
142,18,30,2,24.87,32,71,0,58.7,47.1,18.2,59,5718,1,8719,54.9,0.45,7.8,74.9,0
142,20,30,2,22.74,41,120,100,63.2,50.8,18.2,58,7720,1,9559,61.5,0.45,7.63,94.4,0
142,21,30,2,23.81,38,101,0,59.1,55.3,18.2,55,4381,1,10125,60.5,0.42,7.01,91.9,0
142,22,30,2,24.46,0,144,31,75.2,48.5,18.6,56,6085,1,10749,62.4,0.49,7.2,92.6,1
142,23,30,2,23.07,15,133,75,69.2,46.1,18.2,61,9592,1,11160,63.2,0.54,8.34,92.6,0
142,24,30,2,23.43,29,107,0,76.2,47.4,18.0,57,6754,1,10744,64.0,0.36,7.76,91.9,1
142,27,30,2,24.25,14,117,0,64.7,48.8,17.6,58,8790,1,8935,68.5,0.41,6.96,82.8,0
142,28,30,2,25.04,41,117,0,64.2,53.3,18.7,55,7039,1,9548,68.7,0.42,6.44,83.0,0
142,29,30,2,23.53,35,162,0,72.5,51.5,19.4,62,6806,1,10524,68.9,0.52,7.59,82.7,1
142,30,30,2,23.06,15,94,34,49.0,51.2,17.7,59,6322,1,10769,69.5,0.49,8.36,83.0,0
142,31,30,2,23.45,18,91,107,39.3,53.5,17.3,56,11256,1,9991,71.4,0.45,7.52,83.3,1
142,34,30,2,23.92,25,108,0,71.8,45.1,18.0,53,5222,0,9061,73.2,0.36,7.28,85.4,0
142,35,30,2,23.58,34,65,0,61.5,48.3,19.0,51,5616,0,8321,77.7,0.38,7.91,86.0,1
142,36,30,2,24.54,14,62,0,52.7,47.7,19.2,54,6124,0,7654,78.3,0.32,6.93,86.8,1
142,37,30,2,23.03,9,89,90,61.9,54.1,19.6,60,8616,0,7337,78.4,0.34,7.5,86.7,0
142,38,30,2,24.08,55,118,0,60.3,50.7,19.4,57,8003,1,7239,75.9,0.4,7.35,85.6,1
143,14,41,0,21.12,11,58,7,54.1,26.5,21.8,63,1907,0,5914,67.9,-0.04,8.81,80.0,1
143,15,41,0,21.42,28,71,0,37.0,38.3,22.3,66,3435,0,6043,68.1,-0.08,7.75,80.0,0
143,16,41,0,21.63,10,36,51,28.5,33.1,22.4,62,4491,0,6277,67.2,-0.03,8.34,80.0,1
143,17,41,0,20.78,5,49,0,21.8,32.6,21.7,62,2895,0,5288,67.6,-0.05,8.03,80.0,1
143,18,41,0,21.57,47,59,0,11.8,39.9,22.2,68,2142,0,5056,65.1,0.02,7.52,80.0,1
143,20,41,0,20.68,0,55,94,35.0,33.8,21.4,65,4321,0,5343,72.7,0.04,8.3,80.6,1
143,21,41,0,22.04,14,43,0,28.7,36.5,21.1,66,2553,0,5495,71.9,0.03,8.18,80.3,1
143,22,41,0,21.8,0,68,0,57.2,36.1,21.5,64,2230,0,5346,71.4,0.01,8.51,80.6,1
143,23,41,0,22.49,26,69,0,25.3,34.9,21.6,65,2092,0,5522,71.5,-0.02,7.91,80.6,1
143,24,41,0,20.8,0,51,16,25.9,39.2,21.8,64,3045,0,4805,70.5,-0.02,8.3,80.6,1
143,27,41,0,22.01,7,57,0,22.5,31.7,21.6,66,2876,0,4971,65.9,-0.1,8.57,82.2,1
143,28,41,0,20.84,25,75,31,36.7,41.2,22.9,66,4323,0,4777,65.6,-0.08,8.15,82.3,0
143,29,41,0,22.38,3,111,0,14.0,40.4,22.3,67,2838,0,4914,63.9,-0.04,7.97,82.2,1
143,30,41,0,21.32,23,41,0,41.5,35.9,22.8,62,2826,0,4502,63.7,-0.05,7.39,82.2,1
143,31,41,0,22.38,1,145,0,30.7,35.2,22.0,68,2212,0,4541,62.2,0.02,8.16,82.2,1
143,34,41,0,20.46,17,88,0,33.0,31.1,23.3,66,3871,0,4161,62.9,-0.01,8.7,74.1,1
143,35,41,0,23.99,21,86,0,21.5,38.6,22.8,65,3196,0,4403,62.7,-0.04,6.41,73.5,1
143,36,41,0,21.6,12,118,24,23.6,41.4,22.7,70,2980,0,4476,59.6,0.09,8.44,73.5,1
143,37,41,0,22.39,14,92,0,23.8,36.2,23.8,66,2692,0,4596,59.5,0.09,7.77,73.5,1
143,38,41,0,21.63,0,73,36,33.6,36.5,23.5,65,2910,0,4623,59.7,0.1,8.41,74.4,1
144,14,42,0,22.66,24,104,40,48.8,32.4,18.2,65,4519,2,12790,65.2,0.93,5.9,51.9,0
144,15,42,0,21.83,33,123,0,56.2,30.6,18.9,69,2497,1,13053,65.6,0.97,6.74,52.8,0
144,16,42,0,21.88,31,144,0,47.6,34.6,17.6,67,4482,1,13171,65.4,0.95,6.64,51.5,1
144,17,42,0,21.61,17,126,0,38.6,35.3,18.4,68,4492,2,12867,66.1,0.95,6.94,50.3,0
144,20,42,0,22.02,36,58,0,56.8,30.8,18.7,63,4100,1,9895,66.2,0.85,6.82,50.5,1
144,21,42,0,21.13,43,109,0,55.2,31.0,18.9,66,2993,1,9310,66.2,0.83,7.37,50.5,0
144,22,42,0,21.87,40,65,0,51.7,33.1,19.3,64,2527,1,9773,64.8,0.78,6.67,50.5,0
144,23,42,0,21.99,30,111,0,54.5,22.7,18.8,65,4701,1,9092,64.6,0.78,6.72,51.7,1
144,24,42,0,21.44,9,104,46,53.6,31.7,17.8,66,4754,1,9093,64.5,0.79,7.19,53.0,0
144,27,42,0,21.86,34,10,9,51.9,30.2,19.1,64,2802,1,9393,62.7,0.79,6.94,50.7,1
144,28,42,0,21.02,7,54,0,44.9,32.4,19.2,63,4641,1,9436,63.1,0.79,7.72,52.1,0
144,29,42,0,21.98,22,94,71,49.7,30.9,19.9,63,5754,1,8898,61.7,0.66,6.94,51.1,1
144,30,42,0,21.61,37,104,0,68.7,35.2,19.2,64,2458,1,9016,62.1,0.65,6.95,49.9,0
144,31,42,0,22.52,34,82,50,53.5,29.2,19.1,65,6043,1,9091,61.8,0.62,6.41,47.9,0
144,34,42,0,22.29,22,53,0,48.1,39.3,20.1,61,5101,1,10358,63.8,0.63,6.35,24.6,0
144,35,42,0,21.9,42,121,0,40.7,29.1,18.8,64,3546,1,10408,63.9,0.66,6.8,23.2,1
144,36,42,0,21.54,21,124,0,43.8,35.8,19.8,67,2234,1,9696,65.3,0.7,7.26,24.3,0
144,37,42,0,21.94,27,103,29,55.5,27.4,19.3,67,4131,1,11348,65.3,0.66,6.85,25.9,1
144,38,42,0,22.19,56,102,55,39.4,29.1,19.4,62,4631,1,11633,65.3,0.65,6.43,28.6,0
145,14,41,0,22.42,29,71,65,66.8,42.4,20.9,54,7461,1,6063,70.6,0.18,7.15,87.1,0
145,15,41,0,22.37,21,47,0,51.3,35.6,20.3,56,6443,1,6304,71.0,0.22,7.34,87.9,1
145,16,41,0,22.32,38,124,73,85.1,33.9,21.1,60,11831,1,6365,71.0,0.23,7.35,87.9,0
145,17,41,0,22.26,49,95,101,81.0,39.4,19.5,55,9262,1,6563,71.0,0.17,7.36,89.0,1
145,20,41,0,21.89,18,90,117,72.7,35.7,19.4,52,10266,1,6175,75.1,0.29,7.91,64.9,1
145,21,41,0,21.86,0,79,0,63.6,36.1,21.0,52,9858,1,6319,80.9,0.28,7.75,64.2,1
145,22,41,0,22.92,55,103,90,76.5,41.7,20.1,57,7451,1,6877,81.0,0.25,6.8,64.9,1
145,23,41,0,22.11,47,126,59,74.1,32.4,19.5,56,9754,1,7122,80.9,0.29,7.23,64.9,0
145,24,41,0,23.38,24,134,55,85.6,36.1,19.9,56,11169,1,8928,80.4,0.28,6.29,64.9,1
145,27,41,0,21.91,14,51,32,72.3,33.6,20.5,52,9346,1,9108,77.3,0.25,7.88,84.8,1
145,28,41,0,21.39,37,121,109,76.9,38.6,21.0,55,8311,1,10615,77.6,0.26,7.85,85.7,1
145,29,41,0,21.98,26,50,29,63.9,42.9,18.3,49,8811,1,10446,75.0,0.21,7.56,83.8,1
145,30,41,0,21.52,24,111,0,59.3,39.3,19.7,51,6695,1,10486,74.6,0.2,7.75,83.2,1
145,31,41,0,22.49,21,46,0,71.4,41.9,20.4,52,7113,1,10571,72.9,0.17,6.87,83.2,1
145,34,41,0,22.52,27,113,0,70.5,36.5,20.2,50,9664,1,10181,72.1,0.19,7.11,81.0,1
145,35,41,0,22.52,48,76,80,67.7,40.6,19.9,54,11142,1,9834,72.3,0.24,7.16,79.5,0
145,36,41,0,22.71,31,124,120,59.0,45.2,20.2,52,12125,1,9032,72.9,0.29,7.07,79.5,0
145,37,41,0,22.31,4,102,69,78.8,38.4,21.0,53,9966,1,9560,72.9,0.27,7.37,79.2,1
145,38,41,0,22.14,27,129,0,68.5,35.9,20.8,56,8089,1,7653,73.5,0.26,7.38,79.9,0
146,14,31,1,23.26,51,41,0,27.4,37.9,20.3,61,4499,0,6834,75.6,0.27,7.51,82.1,1
146,15,31,1,23.61,51,52,26,52.2,40.7,20.3,64,4382,0,7421,75.6,0.31,7.22,82.1,0
146,16,31,1,21.58,28,65,33,40.0,35.2,19.8,67,4404,0,7687,78.4,0.34,9.03,82.1,1
146,17,31,1,23.22,36,34,47,51.4,45.0,21.3,61,5242,0,6737,75.2,0.26,7.74,81.7,1
146,20,31,1,22.4,0,63,7,45.5,43.8,20.4,63,3515,0,7486,73.1,0.32,8.68,66.4,1
146,21,31,1,23.5,37,35,0,51.2,39.2,21.5,60,5622,0,7480,72.9,0.29,7.27,66.4,1
146,22,31,1,23.9,45,60,80,47.7,39.9,20.0,65,4691,0,7433,75.7,0.36,7.2,66.4,0
146,23,31,1,23.65,71,72,58,40.0,39.6,19.9,62,4835,0,7888,76.5,0.44,7.22,65.9,1
146,24,31,1,21.59,30,86,81,41.4,39.8,20.8,60,8447,0,7312,76.8,0.5,8.5,65.9,1
146,25,31,1,24.01,45,46,0,47.9,39.9,19.9,66,3605,0,7486,71.1,0.48,7.44,66.8,1
146,26,31,1,23.75,60,16,0,29.9,36.0,20.5,66,3651,0,7781,70.6,0.51,7.5,75.9,0
146,27,31,1,22.46,19,54,0,45.4,40.5,19.9,68,3972,0,7686,70.2,0.51,8.58,85.8,1
146,28,31,1,23.98,60,55,0,46.1,41.2,20.1,64,5206,0,6960,69.8,0.43,6.65,86.2,1
146,29,31,1,22.07,22,20,0,47.6,34.4,20.2,65,2797,0,6467,69.7,0.49,8.28,86.2,1
146,30,31,1,23.28,38,72,0,39.7,45.3,19.3,63,4692,0,6274,67.6,0.42,7.59,86.2,1
146,31,31,1,23.34,37,11,72,50.7,32.1,21.1,62,4350,0,7145,70.5,0.52,7.85,86.2,0
146,34,31,1,23.95,19,69,0,42.1,36.1,19.4,62,2008,0,6298,73.6,0.42,7.12,85.0,0
146,35,31,1,22.89,27,41,42,44.6,38.7,18.9,61,7314,1,6672,73.6,0.53,8.26,85.8,1
146,36,31,1,22.93,47,16,0,38.6,37.3,20.6,59,5493,1,6902,73.5,0.46,7.92,86.0,0
146,37,31,1,22.62,6,11,0,41.6,43.7,20.0,63,3500,1,6998,73.8,0.41,8.1,86.3,1
146,38,31,1,22.11,4,21,45,42.6,32.6,18.6,64,4128,1,7173,73.3,0.35,7.78,86.8,1
147,14,25,2,24.82,61,166,27,55.8,45.8,18.5,70,4918,2,18205,47.2,1.42,5.18,30.7,0
147,15,25,2,23.63,60,194,19,46.8,39.1,17.7,70,4119,2,19332,47.6,1.45,6.24,31.5,0
147,16,25,2,24.13,73,173,37,56.8,37.7,18.0,69,8027,2,18674,46.3,1.35,5.9,30.5,0
147,17,25,2,24.2,60,153,38,44.9,40.3,18.3,72,7974,2,18674,45.9,1.3,5.85,30.2,0
147,18,25,2,24.81,57,165,27,65.0,41.3,18.0,75,4307,2,18674,45.7,1.26,6.56,29.4,0
147,20,25,2,23.97,59,8,0,36.0,40.7,17.4,67,4566,2,20465,45.5,1.41,5.94,36.9,0
147,21,25,2,25.21,77,109,29,68.2,43.6,18.0,68,6508,2,21832,46.0,1.42,4.59,36.9,0
147,22,25,2,24.78,43,197,120,48.6,42.5,19.0,73,7789,2,22578,46.1,1.48,5.52,37.5,0
147,23,25,2,24.89,53,225,0,68.7,39.3,17.4,71,3369,2,22578,47.0,1.51,4.77,35.2,0
147,24,25,2,24.62,41,167,0,48.9,38.0,17.4,76,5944,2,22529,48.9,1.65,5.44,35.5,0
147,25,25,2,24.14,67,162,79,32.1,45.0,17.9,70,5777,2,23343,50.8,1.75,7.19,35.9,0
147,27,25,2,24.05,49,68,0,56.1,40.5,16.7,64,6746,2,25518,59.4,1.75,5.87,18.8,0
147,28,25,2,24.05,60,70,0,40.9,38.2,17.2,65,6284,3,25237,58.6,1.66,5.79,19.5,0
147,29,25,2,23.62,33,152,0,55.4,41.3,19.2,68,3346,3,23452,57.8,1.61,6.46,19.5,0
147,30,25,2,24.53,57,142,40,55.0,45.6,19.1,69,6214,2,23172,58.1,1.6,5.52,20.5,0
147,31,25,2,24.61,68,158,0,44.2,40.1,18.6,71,6293,2,23172,58.5,1.63,5.57,19.5,0
147,34,25,2,24.45,78,41,0,65.5,41.2,18.2,63,3426,2,21053,53.1,1.48,5.46,12.0,1
147,35,25,2,24.54,64,93,51,51.6,41.3,18.1,65,5034,2,19634,53.7,1.52,5.61,9.7,0
147,36,25,2,24.85,45,142,0,60.0,45.6,17.8,70,3827,2,19634,53.5,1.45,4.9,10.8,0
147,37,25,2,24.69,54,182,110,53.0,44.5,17.6,71,4508,2,19634,53.3,1.49,5.36,12.3,0
147,38,25,2,24.57,55,177,0,56.4,42.2,18.6,71,4962,2,19187,53.4,1.45,5.35,11.7,0
148,14,24,0,21.5,0,95,0,29.4,28.5,25.8,58,14637,0,5562,0.0,0.88,7.23,64.1,0
148,15,24,0,22.25,1,119,0,24.7,26.2,24.8,57,9971,1,5586,0.0,0.82,7.1,64.2,0
148,16,24,0,21.33,0,70,112,20.7,37.0,25.3,56,15839,1,6098,0.0,0.79,6.99,64.2,1
148,17,24,0,21.7,25,108,89,34.5,27.5,24.9,55,15614,1,5598,0.0,0.79,6.67,64.2,1
148,18,24,0,22.37,0,48,99,14.4,29.0,25.5,57,9718,1,5485,0.0,0.78,6.5,64.4,1
148,20,24,0,21.74,0,104,44,19.8,31.5,25.1,59,11607,1,5405,0.0,0.84,7.09,37.3,1
148,21,24,0,21.97,0,127,95,30.5,31.7,24.9,56,10864,1,5791,68.5,0.84,7.19,37.3,1
148,22,24,0,21.66,1,46,42,16.1,27.6,25.2,56,11916,1,5814,68.6,0.85,6.9,37.3,1
148,23,24,0,22.55,15,72,0,30.4,28.4,25.7,57,12125,1,5201,74.4,0.84,6.84,37.3,0
148,24,24,0,20.92,0,91,79,39.7,31.7,24.7,58,8989,1,5351,74.7,0.84,7.27,36.5,0
148,27,24,0,22.13,0,87,85,15.6,30.1,25.1,59,10371,0,5406,74.5,0.86,7.3,61.2,0
148,28,24,0,21.98,0,108,0,30.6,30.3,25.7,55,8140,0,5413,74.0,0.83,6.81,61.2,1
148,29,24,0,22.27,0,91,0,23.2,29.5,24.5,58,6411,0,5367,74.3,0.86,6.99,61.2,1
148,30,24,0,21.84,0,56,0,14.5,26.7,26.1,55,13136,0,4858,74.4,0.86,6.75,61.2,1
148,31,24,0,22.26,0,118,0,24.1,32.4,23.8,56,8574,0,5137,75.5,0.88,6.93,61.8,1
148,34,24,0,21.05,23,56,21,30.2,28.1,24.8,56,7098,0,5042,74.2,0.77,7.26,49.8,1
148,35,24,0,22.4,5,94,82,17.0,37.4,24.9,53,9597,0,4893,72.0,0.76,7.09,49.8,1
148,36,24,0,21.83,1,92,0,32.6,32.5,24.4,58,9032,0,4866,71.4,0.76,6.93,49.1,1
148,37,24,0,22.54,23,123,0,25.1,25.9,25.2,56,5018,0,4605,71.8,0.76,6.73,47.5,1
148,38,24,0,22.36,0,74,108,24.1,30.7,23.9,59,12859,0,4432,72.0,0.77,7.92,47.5,1
149,14,21,0,23.21,41,53,30,52.2,48.6,23.0,61,7289,0,6553,63.8,0.42,6.46,83.8,0
149,15,21,0,21.9,29,117,31,47.1,47.9,23.5,61,6408,1,7301,67.1,0.45,7.07,89.3,0
149,16,21,0,21.63,46,63,0,48.9,42.8,24.0,64,3174,1,7783,68.2,0.5,7.64,89.5,0
149,17,21,0,22.11,28,98,0,46.3,48.6,22.7,63,3461,1,8393,66.8,0.46,7.35,89.5,0
149,20,21,0,21.57,20,78,0,61.6,42.5,22.5,62,6324,1,7616,67.5,0.45,7.83,68.7,1
149,21,21,0,24.08,39,57,20,64.8,46.2,23.4,59,6669,1,7843,66.7,0.42,5.66,68.7,0
149,22,21,0,22.55,21,100,15,42.4,46.7,23.5,57,6113,1,9186,67.1,0.53,7.34,68.9,1
149,23,21,0,21.16,47,76,114,60.0,46.7,22.8,58,6371,1,8984,67.2,0.49,7.88,68.7,0
149,24,21,0,22.73,33,41,98,44.0,53.2,22.6,60,4504,1,8540,65.7,0.46,7.15,68.7,1
149,25,21,0,23.48,48,88,71,46.4,49.7,23.6,60,5172,1,8192,65.6,0.5,7.44,68.7,1
149,27,21,0,22.07,55,73,0,56.1,46.7,23.0,60,9975,1,8394,71.2,0.52,7.39,71.3,1
149,28,21,0,20.8,37,70,0,63.1,50.0,22.4,60,3162,1,8625,71.2,0.54,7.06,71.3,0
149,29,21,0,21.89,33,94,18,49.7,41.7,23.4,59,3886,0,8290,65.2,0.5,7.74,71.3,0
149,30,21,0,20.68,12,19,55,45.6,49.7,23.1,57,8817,1,7738,65.5,0.45,7.57,70.8,1
149,31,21,0,22.4,54,48,0,46.4,45.0,22.7,60,5166,1,6846,61.5,0.45,6.56,72.6,0
149,34,21,0,22.64,57,31,0,43.1,45.2,22.9,61,4987,1,7038,50.9,0.5,7.0,74.7,0
149,35,21,0,22.4,27,63,50,55.1,49.6,22.9,58,9247,1,7210,51.3,0.56,7.44,75.0,1
149,36,21,0,23.45,41,50,0,58.7,45.6,22.9,63,4872,0,5817,52.8,0.43,6.2,75.0,0
149,37,21,0,23.27,59,120,0,76.5,49.7,23.7,64,5002,1,6582,52.3,0.51,6.18,78.9,0
149,38,21,0,20.86,37,127,34,41.7,48.5,24.0,64,6916,1,6833,53.8,0.63,8.01,77.5,0
150,14,34,0,22.53,53,87,10,85.4,40.9,23.5,61,6084,1,10206,65.2,0.45,7.01,73.4,1
150,15,34,0,22.34,62,96,0,67.5,39.5,23.3,63,3440,1,8890,65.6,0.5,7.26,73.5,0
150,16,34,0,21.8,48,111,45,74.9,35.7,21.4,63,6400,1,8669,69.9,0.49,8.36,73.5,0
150,17,34,0,22.73,57,84,88,52.2,41.6,23.1,60,5881,1,8370,70.0,0.4,7.2,75.0,0
150,18,34,0,22.74,34,49,0,51.5,39.5,22.5,62,8524,1,8008,70.7,0.46,8.24,75.7,1
150,19,34,0,22.47,75,58,30,53.1,41.1,22.2,58,4538,1,7960,70.4,0.44,7.61,72.5,1
150,20,34,0,22.1,43,58,75,63.6,31.7,22.5,61,9514,1,8016,76.5,0.42,8.13,75.3,1
150,21,34,0,23.27,68,105,71,78.7,40.3,22.5,60,6527,1,8551,76.9,0.43,6.54,77.2,0
150,22,34,0,22.27,75,126,69,72.5,43.9,21.9,62,7286,1,7912,76.3,0.49,7.88,75.9,0
150,23,34,0,22.05,57,110,17,53.8,39.3,22.4,62,6214,1,7918,76.7,0.5,8.04,76.6,0
150,24,34,0,23.09,52,101,0,78.7,38.6,23.8,59,3586,1,7099,76.7,0.45,6.61,77.2,0
150,25,34,0,24.17,81,106,0,40.8,36.5,21.6,63,4673,1,8358,77.4,0.54,7.02,77.2,0
150,27,34,0,22.02,46,78,23,51.6,39.3,22.6,59,4032,1,7905,76.1,0.52,8.08,87.3,1
150,28,34,0,22.18,51,70,0,71.8,37.4,22.6,58,5087,1,7772,77.7,0.49,7.66,87.0,1
150,29,34,0,22.69,48,71,0,57.2,44.0,22.3,59,5449,1,7348,77.7,0.44,7.21,87.0,1
150,30,34,0,23.0,36,73,30,55.6,35.1,22.5,63,4496,1,6806,78.3,0.45,7.03,85.9,0
150,31,34,0,22.04,44,111,53,68.9,39.7,21.3,62,8819,2,7496,79.1,0.54,7.87,85.9,1
150,34,34,0,22.13,48,49,0,64.4,36.3,23.2,62,7058,2,7335,77.8,0.5,7.55,79.6,1
150,35,34,0,22.85,65,69,110,61.3,38.0,21.7,58,6342,2,6946,77.1,0.54,7.36,78.6,1
150,36,34,0,21.52,57,64,39,67.1,40.7,21.3,64,5255,1,6829,77.1,0.48,8.31,79.4,0
150,37,34,0,21.82,44,102,55,57.4,38.6,22.3,59,7984,2,7077,75.5,0.45,7.98,78.6,0
150,38,34,0,22.99,68,131,33,67.3,40.5,22.4,62,5171,2,7287,74.8,0.45,6.88,78.4,0
151,14,45,0,22.05,29,66,0,34.9,42.4,17.4,73,3081,1,6505,78.7,0.5,7.67,80.5,1
151,15,45,0,22.16,25,41,76,63.8,45.8,16.9,71,4542,1,5959,79.7,0.48,7.74,80.0,1
151,16,45,0,21.44,30,5,80,56.3,50.8,17.4,68,5897,0,6181,81.1,0.46,8.32,79.5,1
151,17,45,0,21.89,24,40,40,52.3,41.0,17.5,66,4820,0,5789,80.6,0.39,7.29,79.5,1
151,20,45,0,21.98,16,43,0,35.2,39.7,17.0,68,3892,0,5343,79.3,0.43,8.11,63.4,1
151,21,45,0,21.69,22,61,0,50.5,45.2,15.8,65,3017,0,4822,81.9,0.34,6.7,63.6,1
151,22,45,0,21.46,31,34,0,45.1,44.1,16.7,70,2840,0,4692,79.5,0.4,7.68,63.6,1
151,23,45,0,21.58,20,50,32,50.0,45.9,16.8,67,2971,0,4765,78.3,0.38,8.12,63.6,1
151,24,45,0,21.98,17,34,69,64.8,43.3,17.1,65,5841,0,4903,78.0,0.35,7.65,63.6,1
151,26,45,0,22.55,26,52,0,30.9,42.9,16.7,67,3194,0,4782,78.3,0.37,7.81,78.2,1
151,27,45,0,21.82,21,38,31,48.3,50.5,17.1,65,4493,0,4834,77.6,0.37,6.91,83.8,1
151,28,45,0,21.83,23,48,0,61.7,41.2,16.8,70,3646,0,4685,78.5,0.41,8.01,83.6,0
151,29,45,0,21.86,30,77,0,57.4,45.6,17.1,68,2827,1,4699,78.5,0.38,7.68,83.6,1
151,30,45,0,21.43,39,55,0,68.7,43.8,15.9,69,3324,1,4641,78.7,0.39,6.79,83.6,0
151,31,45,0,21.4,24,70,0,53.8,44.2,16.2,68,4165,1,4858,75.5,0.5,7.32,83.8,1
151,34,45,0,21.51,26,18,31,25.9,38.4,16.2,66,4925,1,4966,72.0,0.42,6.91,59.7,1
151,35,45,0,21.65,54,60,0,66.9,50.6,16.9,70,4077,1,4883,70.9,0.51,7.29,59.7,0
151,36,45,0,22.02,25,109,43,55.0,43.7,16.4,67,3307,1,5508,71.7,0.47,7.85,60.3,1
151,37,45,0,21.17,34,43,55,51.5,49.0,16.7,70,6681,1,5566,71.9,0.45,6.98,58.0,1
151,38,45,0,22.08,45,10,32,44.6,42.2,17.2,72,4451,0,5750,68.9,0.53,7.85,57.4,1
152,14,43,1,22.42,4,79,0,61.6,25.8,21.0,50,6298,0,4312,73.3,-0.26,7.57,77.9,1
152,15,43,1,22.85,15,87,0,76.3,37.0,21.9,51,9051,0,4294,73.0,-0.22,7.4,77.9,1
152,16,43,1,22.94,49,61,44,78.1,21.7,22.0,52,12746,0,4396,72.9,-0.19,7.45,77.3,0
152,17,43,1,22.17,3,56,0,67.4,25.9,22.2,52,11043,0,4927,73.1,-0.24,7.67,77.0,1
152,20,43,1,23.9,23,97,0,80.3,28.3,21.2,52,4001,0,4772,73.7,-0.24,6.32,70.3,1
152,21,43,1,23.21,12,120,0,58.8,31.1,21.9,49,7452,0,5754,73.2,-0.11,6.99,70.3,0
152,22,43,1,22.95,25,76,65,70.3,34.5,21.8,53,7738,0,6149,73.3,-0.09,7.3,71.1,0
152,23,43,1,22.88,17,87,9,79.8,26.4,21.7,55,13492,0,6365,77.3,-0.07,7.5,71.9,1
152,24,43,1,23.51,28,83,59,76.4,36.0,21.6,50,8816,0,7174,77.3,-0.09,6.79,71.1,1
152,26,43,1,23.61,55,93,0,58.6,32.6,21.8,50,7492,0,7059,78.9,-0.03,7.8,62.1,0
152,27,43,1,22.28,6,58,71,73.4,39.5,21.4,50,10005,1,7135,77.3,0.0,8.15,64.0,0
152,28,43,1,23.29,2,59,0,73.9,27.6,19.2,50,7255,1,7190,77.6,-0.0,6.82,65.2,0
152,29,43,1,22.7,18,91,55,80.1,29.6,21.7,50,8483,1,7342,79.0,0.05,7.56,64.5,1
152,30,43,1,22.42,21,79,0,56.2,28.4,20.7,48,9684,1,7630,78.8,0.04,7.95,64.5,1
152,31,43,1,22.87,26,90,120,63.3,29.6,20.9,48,7270,0,6960,78.2,0.0,7.62,64.5,1
152,34,43,1,22.52,20,86,80,83.9,30.4,20.8,50,11558,1,6777,72.7,0.06,7.77,76.7,0
152,35,43,1,22.53,0,55,120,56.6,31.2,20.4,52,9672,1,7076,71.8,-0.04,8.01,75.7,1
152,36,43,1,23.28,21,72,86,76.6,29.7,19.4,50,7933,1,6822,71.5,-0.11,7.12,76.3,1
152,37,43,1,23.18,16,73,0,70.7,29.7,21.4,51,7821,1,7079,71.8,-0.1,7.25,76.3,0
152,38,43,1,22.61,11,67,53,63.9,30.3,20.2,49,7411,1,6841,72.0,-0.08,7.85,76.9,1
153,14,29,2,24.14,56,95,55,45.2,42.8,21.0,66,6575,2,16933,60.1,1.43,6.68,66.5,1
153,15,29,2,23.33,60,100,83,75.1,40.6,22.0,67,8373,2,16336,59.7,1.4,7.51,66.5,0
153,16,29,2,24.45,68,110,50,61.6,39.2,22.5,63,13664,2,16075,59.6,1.37,6.25,65.7,0
153,17,29,2,23.57,55,125,59,44.9,39.9,23.2,64,5758,2,16559,59.4,1.31,7.24,65.0,1
153,19,29,2,24.45,66,64,0,59.9,38.9,21.8,63,4829,2,15313,66.9,1.21,7.55,65.7,1
153,20,29,2,23.83,56,72,94,66.3,37.0,22.3,62,6631,2,15092,74.6,1.28,6.96,62.5,0
153,21,29,2,24.06,45,111,0,61.0,45.3,21.6,62,6831,2,15303,74.3,1.24,6.54,63.1,0
153,22,29,2,23.98,40,134,0,63.9,37.7,20.9,67,8724,2,14399,74.0,1.19,6.59,64.3,0
153,23,29,2,23.33,44,93,0,52.4,39.9,21.6,64,6820,2,13751,73.9,1.2,7.39,65.0,1
153,24,29,2,24.44,40,109,69,65.1,40.3,21.8,69,9092,2,13199,72.9,1.11,6.48,65.6,0
153,27,29,2,24.65,34,61,76,54.7,43.3,22.0,62,8490,1,11555,70.8,0.99,6.26,69.2,0
153,28,29,2,23.69,47,106,87,60.4,36.4,22.0,65,6351,1,12684,71.5,1.06,7.28,67.2,0
153,29,29,2,24.32,24,91,94,45.8,43.1,21.5,65,13859,2,13198,71.2,1.02,6.71,66.6,0
153,30,29,2,23.69,44,109,0,57.5,40.8,21.0,69,6166,2,13003,72.5,1.08,7.12,65.9,1
153,31,29,2,24.55,64,145,88,52.4,38.9,22.4,66,7567,1,11473,71.8,1.02,6.21,65.4,0
153,34,29,2,23.31,47,55,29,64.1,34.6,21.5,64,7805,1,12267,72.2,1.07,7.6,54.4,1
153,35,29,2,23.8,43,96,0,55.6,44.2,21.8,64,6698,1,12583,71.5,1.02,6.75,56.9,0
153,36,29,2,23.71,44,152,0,69.1,36.9,21.3,67,6547,1,13569,71.0,1.01,6.97,58.5,0
153,37,29,2,24.44,58,116,41,74.3,48.1,21.4,65,6402,1,13690,70.8,0.98,6.05,60.3,0
153,38,29,2,24.03,40,162,0,50.6,35.7,21.2,68,6639,1,15509,72.2,1.07,6.88,61.8,0
154,14,22,1,23.5,76,36,69,57.7,38.2,21.7,54,6516,0,7272,83.2,0.14,7.75,75.0,1
154,15,22,1,22.36,50,33,0,40.9,32.5,21.0,52,8386,0,7528,82.9,0.17,7.6,75.0,1
154,16,22,1,23.65,59,12,0,47.5,28.4,21.6,55,8032,0,7554,80.3,0.18,7.48,74.8,0
154,17,22,1,22.9,19,68,59,52.0,29.9,20.3,54,6926,0,9191,80.1,0.2,8.04,74.9,1
154,20,22,1,23.45,45,51,24,45.4,24.7,20.8,50,7065,0,8680,71.6,0.17,7.65,93.5,0
154,21,22,1,22.49,30,60,73,66.5,29.7,19.3,51,6924,0,8341,71.9,0.23,7.62,93.5,0
154,22,22,1,22.78,34,17,11,61.0,31.8,20.5,55,6174,0,7955,70.7,0.18,8.12,93.3,0
154,23,22,1,22.86,48,14,94,51.2,32.1,20.0,53,9013,0,7836,71.3,0.13,7.57,93.3,0
154,24,22,1,23.86,50,38,0,65.6,30.8,21.4,48,7905,0,7684,71.6,0.16,7.31,93.5,0
154,27,22,1,22.56,49,53,22,57.1,27.4,20.1,56,5440,0,7278,71.3,0.19,7.66,89.3,1
154,28,22,1,23.76,61,24,120,54.1,26.7,20.1,51,7063,0,7140,69.9,0.17,7.44,89.6,1
154,29,22,1,23.2,67,30,0,58.2,37.2,19.8,55,8749,0,7106,69.7,0.2,7.69,89.3,1
154,30,22,1,22.49,38,25,28,54.4,24.1,20.4,55,6694,0,6957,72.4,0.19,7.82,89.6,0
154,31,22,1,21.99,50,34,47,55.1,31.0,20.6,56,9154,0,5739,71.1,0.16,7.51,89.6,1
154,34,22,1,22.96,56,22,0,41.6,31.6,20.1,53,10188,0,6617,72.5,0.16,6.89,77.1,1
154,35,22,1,23.82,37,74,35,51.6,30.5,21.3,53,8686,0,6365,72.1,0.21,7.3,76.7,0
154,36,22,1,24.04,37,40,12,50.7,34.9,20.1,54,8000,0,6327,72.4,0.24,6.9,77.1,0
154,37,22,1,22.36,29,40,0,35.5,30.8,21.4,55,7701,0,6366,71.6,0.32,8.52,77.1,0
154,38,22,1,22.75,60,0,0,67.3,35.0,22.3,51,8067,0,6454,71.5,0.26,7.86,77.1,1
155,14,28,2,24.17,92,131,0,47.1,35.8,17.9,59,5717,2,15938,54.5,2.33,5.22,2.7,0
155,15,28,2,23.37,62,188,34,47.7,31.0,17.9,66,5274,2,15176,54.4,2.3,5.98,2.1,0
155,16,28,2,24.0,91,148,0,38.0,36.7,19.5,65,9806,2,14716,53.1,2.24,5.45,1.0,0
155,17,28,2,24.25,94,129,106,55.3,35.9,18.5,63,10967,2,14716,52.8,2.16,5.29,1.0,0
155,18,28,2,24.8,79,145,0,34.0,34.2,19.2,62,4482,2,13430,52.5,2.11,5.97,1.7,0
155,20,28,2,22.68,77,92,0,41.0,31.0,18.5,59,4342,2,15047,38.7,2.22,6.71,31.9,1
155,21,28,2,24.53,68,117,0,54.7,31.6,18.7,59,7555,2,14582,37.2,2.19,5.0,34.6,0
155,22,28,2,23.87,78,149,23,34.5,30.4,18.3,63,6521,2,14952,37.1,2.13,5.66,37.1,0
155,23,28,2,24.04,68,155,0,50.3,26.2,18.8,65,5302,2,13533,36.9,2.09,5.4,39.5,0
155,24,28,2,23.74,67,150,94,41.5,28.7,19.3,63,8662,2,13656,37.3,2.14,5.94,40.8,0
155,27,28,2,24.69,77,87,0,44.3,36.7,18.6,59,4379,2,13562,42.2,2.12,4.79,0.0,0
155,28,28,2,24.11,88,171,13,43.7,28.3,18.2,64,7526,2,13929,42.9,2.19,5.02,0.0,0
155,29,28,2,25.35,98,134,0,56.7,30.2,19.7,65,4453,2,15107,42.6,2.2,3.97,0.0,0
155,30,28,2,24.8,84,174,49,55.4,32.4,18.8,62,5236,2,15567,44.1,2.35,4.45,0.0,0
155,31,28,2,24.79,93,202,0,56.8,33.2,19.1,67,6824,2,15567,44.6,2.42,4.44,0.0,0
155,34,28,2,24.63,76,68,67,50.5,39.5,20.0,59,7322,2,14962,39.1,2.32,4.94,21.6,0
155,35,28,2,23.44,81,112,0,53.5,32.5,19.6,65,6181,2,15115,42.1,2.45,5.93,18.7,0
155,36,28,2,24.64,96,158,0,49.3,39.1,19.1,67,3923,3,13519,40.6,2.38,4.47,17.4,0
155,37,28,2,24.46,63,116,0,48.4,36.3,18.3,65,6535,3,15189,41.0,2.46,5.0,17.8,0
155,38,28,2,24.72,76,167,41,58.7,29.1,18.7,66,3918,3,16156,41.4,2.49,4.79,17.8,0
156,14,32,2,24.75,66,106,0,55.9,42.1,21.5,63,3859,2,12499,59.3,0.83,5.56,57.2,0
156,15,32,2,24.75,72,78,0,60.5,39.2,21.5,67,3998,2,13659,59.7,0.85,5.65,55.1,0
156,16,32,2,24.62,72,107,56,44.1,36.5,23.0,67,4029,2,14664,59.9,0.88,5.91,53.7,0
156,17,32,2,23.98,66,152,0,39.0,39.8,21.6,67,4657,2,14322,60.7,0.91,6.26,53.3,0
156,20,32,2,23.99,65,74,0,52.4,44.6,22.0,65,4727,2,14125,62.1,0.91,6.12,55.6,0
156,21,32,2,24.24,87,69,0,32.8,36.7,21.9,63,7681,2,14363,61.3,0.92,6.05,55.6,1
156,22,32,2,24.11,78,67,120,41.4,42.1,23.0,63,8696,2,14538,61.4,0.91,6.48,56.8,0
156,23,32,2,24.07,59,67,48,42.7,42.9,22.2,64,3301,2,13917,61.6,0.93,6.22,57.5,0
156,24,32,2,24.29,67,127,0,52.2,35.5,22.4,64,4005,2,12257,61.7,0.95,5.88,56.8,0
156,27,32,2,23.73,67,7,0,38.0,35.2,23.0,61,4705,2,12408,70.6,0.99,6.52,57.9,1
156,28,32,2,23.96,50,62,0,42.6,38.4,23.7,60,3460,2,11755,70.4,1.0,6.51,60.4,0
156,29,32,2,24.12,65,88,0,39.5,39.2,23.6,65,5713,1,10966,69.9,0.93,6.26,59.3,1
156,30,32,2,23.55,52,100,0,51.0,42.7,23.0,63,4696,1,9525,69.6,0.89,6.75,59.3,0
156,31,32,2,24.11,66,57,62,55.7,38.7,23.8,66,5302,1,8572,68.5,0.83,6.17,60.1,0
156,33,32,2,25.0,76,66,120,43.2,38.1,22.7,60,7513,1,10102,68.1,0.88,6.75,44.2,0
156,34,32,2,24.31,72,117,0,47.4,44.4,23.7,60,9403,1,10543,66.8,0.89,5.73,45.6,0
156,35,32,2,24.46,72,102,0,44.9,42.5,24.8,65,4653,2,11128,67.1,0.92,5.33,44.4,0
156,36,32,2,24.43,77,134,74,51.1,34.8,22.9,65,7951,2,11769,66.8,0.97,5.86,44.9,0
156,37,32,2,23.83,84,131,35,69.6,40.2,23.3,66,7636,2,11664,66.8,1.01,6.35,44.3,0
156,38,32,2,24.14,83,127,84,42.1,37.1,21.8,63,6275,2,12390,66.4,1.01,6.41,44.3,1
157,14,29,1,23.01,15,131,0,34.1,31.9,22.9,69,3391,1,5925,72.2,0.46,8.05,66.4,1
157,15,29,1,22.17,24,100,75,37.2,34.4,22.9,69,5007,1,5685,74.8,0.38,8.48,66.6,0
157,16,29,1,22.47,30,99,0,32.3,30.6,22.9,68,3958,1,6110,73.6,0.36,6.76,66.0,0
157,17,29,1,23.17,17,90,38,36.7,30.6,23.3,72,3477,1,7021,69.7,0.4,7.8,66.6,1
157,18,29,1,23.36,34,74,60,42.3,23.2,24.2,71,5261,1,7220,69.7,0.39,8.21,66.6,1
157,20,29,1,23.18,27,187,0,35.5,24.2,23.3,70,3828,1,7249,72.3,0.43,7.62,78.6,1
157,21,29,1,23.12,44,108,0,46.2,31.8,24.4,73,3126,1,7534,72.9,0.42,7.55,78.9,0
157,22,29,1,23.06,45,111,44,42.4,29.1,23.3,72,7484,1,7765,73.1,0.4,7.0,78.9,0
157,23,29,1,22.94,25,151,0,31.8,29.7,23.1,71,5990,1,7247,72.7,0.44,7.41,78.7,1
157,24,29,1,23.05,28,101,0,23.6,26.6,23.6,71,6649,1,7677,72.5,0.42,7.85,78.7,1
157,25,29,1,23.91,53,97,0,11.5,27.7,23.6,69,3229,1,7621,72.6,0.38,7.26,78.7,1
157,27,29,1,23.03,7,92,0,59.2,34.5,25.1,73,7635,1,8384,78.8,0.44,7.1,77.7,0
157,28,29,1,23.15,13,163,0,32.7,30.0,23.2,71,4532,1,8623,79.4,0.45,7.64,77.8,0
157,29,29,1,22.14,30,80,0,10.7,28.9,23.7,72,4652,2,9001,79.5,0.48,8.33,78.5,0
157,30,29,1,23.19,38,104,0,45.4,22.6,24.3,71,4161,1,8496,79.0,0.49,7.19,78.1,0
157,31,29,1,22.88,31,92,64,37.1,28.9,24.5,71,5611,1,7983,83.7,0.46,7.64,75.4,1
157,34,29,1,23.69,59,196,0,46.2,32.1,23.8,69,4061,1,7136,86.1,0.5,6.86,70.2,0
157,35,29,1,22.28,19,167,0,34.8,28.5,23.9,71,5375,1,6937,85.7,0.55,7.26,70.0,0
157,36,29,1,23.2,35,143,0,43.4,39.8,23.6,74,3662,1,6816,81.6,0.57,7.6,70.0,0
157,37,29,1,22.6,33,105,0,34.3,29.9,24.0,70,5093,1,7315,81.5,0.53,6.62,70.0,0
157,38,29,1,23.73,51,149,5,51.2,29.0,24.5,74,4738,1,6529,78.4,0.59,6.69,70.4,1
158,14,27,2,23.78,30,30,0,7.6,33.1,23.8,63,8231,1,7107,71.9,0.66,6.93,69.1,0
158,15,27,2,23.61,6,72,60,16.5,34.9,25.1,65,11061,1,7158,71.7,0.61,7.02,68.6,1
158,16,27,2,22.93,31,49,0,16.8,34.3,24.4,65,8588,1,6713,71.5,0.58,7.69,68.6,1
158,17,27,2,23.58,32,42,0,5.4,36.0,23.9,63,6705,1,6458,70.2,0.49,6.97,69.5,0
158,20,27,2,23.6,29,0,107,12.7,27.0,25.1,61,11497,1,5828,70.7,0.44,7.01,76.7,1
158,21,27,2,24.13,6,54,120,7.6,39.1,24.0,61,13038,1,5206,71.2,0.46,6.94,76.7,1
158,22,27,2,22.61,42,82,74,3.3,31.7,25.3,65,10371,1,5261,71.2,0.47,7.97,77.5,1
158,23,27,2,23.38,3,0,120,13.3,37.0,24.8,62,7715,1,5277,69.3,0.36,7.48,78.1,1
158,24,27,2,22.86,14,3,60,26.0,34.9,25.6,66,6538,1,5260,69.1,0.33,7.38,78.6,1
158,26,27,2,24.81,61,19,0,1.7,37.4,24.0,60,7787,0,5319,73.6,0.37,6.69,65.0,1
158,27,27,2,24.87,38,0,42,7.9,31.8,24.2,66,6443,0,5309,71.9,0.43,5.78,64.9,1
158,28,27,2,24.05,42,82,63,9.1,36.6,25.9,68,7073,0,5864,72.0,0.52,6.22,64.9,0
158,29,27,2,23.79,31,79,69,17.1,30.0,25.4,68,9219,0,6531,71.9,0.57,6.84,65.3,0
158,30,27,2,23.96,23,77,0,7.0,34.2,26.8,63,5319,1,6637,72.0,0.58,6.27,62.7,1
158,31,27,2,23.36,14,108,24,10.0,32.1,25.0,68,8056,1,7248,73.0,0.68,7.08,60.0,1
158,34,27,2,23.99,7,29,23,5.5,26.9,26.2,62,11427,1,8013,67.3,0.69,6.43,54.7,1
158,35,27,2,23.78,34,0,26,17.1,27.7,25.8,68,8526,1,8094,67.5,0.74,6.68,56.1,0
158,36,27,2,23.93,32,67,26,18.1,37.3,25.9,65,7506,2,8662,67.2,0.75,6.48,55.4,0
158,37,27,2,23.81,59,80,0,17.3,28.6,25.8,68,8592,2,9426,69.1,0.86,6.49,54.6,1
158,38,27,2,23.71,35,56,0,1.8,30.9,26.6,66,9018,2,11074,68.9,0.93,6.43,54.6,0
159,14,33,1,23.08,46,89,17,64.2,30.1,22.4,60,8113,0,5705,68.2,0.39,8.09,75.7,1
159,15,33,1,22.33,32,19,0,50.8,30.2,21.5,58,10154,0,5791,68.6,0.37,6.85,75.7,1
159,16,33,1,23.64,25,26,0,53.0,31.4,21.2,60,7106,0,5971,65.4,0.41,7.51,75.6,1
159,17,33,1,22.83,40,24,0,45.9,27.2,21.6,59,9341,0,5964,64.9,0.37,8.03,75.8,0
159,19,33,1,24.29,39,0,0,29.9,31.2,21.9,56,12336,0,5463,69.6,0.27,6.5,73.1,0
159,20,33,1,23.32,27,59,53,50.2,21.8,21.0,60,8875,0,5771,70.8,0.32,8.0,77.9,1
159,21,33,1,24.71,35,22,46,55.6,30.6,22.4,59,9188,0,5584,71.0,0.23,6.85,78.5,0
159,22,33,1,23.06,32,46,52,54.5,34.1,22.2,61,7556,0,5975,69.7,0.3,7.8,79.6,1
159,23,33,1,24.73,58,5,0,63.1,28.3,22.3,59,8101,0,6097,70.2,0.25,6.77,79.6,0
159,24,33,1,23.49,40,60,0,65.6,33.9,22.6,64,8454,0,6146,67.6,0.33,7.17,79.2,0
159,25,33,1,24.05,32,34,0,48.9,31.1,21.3,63,7148,0,6549,68.7,0.35,6.82,80.4,0
159,27,33,1,23.49,54,0,45,43.2,31.9,21.2,59,7705,0,6619,71.0,0.32,7.37,83.6,1
159,28,33,1,23.85,43,43,0,65.9,28.8,21.7,62,3856,0,6904,71.3,0.3,6.96,83.6,0
159,29,33,1,23.08,39,63,0,58.0,29.7,21.9,61,7206,1,6964,71.4,0.39,8.12,84.4,1
159,30,33,1,22.37,15,18,10,45.1,27.7,21.4,60,5796,1,6733,80.6,0.29,7.36,84.4,1
159,31,33,1,22.75,41,0,13,66.6,27.0,21.8,56,8510,1,7136,74.0,0.31,7.09,84.4,1
159,34,33,1,23.18,30,25,120,68.7,27.2,21.6,62,8677,1,7260,71.3,0.3,8.0,61.5,1
159,35,33,1,23.7,59,12,9,59.7,34.1,21.4,60,10100,1,7099,71.3,0.3,7.48,61.6,1
159,36,33,1,23.55,57,58,0,67.0,31.6,20.3,56,8038,1,5988,73.9,0.25,7.03,61.6,0
159,37,33,1,23.95,60,45,21,62.6,20.4,20.7,59,9180,1,5753,74.0,0.3,7.53,61.9,1
159,38,33,1,23.13,39,14,82,49.4,32.0,20.8,61,8786,1,5348,76.1,0.25,6.78,62.0,1
160,14,22,1,22.82,22,118,65,56.7,39.8,16.2,65,8072,2,14951,53.4,1.35,6.22,39.1,0
160,15,22,1,23.05,30,109,45,49.8,46.1,16.9,64,8515,2,15358,53.1,1.29,5.89,41.3,1
160,16,22,1,22.85,10,196,0,60.3,40.0,17.9,65,9746,2,15304,54.0,1.31,6.18,41.3,0
160,17,22,1,23.76,26,128,51,58.0,40.5,17.5,70,7274,2,15016,53.6,1.24,5.04,40.6,0
160,18,22,1,23.67,22,197,28,64.1,37.6,16.4,67,6348,2,13638,54.1,1.27,6.36,41.0,0
160,20,22,1,22.84,0,109,51,55.5,37.2,16.8,61,6690,2,14231,58.1,1.41,6.49,49.1,0
160,21,22,1,23.12,34,92,0,54.4,39.1,17.1,63,7424,2,12660,58.0,1.33,5.71,47.7,0
160,22,22,1,23.18,10,117,120,67.9,42.3,17.6,63,8406,2,13975,57.8,1.31,6.1,46.4,0
160,23,22,1,22.5,0,153,0,63.3,39.1,17.6,63,3437,2,13353,58.4,1.29,6.58,47.8,0
160,24,22,1,22.65,42,160,83,45.2,43.3,17.2,65,7507,2,12953,60.0,1.27,6.22,48.4,0
160,27,22,1,23.32,29,71,55,57.6,39.7,17.6,61,10174,2,13848,65.2,1.22,6.08,39.3,0
160,28,22,1,23.07,20,80,0,43.1,36.5,16.3,65,7250,2,13659,65.3,1.19,5.77,39.3,0
160,29,22,1,23.57,28,178,0,62.5,36.8,17.4,67,5052,2,14433,65.3,1.22,5.35,40.0,0
160,30,22,1,21.68,22,197,0,58.1,38.4,17.2,66,6072,2,15026,65.7,1.26,7.14,40.5,0
160,31,22,1,23.16,7,144,91,57.3,46.1,17.5,66,6918,2,14750,62.9,1.19,5.94,41.0,0
160,33,22,1,23.85,63,67,87,58.2,35.6,16.7,60,7916,2,15442,56.0,0.9,6.17,45.7,1
160,34,22,1,23.11,35,90,51,80.5,39.3,17.5,66,7707,2,15804,61.7,1.14,5.86,40.9,1
160,35,22,1,22.77,11,152,0,50.2,43.7,17.6,67,5516,2,15981,61.6,1.18,6.02,42.4,0
160,36,22,1,23.07,17,171,0,71.7,41.4,18.2,67,3983,2,14761,61.2,1.16,5.97,43.1,0
160,37,22,1,23.38,16,183,0,51.5,39.4,17.2,65,6403,2,15785,61.0,1.17,5.61,41.8,0
160,38,22,1,23.44,6,139,39,68.0,33.2,18.1,66,7711,2,16425,61.7,1.24,5.71,41.8,0
161,14,26,2,23.94,42,154,26,78.9,26.8,19.1,61,8532,3,19355,50.5,2.56,5.28,0.0,0
161,15,26,2,23.78,29,133,62,62.4,35.5,20.1,59,6456,3,20772,50.8,2.61,5.73,0.0,0
161,16,26,2,25.04,52,153,88,54.5,33.7,20.0,61,9888,3,20056,49.7,2.47,4.33,0.0,0
161,17,26,2,24.58,51,186,34,76.6,31.8,20.6,59,7884,3,20124,50.1,2.51,4.8,0.0,0
161,20,26,2,24.7,56,45,0,73.1,33.6,21.0,51,8104,3,18560,35.6,2.26,4.59,22.7,0
161,21,26,2,24.58,44,183,120,67.2,33.7,22.1,60,9274,3,19850,37.1,2.39,4.98,20.8,0
161,22,26,2,24.6,54,174,0,67.2,31.6,21.3,63,7685,3,19850,36.8,2.33,4.84,19.8,0
161,23,26,2,24.2,42,160,87,58.0,34.8,21.3,59,10389,3,20224,37.1,2.35,5.46,17.6,0
161,24,26,2,24.35,58,159,0,64.1,35.0,20.9,61,10634,3,20224,37.5,2.36,5.0,18.4,0
161,27,26,2,24.27,39,77,0,55.8,40.8,21.0,53,7430,3,19913,39.1,2.29,5.18,0.0,0
161,28,26,2,24.0,16,173,0,48.8,37.7,22.1,59,11669,3,20827,39.2,2.31,5.47,0.0,0
161,29,26,2,23.81,50,190,33,64.9,35.8,20.6,62,10078,3,20827,39.7,2.3,5.69,0.0,0
161,30,26,2,23.91,29,132,71,57.1,31.9,21.5,61,7159,3,21544,39.7,2.3,5.81,0.0,0
161,31,26,2,24.1,55,124,0,76.1,36.1,20.7,61,4874,3,21544,39.0,2.19,5.22,0.0,0
161,34,26,2,23.78,28,127,0,65.0,31.4,21.5,56,10350,3,21397,39.3,2.2,5.73,25.7,1
161,35,26,2,23.65,63,150,0,63.1,26.5,21.1,58,10574,3,20648,38.5,2.12,5.81,25.7,0
161,36,26,2,23.55,52,156,0,65.2,31.6,20.5,60,6338,2,20488,37.5,2.06,5.79,25.1,0
161,37,26,2,23.26,49,160,75,53.3,40.0,21.0,59,8598,2,19930,36.3,1.99,6.24,23.6,0
161,38,26,2,24.37,25,144,0,69.5,29.4,21.5,62,8677,2,19586,35.1,1.93,5.07,23.6,0
162,14,33,1,22.93,69,23,0,0.0,29.2,22.1,60,4784,0,3914,78.7,-0.05,7.84,77.2,1
162,15,33,1,22.92,57,39,0,0.0,35.7,21.0,59,5831,0,4388,78.5,-0.03,7.7,77.7,1
162,16,33,1,22.68,86,0,0,2.5,34.6,21.5,59,6609,0,4371,79.5,-0.07,7.95,77.7,1
162,17,33,1,23.16,63,0,0,0.0,42.2,20.7,63,5314,0,4442,78.6,-0.09,7.73,77.7,1
162,18,33,1,23.68,74,14,0,0.0,39.5,21.5,60,6716,0,4188,78.6,-0.07,8.42,77.7,1
162,20,33,1,22.61,49,36,0,0.0,33.0,21.7,54,6981,0,4403,76.7,-0.1,8.49,84.3,1
162,21,33,1,22.8,80,74,85,13.8,29.8,21.7,56,10523,0,4440,76.7,-0.11,7.9,85.2,1
162,22,33,1,23.1,68,6,44,14.9,42.4,20.6,60,9784,0,4400,76.2,-0.07,8.07,85.2,1
162,23,33,1,23.35,62,23,0,16.9,34.6,21.8,57,6605,0,4300,76.3,-0.07,7.77,84.2,1
162,24,33,1,22.45,69,45,9,16.7,36.4,19.1,58,5020,0,3918,77.2,-0.05,7.72,84.2,1
162,27,33,1,22.68,52,42,71,0.0,31.7,20.8,61,7120,0,4630,80.2,0.09,8.05,83.4,1
162,28,33,1,22.72,48,30,29,9.4,33.6,19.8,58,7821,0,4287,80.0,0.1,7.81,83.4,1
162,29,33,1,23.28,65,80,43,19.1,36.4,20.9,57,7132,0,4584,79.5,0.11,7.79,82.9,1
162,30,33,1,22.93,60,75,0,9.5,38.6,20.2,60,6141,0,4780,79.5,0.1,7.87,82.5,1
162,31,33,1,22.84,22,45,0,16.7,33.8,21.5,58,6456,0,4676,80.0,0.11,8.28,82.5,0
162,34,33,1,22.86,47,68,0,11.2,34.8,19.7,57,7148,0,4736,80.7,0.06,8.25,87.1,1
162,35,33,1,23.38,71,36,95,6.8,36.9,20.6,59,8042,0,4925,80.8,0.08,7.78,87.1,1
162,36,33,1,22.71,45,41,0,0.0,40.5,19.8,58,7054,0,5010,80.9,0.09,8.15,87.0,1
162,37,33,1,23.12,77,40,0,17.9,35.5,20.4,56,5845,0,4997,80.6,0.08,7.67,87.0,1
162,38,33,1,23.05,55,22,25,0.8,30.8,20.1,61,4919,0,5816,80.8,0.09,7.53,87.0,0
163,14,20,2,23.98,46,189,32,39.8,39.7,23.5,58,8153,1,7331,69.8,0.81,6.94,79.0,1
163,15,20,2,24.62,40,215,9,28.0,37.4,23.3,57,5177,1,7603,69.5,0.79,6.5,79.7,0
163,16,20,2,24.12,45,168,77,37.2,34.1,24.3,58,5876,1,8704,69.5,0.79,7.12,79.1,1
163,17,20,2,25.05,52,232,0,28.1,45.3,24.1,61,6371,0,8544,69.8,0.78,5.76,79.1,1
163,19,20,2,24.72,58,182,36,23.2,42.4,23.7,58,6830,0,6918,71.7,0.63,6.77,79.3,1
163,20,20,2,24.35,47,183,120,37.2,39.4,24.2,57,9973,0,6801,72.1,0.68,6.87,74.5,1
163,21,20,2,24.78,27,219,0,27.3,36.1,23.3,54,4885,0,6178,73.1,0.73,6.45,75.0,0
163,22,20,2,23.75,20,223,0,34.8,40.1,23.7,60,5108,0,7360,75.8,0.78,7.41,74.8,1
163,23,20,2,24.31,40,195,107,20.5,38.4,23.6,58,8723,0,7063,76.0,0.76,6.99,75.4,1
163,24,20,2,22.94,41,245,0,32.2,37.9,22.8,56,12792,0,7310,76.2,0.78,7.26,75.4,1
163,26,20,2,25.0,59,151,0,21.4,32.4,22.7,57,7825,0,7443,72.0,0.7,7.4,73.8,1
163,27,20,2,24.15,44,175,120,15.6,33.7,23.9,57,7194,0,7505,77.3,0.75,7.12,80.9,1
163,28,20,2,23.88,38,188,29,37.7,39.5,23.5,59,10385,0,7129,77.4,0.73,7.2,80.2,1
163,29,20,2,23.61,60,229,0,27.1,35.9,23.8,57,6399,0,7142,77.5,0.72,7.15,79.6,1
163,30,20,2,23.9,33,246,0,27.4,38.7,22.5,56,6838,0,6556,76.3,0.67,7.35,79.6,1
163,31,20,2,24.24,69,239,0,30.5,33.3,23.9,58,5626,0,6796,76.2,0.65,6.67,80.2,1
163,34,20,2,23.44,23,197,0,27.2,44.2,21.3,58,5553,0,7403,69.3,0.6,7.03,81.8,1
163,35,20,2,24.36,23,226,39,19.4,35.6,22.5,59,6946,0,7231,67.3,0.59,7.16,81.8,1
163,36,20,2,24.14,42,186,0,13.1,33.8,22.5,58,6984,0,7514,67.4,0.54,7.32,82.4,1
163,37,20,2,23.75,39,214,14,23.9,42.4,22.1,58,7073,0,7654,67.7,0.55,7.54,82.5,1
163,38,20,2,24.27,32,201,39,23.7,44.1,21.3,54,7196,0,7247,67.5,0.51,7.02,82.5,1
164,14,33,2,23.72,97,129,6,43.2,41.1,17.9,55,8891,1,11429,80.0,0.92,6.3,74.0,1
164,15,33,2,23.56,67,125,57,40.2,44.5,18.1,53,11266,1,10662,79.3,0.93,6.92,74.0,1
164,16,33,2,23.38,44,129,17,42.7,39.3,17.9,51,11798,1,11305,78.8,0.92,6.92,74.6,0
164,17,33,2,23.57,26,69,0,25.0,31.6,17.6,52,12987,1,11173,77.9,0.84,6.62,75.3,1
164,20,33,2,23.47,53,64,0,23.4,35.8,17.0,52,11234,1,10609,72.9,0.79,6.88,56.5,1
164,21,33,2,22.94,75,76,67,28.9,35.5,17.8,54,10100,1,8898,72.3,0.73,6.82,56.5,1
164,22,33,2,23.27,43,112,120,31.3,37.0,17.9,52,13431,1,8566,69.9,0.73,7.23,56.5,1
164,23,33,2,24.87,52,104,23,45.1,42.1,17.4,56,17661,1,7714,69.7,0.63,5.34,56.5,0
164,24,33,2,24.73,75,135,0,63.0,31.3,18.5,57,8849,1,6709,69.5,0.67,5.68,55.9,1
164,26,33,2,24.68,78,97,104,26.1,29.7,17.2,54,8919,0,5343,62.6,0.67,6.96,73.4,0
164,27,33,2,23.82,55,85,82,53.7,40.8,16.9,52,15434,0,5243,61.5,0.73,6.39,71.5,0
164,28,33,2,22.99,50,125,120,31.6,37.4,16.9,54,7290,0,6212,61.3,0.75,7.22,72.3,0
164,29,33,2,24.7,59,112,0,48.3,34.8,19.0,55,9100,0,6097,60.5,0.68,5.85,72.3,0
164,30,33,2,24.24,58,132,120,45.1,39.4,17.7,53,13710,0,6067,60.8,0.76,6.16,72.3,1
164,31,33,2,23.48,34,141,0,35.3,34.7,18.0,58,8568,0,6094,61.6,0.81,7.05,73.8,1
164,32,33,2,23.3,67,91,85,32.1,32.3,17.3,55,8213,1,6365,61.9,0.78,7.3,73.2,0
164,33,33,2,25.53,75,110,81,35.8,43.3,18.1,53,8004,1,6854,62.8,0.77,6.23,71.0,1
164,34,33,2,24.74,48,141,0,37.0,36.1,17.5,55,8293,1,7294,61.9,0.81,5.52,81.3,1
164,35,33,2,23.75,63,135,120,40.4,37.2,17.5,59,12964,1,8210,62.6,0.91,6.81,81.3,0
164,36,33,2,24.04,68,138,120,44.8,40.7,17.5,59,11937,1,8914,65.5,0.91,6.41,81.3,0
164,37,33,2,23.77,62,109,0,47.9,42.4,16.8,59,7253,1,9593,66.4,0.97,6.23,81.3,0
164,38,33,2,23.71,46,135,97,26.8,37.0,18.0,55,13876,1,10158,65.4,0.91,6.99,80.6,1
165,14,33,0,21.57,0,3,69,25.3,36.8,19.0,59,5051,0,5747,83.0,-0.15,8.27,79.7,1
165,15,33,0,21.33,1,5,0,21.4,40.0,18.8,60,6465,0,5783,85.2,-0.19,7.52,79.7,0
165,16,33,0,21.39,6,26,0,35.8,39.6,19.4,60,7076,0,5811,83.6,-0.15,8.09,80.3,0
165,17,33,0,22.08,4,19,0,45.9,34.0,19.6,60,3912,0,5632,83.7,-0.19,7.95,80.9,1
165,20,33,0,21.89,14,39,0,39.8,37.8,20.1,59,7615,0,6094,80.2,-0.22,8.37,71.2,0
165,21,33,0,21.95,14,46,54,44.5,35.4,20.3,57,5065,0,6148,79.8,-0.23,8.24,71.2,1
165,22,33,0,21.79,9,28,42,37.3,30.5,19.1,59,6403,0,6692,79.5,-0.29,8.41,69.7,1
165,23,33,0,21.66,17,45,0,52.0,28.3,19.5,62,9074,0,6739,80.8,-0.35,7.31,69.7,1
165,24,33,0,22.33,0,35,89,48.0,31.4,19.8,59,5977,0,6175,80.9,-0.32,7.97,69.2,1
165,27,33,0,21.89,0,0,55,43.9,32.6,19.5,62,9749,0,5447,81.5,-0.34,8.41,95.5,1
165,28,33,0,21.89,0,7,102,52.2,36.4,19.9,58,6007,0,5287,81.2,-0.4,7.54,95.0,1
165,29,33,0,22.35,0,44,0,39.1,33.8,19.6,62,4924,0,5349,81.2,-0.35,7.91,96.5,1
165,30,33,0,22.07,34,33,0,43.8,39.9,19.5,64,6564,0,5119,83.8,-0.38,7.4,95.5,1
165,31,33,0,22.01,30,19,51,49.5,40.4,18.7,61,7200,0,5213,85.2,-0.33,7.4,95.0,1
165,34,33,0,21.94,4,14,12,41.2,32.6,19.8,62,4647,0,4663,78.6,-0.31,7.28,69.9,1
165,35,33,0,21.3,0,72,41,41.1,36.8,19.2,62,4863,0,4787,77.9,-0.23,7.55,69.9,1
165,36,33,0,22.51,4,56,50,54.4,36.6,19.4,62,8532,0,4613,74.9,-0.18,7.24,69.9,1
165,37,33,0,21.75,0,34,50,40.3,37.8,20.8,62,5853,1,4934,74.8,-0.1,7.92,69.9,1
165,38,33,0,21.8,1,29,0,43.6,35.9,19.9,60,8580,1,4829,76.0,-0.14,7.55,69.9,1
166,14,24,0,22.87,41,49,47,57.9,34.0,27.1,63,5458,1,11320,74.7,0.26,7.16,56.6,1
166,15,24,0,21.67,34,13,0,56.4,37.7,26.9,63,4529,1,11435,74.7,0.25,8.16,56.7,1
166,16,24,0,22.51,65,46,0,56.5,32.9,26.7,64,7397,1,11576,73.5,0.2,7.35,56.6,0
166,17,24,0,21.98,52,17,60,71.7,34.6,25.9,64,4706,1,10134,73.3,0.17,8.14,57.0,0
166,20,24,0,22.53,68,38,0,69.5,36.0,25.8,64,3981,1,10266,63.4,0.17,7.23,81.4,0
166,21,24,0,22.64,35,31,0,70.0,34.6,26.1,63,6929,1,9346,63.1,0.17,7.36,81.1,0
166,22,24,0,22.11,54,72,88,59.5,32.3,26.2,63,6280,1,9981,64.0,0.2,7.94,81.4,1
166,23,24,0,22.11,58,5,0,59.8,34.5,27.0,61,5277,1,9156,63.5,0.16,7.76,81.9,1
166,24,24,0,22.63,60,0,0,64.7,29.4,26.9,61,5122,1,8683,62.9,0.06,7.26,81.4,0
166,27,24,0,22.18,41,59,30,62.0,34.3,26.2,61,5730,1,9646,64.1,0.13,7.9,86.7,1
166,28,24,0,22.5,56,8,23,67.8,33.5,26.0,60,5010,1,10012,64.2,0.1,7.63,86.7,0
166,29,24,0,22.79,63,19,0,65.9,33.5,26.4,62,3940,1,9968,64.1,0.07,7.18,86.0,1
166,30,24,0,22.52,70,28,38,84.9,39.0,26.0,67,5259,1,10080,65.4,0.14,7.21,86.2,0
166,31,24,0,21.84,45,59,0,57.1,31.3,25.8,65,4940,1,10380,65.3,0.15,8.02,86.0,0
166,34,24,0,22.56,49,33,0,63.8,40.0,26.7,64,3872,1,10987,83.3,0.22,7.14,85.1,0
166,35,24,0,22.65,73,11,58,88.9,42.0,26.1,66,5173,1,11626,83.3,0.23,7.19,85.1,1
166,36,24,0,22.47,75,44,91,67.6,39.7,27.4,62,6345,1,10826,83.3,0.24,7.37,84.1,0
166,37,24,0,22.16,41,44,0,54.0,34.7,26.4,64,6008,1,11720,83.4,0.28,7.89,84.8,1
166,38,24,0,22.44,48,0,120,66.8,38.3,25.9,61,7101,1,11746,83.8,0.27,7.88,83.9,0
167,14,27,0,21.62,29,77,0,24.6,34.1,22.3,63,7651,1,7175,57.2,0.1,7.79,79.6,0
167,15,27,0,22.04,15,56,12,49.8,32.9,22.9,64,10093,1,8028,57.2,0.08,7.27,78.7,0
167,16,27,0,21.53,21,59,79,34.9,28.8,24.2,58,8491,1,8085,59.4,0.15,7.81,77.5,0
167,17,27,0,21.6,34,46,34,38.2,22.9,22.8,57,5904,1,8263,59.2,0.15,7.83,77.5,0
167,18,27,0,21.93,26,18,0,24.6,26.9,24.7,59,7343,1,8517,59.2,0.11,7.84,76.5,1
167,20,27,0,22.16,27,61,89,29.2,25.8,23.1,57,8283,1,8577,63.1,0.17,7.3,74.5,0
167,21,27,0,20.86,27,28,120,25.8,29.6,23.2,58,8898,1,8371,63.2,0.2,8.46,73.9,1
167,22,27,0,20.61,19,44,80,52.4,30.2,22.9,56,7105,1,8016,64.4,0.18,8.0,73.9,1
167,23,27,0,22.48,3,61,0,28.9,26.3,23.1,56,6672,1,8215,61.9,0.17,6.94,74.5,0
167,24,27,0,23.27,5,97,37,47.9,35.7,23.9,56,7175,1,8164,62.4,0.31,5.99,74.2,0
167,27,27,0,22.0,39,34,25,46.2,34.5,23.5,58,8743,1,8731,73.7,0.17,7.32,75.7,1
167,28,27,0,21.73,19,86,72,37.8,33.2,22.2,61,9946,1,8325,73.7,0.15,7.98,76.7,1
167,29,27,0,23.0,50,39,26,31.2,23.6,22.7,58,7083,1,7794,73.9,0.14,6.49,76.7,1
167,30,27,0,21.45,30,71,0,32.5,26.2,23.6,61,14162,0,7876,73.3,0.19,7.67,75.7,0
167,31,27,0,22.75,16,67,111,46.3,30.2,23.5,61,11506,1,8286,72.9,0.2,6.88,75.3,0
167,32,27,0,21.95,33,62,0,20.3,29.4,23.9,61,8446,1,9048,72.8,0.27,8.61,74.1,1
167,33,27,0,22.47,59,33,0,45.8,28.3,23.5,59,8619,1,9022,72.3,0.21,7.91,65.5,0
167,34,27,0,21.45,36,1,9,32.3,29.9,23.3,59,7779,1,9056,71.8,0.23,7.97,64.3,0
167,35,27,0,20.73,21,26,0,54.1,39.7,22.2,57,6543,1,8883,71.1,0.19,8.93,64.8,1
167,36,27,0,22.02,3,40,31,35.8,29.8,23.5,61,7668,1,8677,71.6,0.15,7.56,64.8,1
167,37,27,0,22.4,22,27,0,38.1,29.2,23.4,57,6696,1,8644,77.7,0.18,6.86,64.8,0
167,38,27,0,21.24,62,46,0,43.9,30.1,22.6,56,6778,1,9031,77.6,0.19,8.11,64.1,1
168,14,48,0,22.17,54,21,52,24.3,34.5,26.0,55,8880,1,5660,68.6,0.48,6.92,87.2,1
168,15,48,0,21.79,19,39,0,32.4,38.5,23.3,57,7260,1,4915,69.0,0.46,7.06,87.7,1
168,16,48,0,21.68,11,38,52,26.2,30.2,23.7,55,9123,1,4742,69.8,0.5,7.82,88.4,0
168,17,48,0,21.02,43,30,76,27.0,36.2,25.1,54,7532,1,4681,69.8,0.44,7.02,87.7,1
168,20,48,0,21.46,36,49,0,30.9,26.6,25.0,56,7024,0,5190,69.4,0.5,6.77,72.4,1
168,21,48,0,22.24,39,39,52,14.9,29.4,23.4,53,7435,0,5583,68.9,0.54,7.37,73.2,1
168,22,48,0,21.9,12,59,34,27.9,30.5,24.6,54,10171,0,5668,69.1,0.51,7.35,72.6,1
168,23,48,0,22.53,25,71,58,24.8,28.3,24.5,51,8739,0,5062,71.9,0.48,6.96,72.6,1
168,24,48,0,21.5,13,66,7,42.3,34.7,24.3,56,11497,0,5624,71.9,0.57,7.77,72.6,0
168,26,48,0,22.67,51,7,0,12.1,37.7,24.4,56,11179,0,5754,73.3,0.59,7.02,70.0,0
168,27,48,0,21.36,29,55,94,18.2,38.8,24.4,55,12729,0,6281,73.1,0.6,7.57,74.0,1
168,28,48,0,20.9,23,47,100,43.8,37.1,24.3,56,8424,1,6438,72.7,0.64,8.19,73.6,1
168,29,48,0,21.51,33,32,120,41.1,37.0,23.4,52,12140,1,6985,71.5,0.55,7.22,73.6,1
168,30,48,0,21.95,0,34,99,32.2,41.0,24.4,55,10831,1,7508,71.0,0.54,7.49,72.9,1
168,31,48,0,21.89,15,21,120,21.6,33.8,24.1,54,7072,1,7516,71.0,0.56,7.88,72.9,1
168,33,48,0,22.5,44,33,40,10.2,35.6,23.6,52,6836,1,7450,73.0,0.45,6.94,75.0,1
168,34,48,0,21.87,38,24,0,6.2,37.9,23.4,54,6082,1,7382,74.5,0.5,7.42,83.6,1
168,35,48,0,21.23,12,76,57,13.7,30.5,23.3,53,8513,1,6849,77.2,0.45,7.59,83.6,1
168,36,48,0,21.87,11,20,68,18.9,35.6,23.6,53,8899,1,7042,75.6,0.43,7.49,83.6,1
168,37,48,0,21.24,16,29,0,29.0,30.2,23.1,54,6340,1,7315,75.6,0.42,7.99,83.6,1
168,38,48,0,21.61,31,0,57,29.0,40.6,23.2,54,6275,1,6884,75.5,0.35,7.37,84.1,1
169,14,24,1,23.48,62,49,0,66.9,38.8,17.8,57,8040,1,7711,67.3,0.18,6.89,80.8,0
169,15,24,1,23.6,47,65,41,71.2,30.6,17.3,61,11203,1,7527,67.0,0.18,6.78,78.1,1
169,16,24,1,24.11,61,33,29,92.8,34.2,18.3,63,7226,1,7793,67.4,0.22,6.06,76.5,0
169,17,24,1,23.47,41,51,82,69.0,35.4,17.8,60,9085,1,8148,68.2,0.31,7.05,75.1,0
169,20,24,1,23.66,52,41,25,76.7,33.0,17.6,57,10249,2,8180,70.1,0.29,6.6,60.4,0
169,21,24,1,22.64,64,51,73,73.5,39.4,17.9,58,7291,2,7744,70.5,0.33,7.69,60.4,0
169,22,24,1,22.64,45,0,0,53.9,35.4,17.1,56,8210,1,7721,68.7,0.26,7.5,60.4,1
169,23,24,1,23.82,40,43,103,88.6,33.6,18.3,54,11324,1,7492,66.5,0.2,6.9,61.1,1
169,24,24,1,24.06,56,15,99,76.4,38.5,16.0,56,9299,1,7409,66.8,0.2,6.01,61.1,0
169,27,24,1,24.21,71,22,0,79.7,41.5,17.2,57,12220,1,7314,72.2,0.25,5.86,50.0,1
169,28,24,1,22.64,61,58,22,67.9,31.8,17.1,60,6922,1,7044,72.2,0.3,7.4,50.7,0
169,29,24,1,22.59,70,46,40,87.6,37.9,18.2,54,15232,1,7109,70.1,0.26,7.68,51.2,0
169,30,24,1,22.71,32,61,0,64.4,33.3,17.7,54,5635,1,8423,68.5,0.2,7.6,51.6,0
169,31,24,1,23.02,94,33,91,51.4,41.0,16.9,57,7969,0,8340,67.4,0.09,7.08,52.6,1
169,34,24,1,22.45,44,10,43,72.6,41.2,16.0,59,7731,0,7618,57.0,0.08,7.67,89.2,1
169,35,24,1,22.81,56,0,65,63.1,38.4,17.3,55,14090,0,7657,55.6,-0.0,7.58,87.9,1
169,36,24,1,24.13,77,52,28,71.5,34.9,16.1,55,8110,0,6693,55.8,0.01,5.9,87.9,0
169,37,24,1,24.28,81,45,0,66.9,31.5,17.3,58,9083,0,8170,57.0,0.12,5.86,87.8,1
169,38,24,1,23.53,58,88,0,72.1,35.3,17.1,58,7435,1,8175,57.0,0.2,6.63,86.3,0
170,14,21,0,22.3,67,0,25,67.7,32.5,16.2,52,9203,1,7230,75.0,0.26,7.03,95.3,0
170,15,21,0,22.22,64,17,0,65.4,39.6,17.1,59,9541,1,7745,74.1,0.28,8.38,94.1,0
170,16,21,0,22.3,35,40,55,61.4,37.9,17.0,51,12457,1,7459,74.1,0.24,7.63,94.1,0
170,17,21,0,21.74,22,29,56,80.5,45.8,17.6,54,18000,1,7131,74.0,0.28,8.34,93.9,1
170,20,21,0,22.48,61,7,46,61.4,35.9,15.5,52,7079,1,7023,73.5,0.21,7.31,78.6,1
170,21,21,0,22.3,77,42,95,67.4,37.4,17.3,52,13148,1,7395,73.7,0.24,8.07,79.1,1
170,22,21,0,22.68,48,25,120,58.6,31.9,18.9,52,11804,1,7523,74.6,0.21,7.66,79.1,0
170,23,21,0,22.53,42,53,71,81.1,38.1,16.6,53,12823,1,7474,75.6,0.18,7.86,78.7,1
170,24,21,0,22.07,46,31,25,67.4,32.0,18.9,50,11640,1,7541,75.7,0.17,8.01,78.7,1
170,27,21,0,22.29,43,58,120,66.3,42.4,17.9,54,8718,1,7221,75.4,0.18,7.71,91.1,1
170,28,21,0,21.96,57,25,46,78.4,34.3,18.0,57,9453,1,6109,76.8,0.21,8.42,90.9,1
170,29,21,0,22.53,48,40,0,69.2,36.5,17.6,51,5928,0,5392,78.0,0.11,7.9,90.9,0
170,30,21,0,22.7,51,0,18,64.5,29.8,17.4,55,8836,1,5702,78.0,0.14,7.62,92.5,1
170,31,21,0,22.19,72,28,94,66.3,33.5,17.9,52,12933,0,6165,78.4,0.14,7.16,92.0,1
170,34,21,0,22.0,52,35,67,57.2,34.7,17.6,53,12481,0,6064,79.3,0.26,8.56,86.7,1
170,35,21,0,22.31,49,27,97,79.4,38.9,18.8,55,8025,0,5603,79.5,0.17,7.29,86.7,1
170,36,21,0,21.91,77,54,44,67.6,31.6,17.6,52,8165,0,5357,78.6,0.22,7.46,87.2,0
170,37,21,0,22.2,47,63,59,67.4,36.2,17.3,53,8318,0,5375,76.5,0.24,8.58,87.2,1
170,38,21,0,22.39,73,11,0,72.4,34.6,18.7,53,8288,0,5240,76.5,0.19,7.83,86.6,0
171,14,21,1,24.15,36,164,41,48.1,30.6,22.4,68,5622,1,11535,67.4,1.83,5.18,64.3,0
171,15,21,1,23.89,27,233,0,40.9,32.0,23.2,69,3365,1,12231,67.4,1.88,5.44,65.1,0
171,16,21,1,22.73,31,164,0,20.5,34.0,23.3,69,2967,2,13912,69.4,1.97,6.56,63.4,1
171,17,21,1,24.12,49,218,0,40.8,41.0,21.9,69,2927,2,14502,67.7,1.88,5.1,62.6,0
171,18,21,1,22.92,50,193,16,39.8,31.2,24.3,69,3970,2,14465,68.6,1.94,7.23,60.8,0
171,19,21,1,23.19,54,132,0,23.2,33.0,24.3,66,2700,2,15959,69.2,1.89,7.12,31.6,0
171,20,21,1,23.58,50,116,0,31.9,40.9,23.2,68,3054,2,16035,71.6,2.02,5.87,34.4,0
171,21,21,1,24.44,40,163,23,43.6,35.0,23.6,70,4797,2,16397,72.3,2.06,4.95,33.8,0
171,22,21,1,22.54,36,185,0,44.0,33.3,23.9,70,3701,2,14785,72.2,2.08,6.53,34.5,0
171,23,21,1,22.72,42,174,80,37.2,39.6,24.1,68,5584,2,15546,71.2,2.06,6.71,34.5,0
171,24,21,1,23.08,57,175,0,49.9,29.6,24.7,72,2793,2,13861,70.2,1.94,6.07,35.0,0
171,27,21,1,23.03,45,119,0,36.7,29.1,23.4,67,3583,2,14592,62.1,2.0,6.09,73.5,1
171,28,21,1,23.91,49,193,8,34.3,36.4,24.2,67,4371,2,15107,61.3,1.98,5.17,76.0,0
171,29,21,1,22.37,42,193,0,31.9,31.1,23.8,70,3478,2,15362,61.3,1.98,6.94,75.2,1
171,30,21,1,23.7,46,185,0,50.0,32.8,23.6,70,2420,2,13686,60.1,1.88,5.7,76.1,1
171,31,21,1,24.27,37,204,0,43.1,31.3,22.3,68,3724,2,13279,60.8,1.94,5.25,75.2,0
171,33,21,1,24.55,76,107,0,41.1,41.3,24.8,64,3250,1,12210,60.6,1.81,5.65,52.1,1
171,34,21,1,24.51,35,186,12,25.2,27.3,24.0,70,5103,1,12325,59.3,1.91,4.75,46.2,0
171,35,21,1,23.15,19,172,0,29.6,31.1,23.7,71,3061,1,12510,59.3,1.99,6.18,44.2,0
171,36,21,1,23.1,60,229,0,32.5,34.7,23.5,69,2579,1,13249,59.1,1.91,6.12,44.2,1
171,37,21,1,22.89,31,202,0,29.6,31.6,24.0,71,3507,1,12520,60.1,1.94,6.29,44.2,0
171,38,21,1,21.76,34,182,0,29.9,35.5,23.7,70,3946,1,12534,60.0,1.97,7.38,44.2,1
172,14,31,0,21.78,35,93,0,62.6,34.2,20.5,65,5511,1,9702,74.2,0.54,7.9,76.5,0
172,15,31,0,22.63,38,46,0,67.9,34.2,20.7,64,6868,1,10041,74.8,0.53,7.28,76.6,0
172,16,31,0,22.09,42,92,38,68.7,36.8,20.6,65,7465,1,10288,78.0,0.58,7.89,76.6,0
172,17,31,0,22.25,34,55,55,72.9,32.9,21.4,64,9366,1,9184,78.3,0.57,7.65,77.5,1
172,20,31,0,22.04,19,41,0,69.3,34.7,20.8,63,7884,1,8823,81.1,0.55,7.82,77.4,1
172,21,31,0,22.43,32,37,35,74.4,25.8,21.5,68,9934,1,7678,80.6,0.53,7.56,77.4,0
172,22,31,0,21.63,44,50,13,75.0,37.5,21.2,64,6890,1,8437,80.7,0.57,8.26,76.9,0
172,23,31,0,21.7,31,40,0,84.3,29.1,20.4,61,5535,1,7510,79.5,0.53,8.22,77.7,1
172,24,31,0,22.83,50,31,0,61.7,34.4,21.2,63,5366,1,7615,79.0,0.51,7.06,77.7,1
172,26,31,0,22.54,34,47,0,49.0,21.3,20.4,62,4997,1,7258,80.5,0.54,8.54,78.5,1
172,27,31,0,21.72,23,22,0,74.1,37.8,20.1,65,5413,1,7388,81.6,0.54,8.21,73.7,1
172,28,31,0,22.16,30,45,53,72.9,35.6,20.6,60,7676,1,7432,81.0,0.44,7.78,73.7,1
172,29,31,0,22.1,24,40,64,74.1,30.7,22.3,62,6339,1,7251,82.0,0.45,7.92,74.6,1
172,30,31,0,22.42,37,27,0,74.2,40.4,20.8,64,6072,1,7209,81.9,0.41,7.45,74.6,0
172,31,31,0,21.58,37,61,78,57.1,31.4,21.9,64,9404,1,7631,82.0,0.44,8.33,73.7,0
172,34,31,0,22.93,30,56,89,63.1,34.3,21.6,65,9126,1,7868,76.2,0.44,6.98,77.8,0
172,35,31,0,21.61,39,61,0,70.6,33.9,22.8,67,8512,1,7781,76.5,0.5,8.16,77.8,1
172,36,31,0,22.38,39,42,0,68.0,31.7,22.5,61,6240,1,6305,75.3,0.46,7.58,76.4,0
172,37,31,0,21.34,36,23,0,55.9,30.7,22.7,63,5968,1,6504,76.2,0.51,8.48,76.4,1
172,38,31,0,22.02,49,31,0,71.6,35.2,21.6,63,5659,1,6682,75.2,0.49,7.92,76.4,0
173,14,31,2,23.38,0,51,0,28.4,41.4,20.8,52,4195,0,3994,68.3,0.16,7.28,46.8,1
173,15,31,2,23.18,14,78,0,12.8,38.4,20.4,52,5396,0,3777,67.9,0.14,7.49,46.3,1
173,16,31,2,23.81,56,58,0,2.8,32.5,19.5,51,6276,0,3824,67.3,0.07,6.8,46.3,1
173,17,31,2,24.61,45,67,44,0.4,38.4,19.7,56,5881,0,4027,68.3,0.1,6.0,46.8,1
173,20,31,2,23.67,24,80,43,15.5,40.5,20.3,55,8358,0,5213,61.9,0.07,7.12,79.3,1
173,21,31,2,22.1,27,80,38,0.0,37.2,20.1,52,7163,0,5316,61.9,0.07,8.21,80.0,1
173,22,31,2,23.51,24,60,61,1.8,41.9,21.5,55,7281,0,5035,58.7,-0.03,7.2,80.0,1
173,23,31,2,23.26,45,113,12,27.6,30.7,20.4,56,7831,0,5157,59.0,-0.01,7.26,80.8,1
173,24,31,2,23.78,33,89,0,18.6,34.3,20.7,55,7700,0,5387,59.8,0.04,6.82,80.8,1
173,27,31,2,22.67,40,62,0,20.7,41.0,20.9,53,6405,0,5494,63.4,-0.03,6.82,91.7,1
173,28,31,2,23.39,22,76,47,31.1,32.6,21.2,57,6379,0,6021,60.5,0.04,6.96,91.2,1
173,29,31,2,24.83,17,92,0,0.0,32.8,21.4,56,4567,0,6297,60.3,0.07,5.88,91.2,0
173,30,31,2,22.9,27,146,0,20.2,38.3,22.0,56,3897,0,7121,60.1,0.18,7.57,90.8,1
173,31,31,2,22.78,24,99,58,12.4,34.6,20.4,56,7965,0,6998,59.3,0.13,7.87,90.5,1
173,34,31,2,24.29,32,45,24,13.7,38.5,22.2,55,6666,0,6316,75.1,0.05,6.34,78.1,0
173,35,31,2,23.17,62,91,8,18.1,35.3,21.4,54,6817,0,6190,74.6,0.11,7.4,78.7,1
173,36,31,2,22.6,37,46,73,11.9,36.7,21.5,54,7330,0,6315,77.4,0.17,8.11,79.4,1
173,37,31,2,23.9,35,81,0,13.0,36.5,21.3,55,6051,0,6307,76.6,0.1,6.81,79.4,0
173,38,31,2,24.39,30,93,0,20.1,36.7,22.1,55,4499,0,5958,76.6,0.13,6.05,80.4,1
174,14,30,2,23.53,8,51,0,51.6,35.9,18.2,63,4042,1,10410,71.2,0.69,7.53,51.3,1
174,15,30,2,23.34,25,90,0,58.4,33.9,18.0,62,7921,1,9699,70.3,0.62,7.38,51.1,1
174,16,30,2,24.21,25,111,0,58.0,38.5,18.3,62,5417,1,9555,68.5,0.6,6.64,51.1,1
174,17,30,2,22.44,30,81,22,66.2,34.3,17.5,64,8663,1,8869,68.2,0.58,7.81,51.1,1
174,20,30,2,24.56,40,53,0,67.8,37.9,18.3,60,8006,1,8392,56.7,0.55,6.32,72.3,1
174,21,30,2,23.34,17,128,0,59.1,41.0,16.7,63,5751,1,7134,56.7,0.55,7.18,73.1,1
174,22,30,2,23.32,41,77,74,45.0,36.1,16.9,64,5708,1,6811,56.0,0.53,7.62,73.2,1
174,23,30,2,23.8,29,100,38,73.6,30.0,17.4,64,5032,1,6401,56.1,0.54,6.87,72.3,0
174,24,30,2,23.88,29,114,47,57.0,39.3,17.2,63,7356,1,6259,56.8,0.46,7.07,72.3,1
174,25,30,2,25.58,39,92,0,53.8,40.5,18.5,63,4796,1,5119,57.0,0.43,6.67,72.3,1
174,26,30,2,24.23,42,118,30,53.5,37.6,18.7,61,6098,1,5227,53.1,0.55,7.8,81.0,1
174,27,30,2,25.73,35,81,0,64.9,33.8,18.0,62,10953,1,5324,55.7,0.54,5.14,71.7,1
174,28,30,2,24.4,45,188,78,64.5,41.4,18.1,69,6250,1,5138,54.6,0.65,6.43,70.7,0
174,29,30,2,24.28,33,155,29,68.0,38.3,18.0,64,6873,1,7017,54.7,0.73,6.76,71.2,0
174,30,30,2,23.76,28,141,78,49.8,39.6,17.4,65,5063,1,8079,55.3,0.77,6.98,71.8,0
174,31,30,2,23.14,41,129,0,63.2,40.1,18.4,62,3675,1,7952,55.1,0.75,7.7,70.9,1
174,34,30,2,23.93,36,77,0,51.4,33.9,18.2,57,5067,1,8556,68.0,0.76,6.96,75.9,1
174,35,30,2,23.87,43,93,26,53.7,36.1,17.2,60,5546,1,8583,67.8,0.71,6.92,76.9,1
174,36,30,2,24.56,40,117,34,59.4,36.3,18.0,66,9787,1,9325,69.1,0.73,6.46,76.8,0
174,37,30,2,23.55,30,105,104,50.2,35.2,17.9,64,6266,1,11178,70.2,0.81,7.62,77.1,1
174,38,30,2,22.22,23,128,0,62.1,39.4,18.1,63,6287,1,11237,70.6,0.76,7.59,78.1,1
175,14,17,2,25.78,56,144,0,60.9,40.6,22.9,61,8999,1,13046,50.6,1.0,4.68,67.2,0
175,15,17,2,24.48,69,163,69,70.9,32.8,22.7,68,7662,1,14033,51.5,1.09,6.2,66.5,0
175,16,17,2,24.89,61,155,15,61.4,33.6,22.6,63,10116,1,15280,51.9,1.11,5.68,67.1,0
175,17,17,2,22.82,44,153,79,53.1,36.1,22.5,64,10006,1,14237,52.8,1.16,8.06,66.5,0
175,20,17,2,24.41,34,103,32,60.1,32.8,23.5,58,8766,1,14291,54.6,1.09,6.05,57.3,1
175,21,17,2,23.61,57,89,120,49.7,28.4,22.0,59,9933,1,14583,56.3,1.14,7.27,57.8,0
175,22,17,2,23.82,50,134,109,53.3,33.4,22.5,61,9589,1,14292,55.7,1.08,6.95,58.6,0
175,23,17,2,24.39,46,97,0,85.0,31.8,22.9,63,7737,1,14613,55.1,1.02,6.02,58.6,0
175,24,17,2,23.06,47,131,38,51.9,31.7,21.4,66,7853,1,12770,54.7,0.96,7.67,60.5,0
175,27,17,2,24.29,56,75,0,69.6,39.6,22.6,59,7245,1,11460,68.4,0.77,6.26,80.4,0
175,28,17,2,24.22,54,83,0,65.5,28.4,21.7,59,6101,1,10729,68.8,0.78,6.47,80.4,0
175,29,17,2,24.88,52,119,45,57.2,30.7,21.3,61,7797,1,9777,69.2,0.66,5.69,80.8,0
175,30,17,2,23.95,40,149,59,52.8,32.0,22.4,64,6183,1,8884,69.2,0.69,6.76,80.6,0
175,31,17,2,23.3,61,156,115,49.1,32.6,23.2,61,10481,1,10477,68.9,0.61,7.5,78.9,1
175,33,17,2,25.76,71,34,39,36.9,32.0,21.8,57,8457,1,9813,72.4,0.65,6.26,75.3,0
175,34,17,2,24.17,41,96,14,48.2,30.5,21.8,59,6040,1,9949,68.5,0.78,6.41,63.5,0
175,35,17,2,25.7,55,135,18,62.4,39.7,21.8,58,6999,2,10151,68.4,0.76,4.82,65.0,0
175,36,17,2,24.35,41,155,73,75.0,31.3,21.5,64,5194,2,10414,68.3,0.93,6.43,62.9,0
175,37,17,2,23.86,50,142,0,66.6,34.0,22.1,63,5589,2,11604,68.7,0.97,6.75,60.1,0
175,38,17,2,25.85,54,159,0,63.7,35.7,21.8,61,5122,2,12674,68.4,0.92,4.9,59.1,0
176,14,19,1,22.91,47,109,0,61.3,41.0,19.5,56,7215,2,19242,58.0,1.25,6.98,45.6,0
176,15,19,1,23.71,72,112,114,81.1,41.7,21.5,59,11567,2,20745,57.4,1.19,6.1,45.5,0
176,16,19,1,23.35,68,99,0,75.4,48.0,20.4,62,9131,2,20943,57.7,1.25,6.31,46.0,0
176,17,19,1,23.2,52,129,41,80.5,38.7,19.3,61,11338,2,21298,58.1,1.26,6.61,47.1,0
176,19,19,1,23.96,76,50,18,67.7,39.6,20.0,57,9053,2,19223,53.5,1.05,7.02,52.3,0
176,20,19,1,23.33,39,66,0,58.0,37.6,19.5,56,5406,2,20629,55.5,1.23,6.6,52.9,1
176,21,19,1,23.57,43,94,38,85.7,47.2,20.2,58,7886,2,19206,55.2,1.19,6.21,53.8,0
176,22,19,1,23.38,40,131,83,81.9,40.8,20.7,60,8028,2,18124,55.2,1.2,6.58,52.4,0
176,23,19,1,23.63,57,111,80,76.3,37.8,19.6,58,8768,2,16893,54.8,1.14,6.37,51.2,0
176,24,19,1,24.01,83,94,83,80.6,42.3,19.4,60,10266,3,16810,54.9,1.13,5.86,51.2,0
176,27,19,1,23.21,67,43,0,73.4,46.7,18.9,54,7437,3,18472,65.9,1.13,6.51,54.1,0
176,28,19,1,23.17,70,69,37,71.3,47.1,19.8,59,6804,3,17664,65.1,1.06,6.4,53.2,0
176,29,19,1,23.57,50,108,0,75.4,41.4,19.9,59,8031,2,16738,65.0,1.11,6.04,52.3,0
176,30,19,1,23.87,52,125,28,73.2,45.8,19.6,59,14058,2,17758,64.7,1.11,6.04,50.6,0
176,31,19,1,22.97,48,118,0,82.0,39.3,19.4,63,4836,3,18249,65.4,1.13,6.8,48.7,0
176,34,19,1,23.41,58,9,46,67.6,43.0,19.3,56,7459,2,17472,68.1,1.06,6.42,29.2,0
176,35,19,1,22.71,42,71,33,77.2,43.4,19.5,55,7870,2,17797,68.1,1.07,7.29,30.6,1
176,36,19,1,24.23,48,75,96,71.8,37.9,19.0,56,11842,2,17514,67.2,0.99,5.71,32.6,0
176,37,19,1,23.21,45,126,0,76.9,37.0,19.3,58,6649,2,18746,67.5,1.06,6.72,36.2,0
176,38,19,1,23.75,48,117,40,67.5,46.2,19.9,58,15174,2,18913,67.1,1.03,5.87,38.5,0
177,14,34,0,22.41,10,117,0,17.0,41.8,23.4,70,3903,0,6336,70.3,0.35,7.06,61.7,1
177,15,34,0,22.14,24,85,0,2.0,44.5,22.5,63,4622,0,6938,70.2,0.34,8.1,61.8,1
177,16,34,0,21.57,28,85,34,8.9,48.2,24.1,61,4905,0,6688,72.3,0.28,6.33,61.7,1
177,17,34,0,21.02,34,89,0,36.6,45.3,23.0,62,2846,0,6670,69.7,0.36,7.61,61.3,1
177,20,34,0,21.68,22,84,21,12.1,44.9,23.1,65,3561,0,6332,64.7,0.38,7.66,48.1,1
177,21,34,0,20.93,31,66,74,13.6,43.1,23.2,63,5258,0,6226,64.8,0.31,6.61,47.4,1
177,22,34,0,21.66,46,96,34,17.0,49.5,24.6,64,3431,0,6161,60.5,0.37,6.75,47.4,1
177,23,34,0,21.83,69,113,0,12.9,48.4,24.6,66,1774,0,6806,60.1,0.45,7.54,47.4,0
177,24,34,0,22.07,18,119,0,17.4,48.3,23.7,64,2976,0,7180,60.1,0.44,7.17,48.1,1
177,27,34,0,22.01,34,126,0,22.7,48.1,24.6,62,3925,0,7530,61.1,0.45,6.91,56.8,0
177,28,34,0,20.95,37,167,35,5.0,44.9,22.2,65,3158,0,7623,61.9,0.46,7.65,56.5,1
177,29,34,0,22.03,25,46,41,0.0,47.0,23.5,64,4860,0,7462,61.6,0.42,7.58,56.5,1
177,30,34,0,21.53,18,94,48,0.0,42.8,23.3,60,3940,0,7484,62.8,0.46,8.19,56.4,1
177,31,34,0,21.35,18,62,0,5.4,47.4,22.9,63,3620,0,7806,63.6,0.32,6.78,56.3,1
177,33,34,0,22.37,69,45,0,5.4,45.0,24.6,62,2624,0,7672,77.6,0.42,7.37,66.9,1
177,34,34,0,21.58,23,115,0,2.9,48.6,24.2,63,1361,0,7733,75.5,0.37,7.0,68.9,1
177,35,34,0,23.0,35,117,10,20.3,37.8,23.7,64,4290,0,8116,75.5,0.42,7.29,69.1,1
177,36,34,0,22.02,8,132,0,0.0,42.7,24.8,64,3312,0,8215,74.1,0.37,7.22,69.1,0
177,37,34,0,22.28,40,97,0,13.7,49.7,23.2,65,3508,0,7503,74.6,0.34,7.18,69.1,1
177,38,34,0,20.92,30,116,57,17.1,42.2,24.1,64,3944,0,7049,74.1,0.36,7.59,69.1,0
178,14,50,0,21.03,0,87,0,11.4,35.6,29.7,62,9553,0,8236,76.0,1.34,7.15,78.1,1
178,15,50,0,21.67,17,133,0,19.8,39.9,29.4,65,5981,0,8756,75.0,1.3,6.88,78.9,1
178,16,50,0,21.47,7,100,41,30.6,29.1,28.7,64,8177,0,8118,75.5,1.31,7.49,79.8,0
178,17,50,0,21.18,18,55,7,18.5,39.0,29.1,67,8344,1,8401,75.6,1.27,6.82,78.5,0
178,18,50,0,22.14,24,72,120,18.5,41.6,28.3,64,9581,1,9400,74.3,1.32,7.77,77.4,1
178,20,50,0,21.57,0,96,0,11.3,30.9,28.0,62,5116,1,8879,76.0,1.27,6.97,74.0,1
178,21,50,0,21.54,4,94,0,22.4,41.6,28.5,64,9761,1,8650,76.0,1.3,7.13,73.2,0
178,22,50,0,21.61,17,73,0,22.9,33.4,27.9,66,8450,1,8721,76.0,1.34,7.39,73.2,1
178,23,50,0,21.59,2,94,63,0.0,37.5,29.0,62,9394,1,8718,76.3,1.29,6.73,73.7,1
178,24,50,0,20.95,2,122,31,33.5,32.1,29.3,61,9047,1,8762,77.9,1.34,7.19,73.2,1
178,27,50,0,21.54,26,128,21,24.4,32.8,28.9,64,4721,1,9641,76.2,1.34,7.17,87.8,1
178,28,50,0,21.2,0,121,39,18.4,33.7,29.6,64,8700,1,9424,76.2,1.34,7.27,87.2,1
178,29,50,0,21.14,13,69,31,24.6,34.4,28.2,65,6151,1,9048,77.0,1.33,7.74,86.6,0
178,30,50,0,21.4,14,86,0,24.5,35.6,29.8,61,7902,1,9166,76.9,1.27,7.18,86.6,0
178,31,50,0,22.01,21,22,0,23.1,31.4,30.0,62,4786,1,8913,76.9,1.29,6.98,86.1,1
178,34,50,0,21.95,32,46,5,38.3,34.1,28.8,65,6467,0,7503,76.0,1.3,6.62,78.2,0
178,35,50,0,21.3,23,106,23,22.6,36.0,29.2,65,8591,1,7665,76.1,1.33,7.44,78.7,1
178,36,50,0,20.99,0,73,32,27.6,31.0,29.3,67,12920,1,7923,76.0,1.31,7.3,79.0,1
178,37,50,0,21.07,0,78,0,26.4,36.0,30.0,65,5618,0,7679,74.9,1.31,6.67,79.0,0
178,38,50,0,21.57,25,147,43,25.0,41.8,29.5,62,5935,0,7767,73.1,1.32,7.08,79.0,0
179,14,24,1,22.74,9,138,44,33.4,29.8,25.0,58,9434,1,8116,74.2,0.9,7.19,57.0,0
179,15,24,1,22.55,54,171,0,41.2,25.8,23.4,60,6734,1,8071,74.3,0.89,7.33,57.0,1
179,16,24,1,22.87,36,182,7,53.6,22.7,24.3,57,13231,1,8232,73.6,0.84,6.91,58.7,0
179,17,24,1,22.54,22,209,0,52.6,33.2,24.2,58,6235,1,7654,73.4,0.79,7.18,57.8,1
179,20,24,1,22.85,4,123,43,21.4,26.8,23.9,54,11460,1,8391,64.3,0.79,7.39,75.4,1
179,21,24,1,24.9,31,120,62,46.9,30.7,23.9,56,9443,1,7806,65.1,0.77,5.01,74.7,0
179,22,24,1,24.57,29,194,28,49.6,34.1,24.4,61,6656,1,8332,64.1,0.91,5.35,73.7,0
179,23,24,1,22.85,40,211,64,35.1,31.2,23.7,63,8682,2,8452,63.7,1.01,7.21,74.2,0
179,24,24,1,22.9,34,191,44,53.7,29.2,23.6,60,7658,1,9601,63.4,0.99,7.04,74.2,0
179,27,24,1,23.07,27,129,63,45.4,28.0,24.3,56,5131,2,8684,66.3,0.83,6.94,66.6,0
179,28,24,1,22.72,33,141,94,20.5,34.9,23.5,54,10936,1,9152,66.6,0.82,7.45,66.5,1
179,29,24,1,23.25,24,130,64,53.2,27.0,23.3,54,11986,1,9147,66.8,0.8,6.96,66.6,0
179,30,24,1,22.13,37,195,37,57.6,32.5,23.8,55,8801,1,10116,67.7,0.83,7.63,66.0,0
179,31,24,1,25.39,49,168,0,55.6,28.0,23.3,54,7464,1,10025,66.4,0.77,4.31,66.9,0
179,32,24,1,24.39,23,196,0,31.4,28.7,23.7,62,5265,1,11040,66.2,0.98,6.77,66.9,0
179,34,24,1,22.13,39,172,0,58.7,33.4,24.0,55,6866,1,11000,72.5,0.99,7.37,59.9,1
179,35,24,1,22.65,37,146,0,40.2,32.8,23.2,59,8128,1,11096,69.6,1.0,7.28,59.9,0
179,36,24,1,22.84,24,134,18,49.5,35.3,24.9,57,6389,1,10801,70.2,0.83,7.0,59.9,0
179,37,24,1,24.53,58,188,65,44.9,28.4,23.4,54,11705,1,11744,70.8,0.72,5.33,60.3,0
179,38,24,1,23.08,25,222,0,44.8,30.6,22.6,62,7983,1,11209,70.2,0.85,7.0,60.1,1
180,14,28,0,21.07,32,159,0,30.8,30.4,18.5,62,7174,1,6664,78.5,0.98,7.01,77.0,1
180,15,28,0,22.54,42,144,42,32.6,36.4,19.5,59,9006,1,6621,75.6,0.93,6.51,77.7,1
180,16,28,0,21.71,35,158,0,39.2,30.1,18.5,64,7001,1,6696,75.6,0.98,7.1,77.0,1
180,17,28,0,21.76,1,142,100,29.3,25.6,19.8,60,11740,1,6428,76.1,0.98,7.43,77.3,1
180,20,28,0,21.87,8,107,120,33.4,30.0,18.6,59,10574,1,5916,72.4,0.93,7.22,75.8,1
180,21,28,0,21.5,24,150,87,21.8,28.0,18.4,59,11670,1,5815,72.4,0.85,7.39,76.9,0
180,22,28,0,21.99,41,92,63,17.5,21.0,19.0,58,6848,1,6029,71.9,0.8,6.79,76.1,1
180,23,28,0,22.27,35,122,25,26.4,33.1,19.6,59,8009,0,5537,72.8,0.86,6.78,76.9,1
180,24,28,0,21.65,13,170,0,33.7,35.6,18.4,56,6771,1,5237,72.9,0.87,7.01,76.5,1
180,27,28,0,21.96,24,149,0,20.1,25.7,19.0,61,5992,0,4763,72.8,0.83,6.9,76.0,1
180,28,28,0,21.14,20,125,0,33.2,31.4,19.2,58,12064,0,5277,72.8,0.84,7.2,74.9,1
180,29,28,0,22.19,29,151,0,30.7,35.4,19.0,56,6324,0,5242,73.9,0.82,6.58,75.6,1
180,30,28,0,21.38,34,128,0,15.0,28.9,18.5,59,5967,0,5216,73.9,0.82,7.22,75.6,1
180,31,28,0,21.39,4,113,7,17.2,34.7,17.9,58,7660,0,5223,73.1,0.81,6.86,75.0,0
180,34,28,0,22.39,39,141,0,20.1,32.5,18.7,57,6491,1,4894,73.5,0.8,6.15,79.9,1
180,35,28,0,21.45,24,143,31,25.9,25.7,19.4,61,7669,1,4822,73.5,0.87,7.11,80.4,1
180,36,28,0,21.97,35,120,57,32.6,33.4,18.3,61,5340,1,4765,73.0,0.89,6.83,79.9,1
180,37,28,0,21.32,10,157,0,25.6,28.9,19.2,61,9228,1,5144,73.0,0.89,7.62,79.6,0
180,38,28,0,21.8,26,133,115,28.0,24.8,18.6,58,10325,0,5788,72.7,0.83,7.27,79.5,1
181,14,26,1,23.2,39,211,0,34.9,34.9,16.9,59,4606,1,8977,65.7,1.02,6.22,70.9,0
181,15,26,1,23.08,26,191,59,29.0,34.4,17.8,66,7255,1,9526,65.7,1.08,6.81,69.0,0
181,16,26,1,22.67,51,224,0,22.4,32.7,17.4,59,11839,1,10298,66.0,1.09,6.83,67.8,0
181,17,26,1,22.7,12,225,0,37.1,30.3,17.4,63,10031,1,10879,65.3,1.09,6.87,67.8,0
181,18,26,1,23.21,35,192,0,9.1,34.3,16.8,63,5104,1,11450,64.8,1.09,7.65,68.5,1
181,19,26,1,23.2,30,137,103,21.0,35.2,17.8,62,6935,1,11669,71.7,1.19,7.93,71.5,1
181,20,26,1,22.53,34,140,101,10.8,36.3,17.1,61,10903,1,11299,72.7,1.2,7.43,69.5,1
181,21,26,1,22.76,12,173,40,43.8,32.7,16.7,61,5927,1,11431,72.5,1.19,6.95,69.5,0
181,22,26,1,22.94,14,219,46,17.0,33.3,16.9,58,6987,1,12096,73.1,1.23,6.77,69.5,1
181,23,26,1,22.86,21,208,0,32.4,35.1,17.0,65,5910,1,11519,73.4,1.25,6.63,70.9,0
181,24,26,1,23.24,44,200,87,38.2,37.2,17.7,63,10366,1,11159,73.3,1.28,6.36,70.3,0
181,25,26,1,23.39,18,208,106,8.1,32.2,17.4,62,9082,1,11174,73.8,1.32,7.62,69.5,1
181,27,26,1,22.55,38,180,30,20.6,38.8,16.8,55,6596,1,11851,78.3,1.38,7.18,65.9,1
181,28,26,1,22.19,15,181,30,26.0,30.3,16.9,59,8238,1,11441,77.9,1.37,7.43,66.7,1
181,29,26,1,22.4,22,198,75,24.0,30.4,16.8,59,7325,1,10951,76.6,1.29,7.34,68.1,0
181,30,26,1,22.57,36,177,76,28.1,38.1,16.0,56,8195,1,10367,75.9,1.25,7.09,68.1,0
181,31,26,1,23.35,34,187,0,32.7,30.0,16.4,61,7973,1,9727,76.0,1.23,6.12,69.2,0
181,34,26,1,22.94,41,208,0,20.8,30.1,16.2,60,12177,1,9399,74.4,1.24,6.41,57.4,1
181,35,26,1,22.58,39,226,26,38.1,31.8,16.1,62,6589,1,9339,74.2,1.32,7.09,57.4,1
181,36,26,1,22.32,26,220,69,11.1,40.4,16.8,57,8084,1,8810,73.9,1.31,7.13,56.8,1
181,37,26,1,23.04,44,204,0,11.1,38.9,15.3,59,6347,1,8454,72.8,1.28,6.18,57.5,0
181,38,26,1,23.11,14,226,27,33.2,38.5,17.4,63,6011,1,8927,72.7,1.31,6.68,57.0,0
182,14,25,0,22.1,102,71,108,62.9,37.7,19.0,56,7823,0,6200,74.3,0.26,8.27,66.9,1
182,15,25,0,22.31,122,67,110,48.6,32.1,19.9,49,10003,0,6271,73.9,0.25,8.04,66.9,1
182,16,25,0,22.83,132,0,111,57.1,40.0,19.4,50,6668,0,5821,73.8,0.21,7.26,66.9,0
182,17,25,0,21.99,104,93,0,61.5,24.8,18.9,55,11912,0,6217,74.0,0.23,7.37,66.9,1
182,20,25,0,23.27,104,55,44,46.7,34.8,19.4,51,8021,0,5969,69.0,0.15,6.96,86.4,1
182,21,25,0,22.37,111,102,120,66.1,33.0,17.9,58,12281,0,6006,69.0,0.21,7.74,87.1,1
182,22,25,0,23.36,101,87,66,46.2,42.9,18.7,60,12225,0,6329,69.2,0.21,6.88,87.1,1
182,23,25,0,22.55,113,86,55,61.3,37.0,19.4,58,8460,0,6632,69.9,0.28,7.74,88.1,0
182,24,25,0,22.5,100,74,76,66.9,35.7,18.5,55,9751,0,8282,70.1,0.32,7.72,89.5,0
182,27,25,0,21.55,106,97,120,54.4,33.4,17.9,54,9080,0,8891,72.4,0.29,7.34,87.2,1
182,28,25,0,22.8,120,102,0,72.0,29.4,17.3,55,13872,0,9169,67.6,0.33,7.0,87.2,0
182,29,25,0,22.74,133,77,45,78.2,38.5,18.1,55,10105,0,9324,67.7,0.42,7.22,88.9,0
182,30,25,0,22.34,91,103,0,67.2,33.9,18.7,59,8363,0,10143,67.7,0.48,7.82,87.2,0
182,31,25,0,21.76,104,86,52,73.1,34.4,17.8,56,18000,1,10025,67.4,0.44,8.34,87.5,1
182,34,25,0,24.05,110,48,10,51.4,32.2,17.6,56,5590,1,9464,73.3,0.45,5.76,53.2,0
182,35,25,0,22.57,114,152,36,57.2,34.6,18.9,60,7213,1,10798,72.9,0.54,7.64,53.7,0
182,36,25,0,22.54,104,112,93,60.6,36.1,18.4,57,11067,1,10879,73.1,0.54,7.58,52.5,0
182,37,25,0,23.19,120,113,0,46.5,42.7,18.1,51,5145,1,11185,73.3,0.49,6.8,53.7,1
182,38,25,0,23.81,111,84,35,64.1,29.9,18.2,59,7888,1,9974,73.3,0.56,6.41,52.4,0
183,14,28,0,22.09,20,77,0,34.4,33.8,24.6,62,9530,0,5755,87.0,0.14,7.52,87.0,0
183,15,28,0,21.87,2,66,28,52.4,30.8,23.6,63,6832,0,5858,86.8,0.18,7.65,85.2,1
183,16,28,0,21.8,26,65,22,35.8,27.6,23.7,63,9861,0,5914,86.4,0.21,7.88,85.2,1
183,17,28,0,21.54,0,14,37,42.6,36.0,23.7,66,6296,0,5961,86.2,0.22,8.11,85.8,1
183,20,28,0,22.23,26,81,120,31.5,29.5,24.4,58,9530,0,5738,85.9,0.21,7.6,79.9,1
183,21,28,0,21.99,32,52,120,45.2,34.5,24.0,65,8814,0,4853,85.9,0.21,8.32,79.9,1
183,22,28,0,21.77,42,60,0,45.8,29.3,23.6,64,5918,0,5069,85.7,0.23,8.46,79.5,1
183,23,28,0,22.33,20,0,88,49.0,34.3,24.6,62,5392,0,4793,87.1,0.19,8.06,79.5,1
183,24,28,0,21.23,7,67,0,25.7,26.8,23.6,64,8286,0,4921,86.7,0.18,8.55,79.8,1
183,26,28,0,22.41,33,13,52,32.6,30.0,23.4,62,7823,0,5310,84.2,0.1,8.15,75.7,1
183,27,28,0,22.32,5,59,22,26.5,32.6,24.1,64,7202,0,5685,84.6,0.1,7.57,75.8,1
183,28,28,0,21.86,16,91,18,29.7,30.2,23.9,64,6882,0,5835,84.5,0.15,7.77,75.8,1
183,29,28,0,21.68,0,49,0,32.1,26.4,25.4,67,3204,0,5759,84.3,0.13,7.46,75.8,1
183,30,28,0,21.91,52,51,0,25.9,32.9,24.2,62,5560,0,5593,82.9,0.15,7.29,75.8,1
183,31,28,0,22.2,17,92,0,43.5,29.4,24.1,66,6341,0,5796,82.3,0.19,7.94,75.8,0
183,33,28,0,21.84,20,61,22,42.3,28.3,24.1,65,5126,0,6102,78.1,0.16,7.75,74.1,1
183,34,28,0,21.98,4,62,0,37.3,26.5,24.5,63,5825,0,6231,78.0,0.15,7.87,79.2,1
183,35,28,0,22.04,19,76,0,44.8,36.0,25.5,66,4159,0,6349,77.9,0.13,7.69,79.6,1
183,36,28,0,21.78,0,100,0,38.7,31.5,24.8,63,8616,0,6363,77.9,0.17,8.19,79.6,1
183,37,28,0,22.39,16,87,0,33.2,33.3,25.3,62,6346,0,6603,77.8,0.19,7.38,79.6,0
183,38,28,0,22.16,12,26,68,43.2,33.6,24.3,65,10798,0,6393,78.3,0.24,8.05,79.2,1
184,14,48,0,21.95,24,21,0,73.0,33.8,17.7,67,3235,1,5749,68.4,-0.08,8.0,80.1,1
184,15,48,0,21.69,48,57,0,55.1,33.2,18.4,68,4198,0,5817,70.4,-0.06,7.88,80.1,1
184,16,48,0,23.05,65,31,0,47.9,34.9,18.0,67,2551,0,5898,69.3,-0.07,7.19,80.2,0
184,17,48,0,21.74,46,0,19,60.6,31.4,18.8,67,6197,0,6126,69.1,-0.05,8.38,80.3,1
184,19,48,0,21.67,50,1,37,71.9,32.6,17.5,64,5127,1,6520,71.8,-0.05,7.27,78.7,0
184,20,48,0,21.99,32,62,0,71.8,35.1,17.7,68,3676,1,6704,70.9,-0.02,8.49,79.5,1
184,21,48,0,22.04,47,73,0,58.0,36.1,17.9,67,2552,0,7292,71.0,-0.08,7.99,79.5,1
184,22,48,0,21.41,35,2,0,76.2,32.2,17.5,67,4695,0,7357,70.7,-0.04,7.31,79.5,1
184,23,48,0,22.0,24,50,0,60.8,35.0,17.6,67,3142,0,7822,67.1,-0.0,7.93,79.6,0
184,24,48,0,22.34,62,48,0,57.3,36.4,17.6,67,3666,0,7804,67.0,0.01,7.68,79.9,1
184,27,48,0,22.02,14,20,0,72.5,36.5,16.6,68,3542,1,8039,74.1,-0.02,7.84,87.8,0
184,28,48,0,22.73,46,26,0,69.8,35.1,18.2,69,2562,1,7564,74.4,-0.04,7.48,87.8,1
184,29,48,0,20.89,31,46,0,71.0,34.7,18.4,67,3232,1,7564,73.9,-0.0,8.09,87.3,1
184,30,48,0,22.48,57,79,0,65.6,37.2,18.8,64,2821,1,7683,70.4,-0.02,7.97,87.3,1
184,31,48,0,22.11,41,22,0,69.8,32.0,18.5,69,2991,1,8298,71.0,-0.07,8.05,85.1,0
184,34,48,0,23.61,46,29,0,71.2,30.6,17.6,67,3689,1,7986,75.8,-0.12,6.8,83.8,0
184,35,48,0,22.15,55,76,0,65.6,35.6,18.5,70,3377,1,7472,72.7,-0.0,8.14,83.8,0
184,36,48,0,22.67,60,63,24,71.9,32.4,18.4,70,3919,1,7320,72.7,-0.01,7.9,83.4,1
184,37,48,0,22.35,71,36,0,79.2,29.6,17.5,69,3307,1,7422,76.0,-0.05,7.6,83.4,1
184,38,48,0,22.3,54,41,0,78.4,28.9,17.7,68,4562,1,7530,76.2,-0.03,8.0,84.0,0
185,14,56,0,21.7,49,191,0,75.6,40.1,21.1,63,3681,1,7508,73.3,0.04,7.38,78.7,0
185,15,56,0,22.23,57,175,70,58.4,43.9,21.0,63,5310,1,7344,72.2,0.0,7.48,80.3,0
185,16,56,0,22.51,57,183,0,53.6,47.8,22.0,65,4478,1,7219,72.2,-0.0,7.07,79.2,0
185,17,56,0,22.63,57,162,0,68.3,39.6,21.1,68,5103,1,7278,73.8,0.07,7.7,79.2,1
185,20,56,0,22.52,59,188,0,80.0,43.1,21.2,66,3912,1,6040,79.9,0.07,7.61,87.4,0
185,21,56,0,21.43,43,162,0,53.8,43.5,20.7,64,3269,1,5652,79.3,0.06,7.53,86.9,1
185,22,56,0,22.21,39,144,0,51.1,39.1,21.4,66,4473,1,5085,77.5,0.08,7.15,87.0,0
185,23,56,0,21.95,89,203,30,67.2,41.6,20.5,65,4334,1,5350,80.5,0.09,7.89,84.8,1
185,24,56,0,21.62,49,150,0,59.2,42.0,20.6,65,3324,1,5308,80.8,0.09,6.65,84.5,0
185,27,56,0,21.87,46,162,0,65.1,45.0,19.3,67,3934,1,5167,77.9,0.06,7.43,73.8,0
185,28,56,0,22.16,50,197,0,69.4,43.2,20.7,66,3391,1,5006,77.7,0.14,7.64,74.6,1
185,29,56,0,22.17,65,151,0,77.1,40.1,19.7,66,3123,1,6060,78.6,0.13,7.21,74.6,0
185,30,56,0,22.01,28,218,0,57.9,33.8,20.0,65,4130,1,6158,78.6,0.15,7.81,76.9,1
185,31,56,0,22.08,61,195,38,61.6,46.0,20.1,65,4278,1,6263,78.7,0.09,7.35,75.0,1
185,34,56,0,21.74,40,172,0,77.8,46.6,19.2,65,3224,1,6429,79.0,0.07,7.53,91.5,1
185,35,56,0,22.42,64,195,25,60.4,47.4,19.8,62,4296,1,6397,79.9,0.07,7.37,92.0,0
185,36,56,0,21.85,51,181,25,63.0,43.0,19.8,67,5191,1,6792,81.1,0.08,6.91,92.0,0
185,37,56,0,22.62,59,193,0,76.6,44.0,20.3,66,4755,1,6352,80.0,0.1,7.12,92.0,0
185,38,56,0,22.2,60,199,0,86.5,31.9,19.7,66,2464,1,6983,79.4,0.16,7.78,93.7,1
186,14,28,2,25.17,60,90,0,64.9,34.1,22.3,59,11968,0,9789,77.3,0.08,7.04,75.8,1
186,15,28,2,24.3,87,76,0,65.3,36.6,22.6,62,6993,1,9670,77.2,0.14,7.83,75.8,1
186,16,28,2,24.2,84,61,0,52.8,37.4,22.5,61,8307,1,9643,77.1,0.11,7.83,76.3,1
186,17,28,2,23.86,48,57,33,64.0,27.3,24.1,60,11621,0,9924,76.8,0.03,8.12,77.1,1
186,19,28,2,25.26,81,39,0,44.0,27.7,22.1,57,10727,0,9324,84.1,0.02,8.11,74.5,1
186,20,28,2,25.06,85,54,16,67.3,32.2,21.7,58,9670,1,9694,79.7,0.01,6.99,73.8,0
186,21,28,2,24.87,92,93,0,78.2,31.9,22.9,63,6585,1,10875,80.4,0.06,7.34,74.7,0
186,22,28,2,23.87,47,82,0,62.4,24.8,22.6,62,8130,1,10557,80.9,0.1,8.16,74.7,1
186,23,28,2,24.48,81,90,57,51.0,35.1,23.2,58,7216,1,10769,80.3,0.07,7.44,74.4,0
186,24,28,2,24.28,90,59,120,58.3,37.1,22.6,57,11690,1,9320,80.1,0.05,8.01,73.4,1
186,25,28,2,25.36,78,85,26,58.6,27.6,22.7,60,9235,1,9839,80.2,0.01,7.7,74.3,0
186,27,28,2,23.59,62,27,33,40.7,37.1,22.6,54,11083,1,9840,75.6,0.04,8.04,64.6,1
186,28,28,2,24.21,54,37,87,57.1,32.2,22.3,56,8390,1,10079,72.7,-0.02,8.24,63.5,1
186,29,28,2,24.91,81,61,32,58.8,29.9,22.6,58,5584,1,9801,72.8,-0.1,7.25,63.5,1
186,30,28,2,23.99,68,77,0,54.1,31.2,23.0,58,5357,1,10938,73.0,-0.06,8.01,63.8,0
186,31,28,2,24.7,81,75,98,63.4,30.1,22.4,60,8755,1,9669,72.7,-0.08,7.57,64.6,0
186,34,28,2,23.61,87,83,50,45.6,25.9,21.4,60,5952,1,9264,68.1,-0.07,8.74,78.4,1
186,35,28,2,24.27,78,76,120,66.1,22.0,22.4,57,9874,1,8051,67.1,-0.2,8.0,79.2,0
186,36,28,2,24.3,63,79,38,65.1,25.8,21.3,59,6703,1,8238,66.8,-0.24,7.8,79.2,0
186,37,28,2,25.08,76,114,54,72.4,23.8,22.0,63,7194,1,7728,67.5,-0.22,6.96,78.4,1
186,38,28,2,24.22,86,77,51,63.8,29.9,21.9,57,7757,1,7393,67.9,-0.18,7.97,77.5,1
187,14,24,0,21.82,19,92,0,52.3,41.1,23.3,60,4566,1,6359,69.5,1.21,7.17,76.0,1
187,15,24,0,22.15,51,117,30,57.2,35.5,23.3,61,4766,1,6678,69.5,1.21,7.09,75.3,0
187,16,24,0,23.09,29,113,0,55.5,34.1,24.2,59,4217,1,6027,70.1,1.25,5.74,74.3,0
187,17,24,0,21.32,3,144,0,66.4,32.2,24.2,63,8401,2,7116,70.2,1.38,7.99,74.3,1
187,20,24,0,22.07,15,56,30,47.9,34.2,24.1,57,6357,2,7060,72.5,1.25,7.0,62.1,1
187,21,24,0,21.76,11,52,62,41.9,41.3,23.4,55,9771,1,7223,78.5,1.29,7.58,63.3,0
187,22,24,0,22.15,17,71,0,31.6,31.3,23.6,59,7100,2,7812,78.0,1.24,7.24,63.3,1
187,23,24,0,23.28,35,128,0,47.8,32.6,24.8,61,10082,1,8297,78.0,1.21,5.93,63.8,0
187,24,24,0,21.7,9,124,113,43.5,45.4,24.0,60,8674,1,8576,77.5,1.25,7.69,63.8,1
187,27,24,0,21.6,33,90,37,64.9,31.8,23.6,62,8073,1,7956,69.2,1.23,7.74,74.1,1
187,28,24,0,22.54,30,47,57,61.2,36.6,24.1,57,6336,1,8119,69.1,1.23,6.9,75.2,0
187,29,24,0,22.57,42,81,50,51.2,34.5,24.8,63,6022,1,8489,70.2,1.25,6.74,76.3,0
187,30,24,0,22.41,32,104,42,47.9,37.0,24.3,61,9430,1,9614,70.5,1.27,6.72,75.2,0
187,31,24,0,23.06,24,163,43,49.6,37.4,22.9,63,8149,1,8755,70.3,1.2,6.41,72.4,0
187,32,24,0,21.85,32,169,87,41.8,34.9,24.5,64,7710,1,9925,71.9,1.32,8.62,71.7,0
187,34,24,0,21.53,7,69,0,65.5,31.8,25.1,60,4162,1,10604,72.2,1.32,7.41,67.8,0
187,35,24,0,22.26,36,86,16,58.0,34.1,24.5,61,7729,2,10618,70.8,1.29,6.82,66.6,0
187,36,24,0,21.67,1,94,0,54.9,34.6,24.3,63,10854,2,10620,71.2,1.35,7.61,67.0,0
187,37,24,0,22.31,37,97,64,49.5,38.4,24.1,61,4850,2,10192,70.4,1.32,6.91,67.6,0
187,38,24,0,21.98,14,85,0,43.2,39.8,25.1,61,4635,2,11215,70.4,1.25,7.09,67.6,0
188,14,31,2,23.36,67,181,82,52.2,33.3,19.6,60,6922,2,15280,46.2,1.74,5.96,0.0,1
188,15,31,2,25.64,80,189,0,55.4,32.0,20.7,63,4569,2,15847,46.8,1.81,3.68,0.0,0
188,16,31,2,23.67,52,208,120,33.3,31.0,20.4,68,8644,2,17077,47.6,1.95,5.84,0.0,0
188,17,31,2,24.19,44,195,0,56.1,31.7,20.5,68,4245,2,18523,49.6,1.99,5.17,0.0,0
188,20,31,2,24.12,71,133,62,62.7,30.5,20.6,56,5852,2,18215,40.1,1.87,5.27,3.5,0
188,21,31,2,23.97,70,202,0,66.6,40.6,19.8,66,4221,2,16628,39.8,1.74,5.43,3.5,0
188,22,31,2,25.68,67,226,77,59.5,35.7,21.1,71,8516,2,15768,39.7,1.75,3.82,2.1,0
188,23,31,2,24.58,69,222,47,49.6,33.8,20.3,70,7330,2,15768,39.9,1.79,4.86,1.5,1
188,24,31,2,24.68,68,289,0,44.2,36.3,19.9,63,6873,2,14838,40.0,1.79,4.55,2.8,0
188,27,31,2,23.99,62,159,50,66.5,29.3,19.6,63,9634,2,15697,29.6,1.9,5.55,0.3,0
188,28,31,2,24.36,52,213,0,43.8,35.3,19.2,63,5003,2,15915,32.0,2.03,5.05,0.8,0
188,29,31,2,24.0,69,191,48,43.7,30.3,20.0,68,9581,2,16994,33.5,2.1,5.29,2.4,0
188,30,31,2,24.13,52,241,72,47.6,38.1,18.8,66,9438,2,15773,32.2,1.98,5.41,1.0,0
188,31,31,2,24.88,60,244,47,49.1,30.2,20.1,68,8426,2,15773,32.8,2.01,4.42,1.6,0
188,34,31,2,24.96,71,120,54,56.5,29.4,19.8,61,7066,2,15923,37.6,2.13,4.56,42.9,0
188,35,31,2,22.76,53,262,0,48.6,30.1,20.2,69,4908,2,16093,38.5,2.18,6.45,43.4,0
188,36,31,2,23.04,79,192,21,51.5,37.6,20.6,67,5331,2,16165,35.9,2.1,6.29,43.5,0
188,37,31,2,23.28,59,194,0,48.0,35.1,19.7,66,4259,2,16165,33.2,1.93,6.15,44.2,0
188,38,31,2,22.83,83,193,0,60.8,35.4,20.3,70,7632,2,16712,31.7,1.84,6.36,44.9,0
189,14,54,0,21.68,45,109,35,55.8,38.1,22.6,59,7353,1,8404,58.8,0.78,7.52,90.8,1
189,15,54,0,21.48,42,62,117,52.3,36.9,22.6,60,9729,1,8168,58.4,0.75,7.88,90.8,0
189,16,54,0,21.98,43,90,0,56.2,32.0,23.3,60,10264,1,8806,58.5,0.73,7.01,90.4,1
189,17,54,0,22.17,34,91,70,68.5,33.7,22.0,61,11860,1,7635,58.3,0.7,7.17,90.8,1
189,20,54,0,22.19,12,81,0,56.2,32.7,22.3,62,9771,1,8035,59.5,0.75,7.19,67.2,1
189,21,54,0,21.68,45,107,0,70.8,32.3,22.8,61,11003,1,7882,59.5,0.73,7.48,67.8,0
189,22,54,0,21.26,56,56,61,64.1,29.5,22.4,62,10761,1,7458,59.3,0.72,8.05,68.5,0
189,23,54,0,21.78,53,30,44,53.7,27.4,22.0,61,7689,1,8547,59.1,0.65,7.55,68.4,0
189,24,54,0,21.78,26,78,96,86.6,28.2,21.0,59,10344,0,8016,58.9,0.59,7.62,68.4,0
189,25,54,0,22.09,46,22,0,60.2,38.3,21.9,60,7212,0,8817,59.0,0.49,8.22,69.6,1
189,27,54,0,21.65,23,18,120,59.4,36.0,21.9,57,9703,0,8821,79.1,0.46,7.86,72.9,1
189,28,54,0,21.34,61,47,44,79.1,38.1,23.4,61,8423,0,9127,80.6,0.47,7.48,72.2,1
189,29,54,0,21.6,31,70,0,71.2,26.4,22.0,62,7415,0,9486,79.2,0.47,6.9,72.2,0
189,30,54,0,21.81,47,69,64,81.3,36.2,22.7,58,11246,0,8892,77.8,0.54,7.41,73.5,1
189,31,54,0,22.02,16,108,0,59.2,32.3,22.7,61,6983,0,9200,77.8,0.51,7.0,74.4,0
189,34,54,0,21.85,38,107,120,74.1,34.3,21.9,61,9458,0,8721,72.6,0.46,7.37,78.4,0
189,35,54,0,22.42,43,25,37,70.7,36.0,22.4,61,8355,0,8768,72.4,0.45,6.93,81.0,0
189,36,54,0,23.5,28,106,74,80.0,35.1,21.7,61,6429,1,9112,72.7,0.49,5.73,79.6,0
189,37,54,0,22.05,44,142,60,60.8,34.0,21.2,67,7916,1,9387,72.6,0.66,7.09,79.5,0
189,38,54,0,22.13,51,131,0,70.9,35.0,22.1,63,7286,1,9880,72.7,0.69,6.94,76.9,0
190,14,30,2,23.84,64,33,34,31.7,47.1,23.2,62,4825,2,15984,76.1,1.26,5.97,38.6,0
190,15,30,2,23.02,40,34,0,33.4,46.2,24.1,65,5962,2,16874,75.5,1.19,6.62,39.8,0
190,16,30,2,22.88,34,31,25,36.3,50.7,24.4,63,4121,2,16508,73.0,1.15,7.01,41.4,0
190,17,30,2,24.21,51,75,0,36.9,38.0,23.8,62,3946,2,15751,71.5,1.11,5.69,43.4,0
190,20,30,2,23.23,67,0,53,43.4,47.9,24.1,63,5425,2,16574,57.1,1.15,6.65,44.1,0
190,21,30,2,24.49,61,66,0,40.4,57.1,23.8,61,3134,2,17458,56.3,1.08,4.89,43.3,0
190,22,30,2,22.77,30,99,0,39.0,53.1,24.0,67,6056,2,17324,56.2,1.03,6.96,42.6,0
190,23,30,2,24.44,80,76,21,47.0,47.8,22.7,64,3638,2,15665,54.4,0.93,5.45,43.3,1
190,24,30,2,23.61,49,90,0,43.6,40.9,23.0,66,5404,2,14220,54.6,0.97,6.24,42.2,0
190,27,30,2,23.61,65,0,0,45.6,45.6,23.7,57,4459,2,15015,48.6,0.91,6.29,45.2,1
190,28,30,2,24.76,97,25,30,40.8,42.7,23.5,61,4665,1,14166,48.3,0.91,5.09,44.3,0
190,29,30,2,24.32,60,115,0,42.3,47.1,22.7,66,2951,2,14503,48.7,0.97,5.48,44.9,0
190,30,30,2,23.42,50,113,44,39.9,46.1,23.5,66,6293,2,15344,50.4,1.05,6.48,44.3,0
190,31,30,2,23.2,55,85,11,27.9,51.8,23.2,64,4649,2,16707,51.3,1.09,6.74,44.9,0
190,34,30,2,23.51,54,0,25,37.0,49.0,23.0,59,5798,2,16041,53.7,1.02,6.36,21.0,0
190,35,30,2,24.15,76,73,0,38.2,48.3,22.9,58,3743,2,16284,54.1,1.04,5.4,21.7,0
190,36,30,2,24.71,86,77,0,54.6,47.6,22.6,61,6350,2,15222,53.9,1.01,5.32,19.8,1
190,37,30,2,24.38,77,137,0,41.1,47.7,22.8,68,5030,2,16271,56.5,1.13,5.31,19.1,0
190,38,30,2,23.67,50,82,36,37.4,55.1,22.4,67,4498,2,17715,56.4,1.14,6.09,19.9,0
191,14,32,1,23.52,73,40,0,97.1,38.0,20.4,69,4815,2,14515,58.4,1.37,5.87,42.0,0
191,15,32,1,23.18,62,85,0,68.8,33.4,20.6,72,3918,2,16177,58.3,1.41,6.32,42.5,1
191,16,32,1,23.27,57,136,0,84.6,32.0,22.4,70,5156,2,16177,58.2,1.4,6.08,44.7,0
191,17,32,1,23.98,56,113,40,84.5,35.1,21.4,76,7662,1,16443,58.1,1.44,5.64,45.2,0
191,20,32,1,22.63,42,77,0,73.0,32.4,22.0,65,5601,1,16347,60.8,1.52,6.83,42.1,0
191,21,32,1,23.51,31,145,67,69.9,39.0,21.4,70,10308,2,16255,59.7,1.45,6.22,39.9,1
191,22,32,1,23.07,58,119,0,93.5,26.5,22.3,69,3504,2,15969,59.6,1.41,6.41,39.3,0
191,23,32,1,23.21,63,150,0,73.1,39.4,23.2,72,5747,2,15172,59.3,1.39,6.07,40.5,1
191,24,32,1,23.02,40,194,78,86.3,27.4,22.8,76,5501,2,15266,58.9,1.37,6.54,39.3,0
191,27,32,1,23.22,50,62,55,83.3,35.6,22.4,66,5430,2,15574,57.9,1.33,6.26,55.6,0
191,28,32,1,23.16,51,47,0,86.9,36.2,22.5,65,5575,2,14801,57.8,1.37,6.49,56.3,0
191,29,32,1,23.82,62,131,48,86.9,35.3,21.5,69,6316,2,13494,57.7,1.32,5.77,57.6,0
191,30,32,1,22.88,20,105,81,75.4,35.6,22.6,72,7024,2,13445,58.2,1.36,6.79,55.7,0
191,31,32,1,23.46,61,113,0,88.3,31.2,21.7,71,3892,2,13488,58.1,1.31,5.98,56.2,0
191,33,32,1,23.58,55,81,0,71.5,39.8,22.2,65,4432,2,14229,63.2,1.29,7.22,43.3,1
191,34,32,1,23.23,33,93,0,86.2,33.9,21.4,68,4133,2,14281,63.1,1.31,6.43,42.6,0
191,35,32,1,22.81,46,129,0,77.3,35.9,21.9,65,3426,2,15136,64.2,1.34,6.6,42.6,0
191,36,32,1,22.66,78,94,0,89.8,37.9,21.8,70,3124,2,15903,63.1,1.31,6.66,42.0,0
191,37,32,1,23.05,39,137,63,83.5,38.7,22.4,73,4653,2,15593,62.2,1.3,6.52,42.6,0
191,38,32,1,23.6,32,128,0,82.9,35.2,21.7,71,4215,2,14716,62.4,1.26,5.93,41.5,0
192,14,34,0,21.27,50,103,28,72.7,33.9,23.0,60,10458,1,7267,78.8,-0.11,7.65,74.7,1
192,15,34,0,21.53,50,137,0,83.2,28.9,21.7,57,13637,1,7897,75.9,-0.09,8.05,74.7,1
192,16,34,0,21.3,52,140,120,73.1,37.0,22.1,60,10708,1,8595,76.1,-0.17,8.65,75.2,0
192,17,34,0,22.73,63,102,31,92.6,33.7,21.9,57,7504,1,8120,77.1,-0.32,7.22,74.2,0
192,19,34,0,23.5,88,68,46,66.1,27.1,21.0,58,7954,1,7641,73.6,-0.26,7.69,70.1,1
192,20,34,0,22.38,70,101,0,77.7,32.7,22.0,60,13799,1,8047,67.9,-0.22,7.7,72.5,1
192,21,34,0,22.0,54,94,16,75.8,34.6,21.5,55,6946,1,8484,67.8,-0.2,7.94,72.5,0
192,22,34,0,23.39,48,102,0,93.2,36.1,20.8,57,6876,1,8366,67.9,-0.25,6.52,72.5,0
192,23,34,0,21.34,50,81,120,74.0,37.6,21.9,58,9039,1,9776,66.8,-0.19,8.67,72.0,0
192,24,34,0,22.21,66,108,0,86.8,34.7,21.3,57,7490,1,9651,66.5,-0.22,7.41,72.8,0
192,25,34,0,22.32,99,103,64,80.8,32.9,22.1,55,7216,1,9743,68.8,-0.19,7.88,71.6,1
192,27,34,0,21.7,40,102,0,87.5,29.6,21.4,62,5684,1,9526,66.5,-0.22,7.94,72.3,0
192,28,34,0,23.27,50,104,0,68.9,31.4,20.0,58,3851,1,9475,68.7,-0.25,6.75,73.3,1
192,29,34,0,21.44,48,45,0,85.6,30.8,21.3,60,4837,1,9274,72.0,-0.19,8.14,74.1,0
192,30,34,0,22.33,53,119,69,82.7,34.6,20.5,60,5730,1,8511,71.7,-0.2,7.68,73.3,0
192,31,34,0,21.75,50,57,10,73.5,38.5,20.8,57,6426,1,9288,73.1,-0.13,8.13,73.3,1
192,33,34,0,23.69,76,74,54,59.3,28.7,20.6,56,7075,1,9494,70.9,-0.16,7.59,65.0,1
192,34,34,0,22.69,27,123,0,86.8,31.4,19.6,58,7527,1,10062,70.0,-0.16,7.31,69.3,0
192,35,34,0,22.73,62,91,0,68.2,30.5,20.6,59,5535,1,9670,70.0,-0.13,7.17,69.0,0
192,36,34,0,21.47,73,115,20,87.4,33.9,20.3,58,7182,1,11508,70.4,-0.07,8.33,69.3,0
192,37,34,0,20.56,45,94,56,92.6,39.1,20.6,56,8135,1,9702,69.4,-0.2,8.0,69.3,0
192,38,34,0,21.58,57,130,0,68.4,38.0,21.1,57,6735,1,9800,62.9,-0.16,8.26,69.3,1
193,14,70,0,21.08,10,86,99,18.0,41.7,22.5,61,8263,0,4695,69.8,0.24,7.53,70.7,1
193,15,70,0,20.63,0,52,0,1.4,38.1,22.9,57,5739,0,4947,69.8,0.18,6.68,70.0,1
193,16,70,0,20.84,3,114,40,6.6,41.6,23.2,64,7087,0,4741,0.0,0.24,7.9,69.4,0
193,17,70,0,21.77,32,48,0,11.9,37.9,22.9,63,9961,0,4848,0.0,0.21,7.08,70.0,1
193,20,70,0,20.49,20,103,0,4.9,37.7,22.8,61,3989,0,4751,0.0,0.24,8.27,59.7,1
193,21,70,0,21.07,4,37,108,0.0,37.4,23.4,64,8075,0,4662,0.0,0.17,7.3,59.7,1
193,22,70,0,21.33,14,40,27,0.0,45.8,23.3,60,6971,0,4718,0.0,0.19,7.14,59.7,1
193,23,70,0,21.76,39,67,67,4.7,43.5,23.5,60,8718,0,4654,0.0,0.2,7.81,59.7,1
193,24,70,0,21.15,12,69,39,10.9,37.8,23.9,59,4675,0,5031,0.0,0.16,7.73,59.6,1
193,26,70,0,22.23,56,64,117,0.0,40.3,24.1,59,6211,0,4837,0.0,0.05,7.32,74.8,1
193,27,70,0,20.87,0,42,0,0.0,38.8,23.4,58,4757,0,4800,0.0,0.09,7.78,51.1,0
193,28,70,0,20.97,20,29,0,0.6,38.6,24.3,61,7328,0,4872,0.0,0.05,6.74,51.1,1
193,29,70,0,21.52,41,51,88,0.0,38.7,23.8,60,8404,0,4672,0.0,0.1,7.47,51.2,1
193,30,70,0,20.92,8,74,0,14.8,44.8,24.9,59,8976,0,5045,71.8,0.05,6.79,51.5,1
193,31,70,0,21.42,13,59,0,0.6,40.3,24.4,56,7015,0,5523,69.9,0.13,7.39,51.5,1
193,32,70,0,21.42,35,56,0,10.3,34.5,24.4,62,4236,0,5701,69.9,0.11,7.16,51.5,1
193,34,70,0,21.23,27,66,36,17.3,34.4,23.7,59,7198,0,5632,77.3,0.13,7.06,62.2,1
193,35,70,0,21.7,28,93,32,20.5,41.7,23.6,61,5879,0,5835,77.7,0.21,7.76,62.2,1
193,36,70,0,21.32,15,49,0,0.0,40.6,24.0,59,7261,0,5897,77.2,0.18,7.58,62.2,1
193,37,70,0,21.82,31,28,120,0.0,41.2,25.0,59,8455,0,5808,77.3,0.15,7.22,62.2,1
193,38,70,0,22.02,47,37,0,9.3,35.9,23.5,59,9861,0,5517,78.1,0.19,6.92,63.0,1
194,14,39,1,22.62,0,27,0,21.5,37.9,25.1,52,9002,0,4914,82.1,-0.34,7.75,87.4,1
194,15,39,1,22.95,30,14,0,33.2,40.9,23.7,53,6264,0,4775,82.4,-0.3,7.96,87.4,1
194,16,39,1,22.71,44,64,52,7.8,34.6,23.7,54,5398,0,5216,82.7,-0.33,8.09,86.5,1
194,17,39,1,22.52,20,64,44,14.7,40.5,23.6,58,10870,0,5116,83.3,-0.3,8.45,86.5,1
194,20,39,1,22.43,18,61,81,13.4,42.2,23.0,54,6746,0,6295,83.7,-0.28,8.26,81.9,1
194,21,39,1,22.75,11,96,0,20.0,41.0,22.3,54,8304,0,6668,83.3,-0.3,8.18,81.9,1
194,22,39,1,22.55,16,46,87,13.5,36.2,21.9,55,10816,0,6448,83.3,-0.26,8.59,81.9,0
194,23,39,1,22.74,3,85,0,16.3,30.7,22.6,51,11439,0,6571,84.9,-0.25,8.77,82.7,1
194,24,39,1,22.06,6,65,51,13.3,39.9,21.8,53,12690,0,6701,88.0,-0.33,8.35,81.9,1
194,27,39,1,22.79,12,57,0,23.5,35.3,22.5,54,8419,0,6429,84.6,-0.31,8.11,84.8,1
194,28,39,1,22.75,39,99,17,34.7,39.7,23.2,52,8549,0,6718,86.2,-0.34,7.75,84.8,1
194,29,39,1,22.95,39,35,29,33.2,34.0,22.4,54,7768,0,6943,86.7,-0.34,8.17,84.4,1
194,30,39,1,22.53,14,47,35,15.8,32.4,23.0,55,10023,0,6510,86.5,-0.35,7.81,84.1,1
194,31,39,1,22.52,1,73,65,12.1,29.1,22.4,55,9609,0,6656,85.4,-0.33,8.68,84.1,1
194,34,39,1,22.6,17,51,0,29.4,34.1,22.3,53,7945,0,5599,81.1,-0.33,7.89,87.1,1
194,35,39,1,22.75,0,63,0,32.1,36.3,22.1,54,8649,0,5272,81.1,-0.3,8.02,87.1,1
194,36,39,1,22.71,21,61,0,21.9,37.8,21.5,55,6425,0,5482,81.0,-0.29,9.0,87.6,1
194,37,39,1,22.53,38,37,21,36.5,38.6,22.7,55,4017,0,5412,80.6,-0.32,8.02,88.1,1
194,38,39,1,22.58,5,26,38,5.2,31.7,22.9,51,8943,0,5352,80.3,-0.26,8.39,88.8,1
195,14,26,2,23.8,41,201,33,47.7,34.9,28.1,80,4865,1,16593,63.5,1.9,6.45,80.6,0
195,15,26,2,24.77,71,199,0,59.9,40.7,26.4,80,2837,1,16877,63.0,1.87,5.48,80.1,0
195,16,26,2,25.04,59,203,0,48.8,38.3,27.1,81,5209,2,16926,63.4,1.88,4.96,78.2,0
195,17,26,2,24.3,48,231,0,41.2,34.8,27.0,82,4182,2,16145,63.7,1.98,5.88,78.1,0
195,18,26,2,24.55,66,223,0,42.1,40.0,26.8,81,3772,2,15233,63.5,1.95,6.85,78.6,1
195,19,26,2,24.83,59,186,27,37.6,34.0,27.8,78,4826,2,15363,65.7,2.08,6.57,72.6,0
195,20,26,2,24.14,56,220,0,45.6,34.0,27.4,82,3844,2,16218,67.7,2.18,6.11,65.1,0
195,21,26,2,24.05,52,239,0,50.3,34.7,27.4,82,6036,2,16185,67.5,2.17,6.09,65.7,0
195,22,26,2,23.95,68,207,41,39.2,31.3,25.5,80,6182,2,16954,68.2,2.2,6.57,66.2,0
195,23,26,2,23.52,30,216,24,36.4,32.9,26.6,77,8785,2,16926,69.5,2.23,6.96,67.2,0
195,24,26,2,23.87,46,205,83,41.7,30.0,27.0,76,5986,2,16092,69.2,2.16,6.58,66.5,0
195,27,26,2,24.73,71,167,0,63.6,38.5,26.9,75,5861,2,14186,72.3,2.06,5.48,46.4,0
195,28,26,2,24.03,60,245,0,49.0,34.4,27.0,82,4330,2,14576,72.8,2.13,6.13,45.8,0
195,29,26,2,24.51,63,232,59,39.0,34.5,27.8,81,5659,2,14935,73.0,2.15,5.6,45.4,0
195,30,26,2,24.26,19,213,0,54.1,32.3,27.4,82,4428,2,14935,72.8,2.14,6.06,46.4,0
195,31,26,2,24.77,70,185,29,51.6,40.0,27.4,80,5843,2,16035,72.6,2.06,5.42,44.8,0
195,34,26,2,23.43,68,180,0,36.9,34.7,27.6,72,4002,2,14971,61.1,1.86,6.83,39.9,0
195,35,26,2,24.24,53,174,6,35.4,36.1,25.2,77,4311,2,14333,60.0,1.81,6.31,38.3,1
195,36,26,2,23.75,59,217,20,44.5,30.9,27.0,78,4855,2,13573,60.6,1.79,6.91,37.7,0
195,37,26,2,23.67,56,157,13,37.6,36.8,25.4,81,5674,2,14849,60.5,1.77,6.87,37.7,0
195,38,26,2,24.86,97,205,53,50.9,31.4,27.5,80,5256,2,15430,60.8,1.78,5.36,39.3,0
196,14,41,0,22.05,48,62,6,50.8,42.0,24.2,61,10348,1,7434,0.0,0.7,7.86,33.2,1
196,15,41,0,20.97,34,30,109,64.8,37.5,24.2,62,5946,0,6766,0.0,0.66,8.05,32.6,1
196,16,41,0,21.19,25,14,0,69.0,31.4,23.5,59,5815,1,6556,0.0,0.66,7.69,33.9,1
196,17,41,0,20.81,17,65,120,67.3,36.1,23.6,64,12730,1,6842,0.0,0.69,8.66,33.2,1
196,20,41,0,20.0,50,83,120,67.7,40.0,23.7,62,9499,0,7405,0.0,0.71,7.86,55.8,0
196,21,41,0,22.45,13,56,0,63.9,37.8,24.3,61,5456,0,7571,0.0,0.76,7.46,56.5,1
196,22,41,0,21.38,29,58,41,64.3,31.9,24.7,61,10591,0,7967,0.0,0.76,8.14,55.7,1
196,23,41,0,22.7,49,81,43,62.8,38.1,24.7,62,7073,0,7795,0.0,0.75,7.85,55.7,1
196,24,41,0,22.66,52,82,0,66.2,38.2,23.9,61,7986,0,7545,0.0,0.74,7.9,54.7,1
196,27,41,0,22.9,41,11,15,64.9,32.6,24.0,58,5254,0,7111,0.0,0.73,8.25,43.5,1
196,28,41,0,20.5,21,49,86,57.2,41.4,25.1,61,7054,0,6786,0.0,0.68,7.44,43.5,1
196,29,41,0,21.63,42,22,0,70.5,40.4,24.3,61,7844,1,6791,0.0,0.71,7.98,44.8,1
196,30,41,0,21.86,61,80,0,77.8,36.4,23.9,61,6942,0,6640,0.0,0.72,7.44,44.8,1
196,31,41,0,21.88,56,64,0,69.5,32.0,23.8,61,6311,1,6702,0.0,0.74,8.02,47.3,1
196,34,41,0,22.65,63,52,86,71.3,32.1,23.9,64,8922,1,6584,0.0,0.75,8.27,78.1,0
196,35,41,0,23.04,54,25,0,65.9,40.2,24.0,61,5706,1,5701,65.1,0.72,7.73,76.4,1
196,36,41,0,21.56,18,69,0,56.7,35.4,24.7,63,7171,1,4995,62.9,0.7,8.56,76.3,1
196,37,41,0,21.86,46,27,79,60.3,42.6,23.8,57,9214,1,4942,63.6,0.67,7.89,76.3,1
196,38,41,0,22.68,36,71,33,70.2,39.1,23.7,61,6776,0,5013,64.6,0.67,8.08,76.3,1
197,14,28,2,24.13,56,105,0,44.6,39.8,24.6,57,9104,1,14950,62.4,1.38,5.79,42.8,0
197,15,28,2,23.79,39,100,36,19.3,41.4,23.7,57,8943,1,16488,62.5,1.38,6.38,42.8,0
197,16,28,2,24.22,81,106,36,32.8,44.5,24.3,57,8667,1,17332,62.5,1.38,5.73,44.5,0
197,17,28,2,24.43,68,120,0,22.5,39.6,25.3,56,5109,2,18475,63.1,1.41,5.48,43.4,0
197,20,28,2,24.04,61,17,0,26.0,45.9,25.7,51,9405,2,17242,59.5,1.23,5.54,42.5,1
197,21,28,2,24.14,47,81,47,31.7,37.7,24.4,54,7938,1,17301,59.7,1.25,5.97,42.5,0
197,22,28,2,24.55,63,72,120,10.8,42.4,24.0,54,9283,2,17449,59.9,1.29,5.81,42.5,0
197,23,28,2,23.79,65,65,0,30.7,49.8,23.6,58,6139,2,16171,60.6,1.34,6.21,42.5,0
197,24,28,2,23.96,66,119,21,31.4,44.3,25.2,56,7062,2,16299,60.3,1.28,6.04,41.3,0
197,26,28,2,24.21,58,50,0,13.2,40.7,24.1,54,4968,2,16419,59.1,1.31,7.19,44.6,1
197,27,28,2,23.98,56,54,35,23.1,40.8,24.6,52,7356,2,16625,59.1,1.27,6.17,42.1,1
197,28,28,2,23.75,38,93,86,21.7,37.2,23.2,53,6475,2,16067,59.1,1.25,6.74,40.5,1
197,29,28,2,24.35,76,63,94,22.5,49.9,24.2,56,10431,2,14442,59.3,1.18,5.76,40.5,0
197,30,28,2,23.89,44,125,46,27.9,37.5,23.5,58,10162,2,14282,59.8,1.23,6.55,41.1,0
197,31,28,2,24.16,47,116,57,14.8,47.6,22.6,53,6999,2,13262,59.9,1.17,6.13,41.8,0
197,34,28,2,23.87,62,43,84,26.2,39.8,23.7,54,9278,2,13357,57.0,1.19,6.57,46.5,1
197,35,28,2,24.41,73,51,83,24.4,39.3,23.2,57,8743,2,12626,57.9,1.12,6.07,47.3,1
197,36,28,2,23.99,79,107,0,34.9,48.4,23.3,56,10858,2,12717,58.4,1.11,6.23,46.2,0
197,37,28,2,24.05,72,62,0,31.4,44.4,22.5,56,7596,2,12723,57.9,1.08,6.52,45.1,0
197,38,28,2,23.99,69,105,0,26.5,43.6,23.5,59,8057,2,11472,58.8,1.06,6.14,45.1,0
198,14,27,2,24.04,88,123,105,57.6,40.5,18.7,57,5846,2,19707,44.0,1.72,5.47,64.9,0
198,15,27,2,24.56,69,197,0,70.9,39.2,19.0,63,8263,2,19605,44.1,1.74,4.81,65.7,0
198,16,27,2,25.04,73,208,70,49.2,40.6,18.1,63,9019,2,19031,44.6,1.75,4.22,64.9,0
198,17,27,2,23.68,49,178,58,55.9,37.9,18.0,62,5947,2,19130,47.4,1.89,5.49,65.3,0
198,18,27,2,25.8,95,161,66,49.1,43.6,16.9,61,7919,2,19130,46.0,1.79,4.53,66.2,0
198,19,27,2,24.79,87,163,22,39.1,39.4,18.2,62,11064,2,19862,55.1,2.15,5.29,68.6,0
198,20,27,2,24.45,61,169,0,70.8,43.4,17.9,61,4158,2,21056,60.1,2.3,4.6,77.5,0
198,21,27,2,24.08,29,184,56,75.7,42.5,18.2,64,11597,2,22567,60.3,2.38,5.31,78.4,0
198,22,27,2,22.75,51,168,0,66.3,39.0,17.1,62,6643,3,22567,60.2,2.3,6.12,79.8,0
198,23,27,2,24.55,60,147,0,54.0,39.3,18.6,65,4761,2,21932,56.7,2.25,4.82,78.1,0
198,24,27,2,23.96,48,141,0,56.8,37.4,18.7,64,6738,3,21932,56.7,2.21,5.35,78.1,0
198,25,27,2,24.86,101,163,0,55.9,39.5,17.6,63,5113,3,21932,58.5,2.26,5.17,77.0,0
198,26,27,2,24.39,47,134,42,50.7,43.4,18.4,63,13646,3,23761,65.1,2.52,6.24,50.5,0
198,27,27,2,24.51,77,139,0,69.6,41.1,17.8,60,6232,3,25607,73.3,2.58,4.47,47.5,0
198,28,27,2,24.58,52,171,37,58.8,45.2,17.0,63,8682,3,25607,73.5,2.66,4.64,46.0,0
198,29,27,2,24.23,59,183,0,70.4,34.2,17.5,61,5042,4,27021,73.6,2.72,4.74,44.3,0
198,30,27,2,24.58,65,134,0,62.8,37.8,18.1,62,5396,3,27683,73.2,2.73,4.6,45.1,0
198,31,27,2,23.57,63,180,0,59.5,38.5,18.2,62,4065,4,27683,73.3,2.7,5.47,45.1,0
198,33,27,2,24.26,64,66,39,51.5,46.0,18.3,55,7119,3,26205,72.5,2.35,6.13,33.1,0
198,34,27,2,25.07,50,112,0,48.1,42.1,18.8,56,5339,3,25897,72.8,2.29,4.19,0.0,0
198,35,27,2,24.37,59,189,0,56.7,48.6,18.2,60,6780,3,25897,72.8,2.32,4.73,0.0,0
198,36,27,2,24.34,48,140,0,58.3,38.2,17.8,65,6199,3,25897,72.8,2.36,4.92,0.0,0
198,37,27,2,24.51,34,117,0,50.3,43.3,18.4,60,5490,3,25967,77.5,2.44,4.59,0.0,0
198,38,27,2,23.63,60,156,20,62.7,41.3,17.8,63,7728,3,25106,77.4,2.46,5.35,0.0,0
199,14,40,0,21.75,80,112,0,21.1,37.5,21.4,62,3945,0,4220,66.9,0.04,6.95,67.4,1
199,15,40,0,21.44,73,83,0,31.4,40.4,20.9,63,3010,0,3842,67.2,0.08,7.88,67.4,1
199,16,40,0,22.11,98,116,0,19.9,32.0,20.5,66,4983,0,4135,66.7,0.07,7.31,67.4,0
199,17,40,0,22.23,88,111,84,41.3,30.4,20.9,64,5728,0,4350,70.6,0.04,7.21,68.0,0
199,20,40,0,21.91,52,54,18,30.4,34.7,20.9,65,3586,0,5315,71.1,0.07,8.31,66.0,1
199,21,40,0,22.57,73,101,0,33.8,35.9,20.7,63,5973,0,4925,71.2,-0.04,7.18,65.8,0
199,22,40,0,21.59,70,131,0,47.4,27.8,21.2,63,5471,0,5037,71.1,0.0,7.63,65.8,1
199,23,40,0,22.0,82,84,0,26.9,31.7,21.6,67,2957,0,5206,72.1,-0.03,7.78,65.8,1
199,24,40,0,22.08,61,95,72,31.3,36.4,21.8,63,9125,0,5157,75.5,-0.07,7.85,65.8,1
199,26,40,0,22.95,79,62,38,16.4,33.3,22.3,65,5317,0,5393,81.1,-0.11,7.52,57.5,1
199,27,40,0,21.42,71,116,0,29.2,33.4,22.1,64,3311,0,5418,78.1,-0.07,7.45,64.0,1
199,28,40,0,20.94,72,130,0,28.5,30.8,21.3,65,4996,0,5697,76.1,-0.03,7.63,64.3,1
199,29,40,0,23.21,82,65,0,30.4,35.7,21.1,65,5647,0,5802,73.3,-0.08,7.53,64.0,1
199,30,40,0,21.76,76,70,0,39.7,36.4,21.4,66,3447,0,5683,70.1,-0.05,7.83,64.0,1
199,31,40,0,21.77,64,54,0,27.0,38.5,21.6,66,2121,0,5451,70.0,-0.09,6.8,64.0,0
199,34,40,0,22.36,68,92,0,46.1,35.7,20.8,66,4145,0,4384,62.7,-0.07,7.45,74.3,1
199,35,40,0,21.13,65,90,45,22.6,34.3,21.3,67,3788,0,4820,62.7,-0.01,7.19,74.4,1
199,36,40,0,21.58,63,116,0,24.2,37.1,21.4,67,5031,0,4694,60.1,-0.01,7.29,74.9,1
199,37,40,0,21.8,56,117,0,32.3,39.0,21.6,66,3743,0,4636,59.7,0.02,7.71,74.4,1
199,38,40,0,21.15,57,60,80,28.1,29.6,21.1,66,4629,0,4506,59.7,0.02,8.12,74.3,1
200,14,31,2,23.54,35,137,40,46.0,48.8,22.0,71,9672,3,18469,49.0,2.03,5.62,13.7,0
200,15,31,2,23.74,39,122,120,25.1,54.2,21.2,70,10289,3,19135,49.0,2.06,5.63,14.4,0
200,16,31,2,22.97,20,118,32,52.8,46.5,21.3,71,6999,3,19491,49.1,2.05,6.09,14.5,0
200,17,31,2,24.41,57,146,33,49.0,49.0,21.7,69,6018,3,18567,47.6,1.98,4.62,13.8,0
200,20,31,2,23.96,28,29,0,47.0,50.1,21.4,64,6949,3,18182,44.4,1.99,5.19,23.7,1
200,21,31,2,23.8,27,65,0,32.9,52.7,22.4,67,11047,3,17155,44.0,2.01,5.06,25.1,1
200,22,31,2,24.2,58,145,2,49.9,45.7,22.5,68,11787,3,15605,43.5,2.02,4.81,25.7,0
200,23,31,2,24.03,69,129,94,51.8,43.4,21.7,69,9409,2,15605,43.3,2.02,5.29,26.3,0
200,24,31,2,24.15,62,147,0,34.4,48.4,21.6,72,8375,2,16597,43.2,2.03,4.7,25.5,0
200,27,31,2,24.16,66,18,90,29.1,42.4,21.1,64,6128,2,15575,42.9,1.84,5.19,29.3,1
200,28,31,2,24.06,35,122,44,68.6,44.5,21.0,68,7362,2,14067,42.9,1.82,5.13,28.7,0
200,29,31,2,24.26,48,156,84,53.1,48.3,21.3,69,8376,2,13069,43.6,1.85,5.02,28.1,0
200,30,31,2,23.72,55,180,25,46.6,44.5,21.9,71,6031,2,14407,44.0,1.9,5.68,26.4,0
200,31,31,2,24.19,22,79,0,45.5,42.0,21.6,70,5605,2,14548,45.7,1.93,5.13,27.1,0
200,32,31,2,24.72,72,172,17,28.5,46.5,21.6,69,7975,2,14548,45.7,1.89,5.57,26.7,1
200,34,31,2,24.09,47,73,20,58.9,50.0,22.6,64,10876,2,15043,52.1,2.1,4.89,22.5,0
200,35,31,2,23.95,36,142,48,37.5,53.2,21.6,69,8983,2,16548,52.1,2.12,5.38,23.2,0
200,36,31,2,24.49,63,129,0,59.6,48.3,21.3,71,7829,2,18098,52.9,2.09,4.59,23.8,0
200,37,31,2,23.96,52,152,33,47.7,51.2,21.6,74,9474,2,17389,53.2,2.11,4.92,25.4,0
200,38,31,2,24.43,66,101,44,47.4,45.9,20.8,69,8590,2,17607,52.6,2.14,4.63,27.8,0
201,14,33,2,24.91,39,133,40,55.7,30.7,23.9,66,6821,2,12889,64.3,1.4,5.04,33.4,1
201,15,33,2,25.23,34,203,0,49.2,31.9,22.9,67,4581,2,12024,64.3,1.42,4.7,33.4,0
201,16,33,2,24.58,57,165,9,57.4,27.0,23.3,66,6555,2,12897,64.6,1.49,5.25,34.1,0
201,17,33,2,23.81,40,186,104,44.0,28.1,22.8,63,7313,2,12717,65.1,1.6,6.45,33.4,0
201,20,33,2,24.15,32,59,0,37.6,37.0,23.9,57,4586,2,12839,57.1,1.49,5.83,55.9,1
201,21,33,2,23.36,16,97,20,47.0,30.9,23.5,64,5253,2,12810,57.8,1.56,6.65,55.9,1
201,22,33,2,23.95,52,97,70,42.4,31.2,23.8,62,8753,2,12280,57.4,1.56,5.97,57.7,0
201,23,33,2,23.64,54,101,74,44.0,42.3,23.2,67,7486,2,13287,57.0,1.54,6.51,57.2,0
201,24,33,2,25.26,57,95,64,30.1,29.2,23.3,64,7275,2,12917,57.0,1.54,4.86,59.8,0
201,27,33,2,23.89,25,119,0,43.4,30.9,23.5,62,5784,1,12098,58.2,1.67,6.16,47.8,0
201,28,33,2,24.08,28,75,0,51.1,33.1,23.5,66,7740,1,13283,57.5,1.6,5.8,45.8,0
201,29,33,2,23.92,24,108,29,59.9,31.0,24.8,65,7930,2,13702,56.9,1.55,5.94,45.0,0
201,30,33,2,23.49,41,166,64,33.9,38.8,24.6,65,8735,2,13144,56.2,1.46,6.46,45.0,0
201,31,33,2,23.96,52,137,0,55.5,31.4,24.0,62,6011,2,12271,55.2,1.38,5.77,44.6,0
201,33,33,2,23.9,55,118,39,43.9,35.6,24.5,60,7351,2,13082,63.7,1.44,7.12,37.2,1
201,34,33,2,22.81,36,91,0,38.5,32.2,23.5,63,4804,2,12901,63.6,1.5,7.33,36.2,0
201,35,33,2,24.8,50,101,0,39.4,27.5,24.7,60,5991,1,14713,62.0,1.4,4.86,37.7,0
201,36,33,2,23.02,45,120,27,46.2,27.3,23.3,64,5216,2,14824,63.0,1.53,6.98,37.7,0
201,37,33,2,22.33,40,142,15,50.0,34.2,23.7,65,8780,1,13994,61.8,1.45,7.74,36.4,0
201,38,33,2,25.07,34,128,0,36.1,35.1,23.7,64,4791,2,13745,59.4,1.37,4.96,36.4,0
202,14,31,2,25.14,94,89,0,38.9,42.1,26.0,63,4588,1,10392,60.1,1.06,5.16,54.3,0
202,15,31,2,23.26,66,111,31,19.9,36.5,24.6,72,4974,1,11046,60.3,1.15,7.66,54.9,0
202,16,31,2,23.76,69,104,0,11.9,35.2,23.6,70,5261,1,11677,60.1,1.12,6.86,54.3,0
202,17,31,2,24.68,78,117,19,45.9,30.9,25.3,71,5488,1,12052,59.8,1.12,5.75,55.1,0
202,19,31,2,25.38,97,65,47,33.1,35.5,24.0,65,5290,1,11532,58.1,1.08,6.73,54.2,0
202,20,31,2,22.68,84,107,9,28.0,41.1,25.0,69,6509,2,11368,56.3,1.16,7.78,55.8,1
202,21,31,2,26.0,74,100,0,32.1,32.8,24.4,68,3512,2,11586,54.7,1.2,4.64,57.3,0
202,22,31,2,24.22,107,169,0,29.0,39.1,24.6,76,5818,2,12110,54.3,1.32,6.2,54.3,1
202,23,31,2,23.53,83,170,33,16.5,41.8,25.2,73,5436,2,12844,55.4,1.42,7.08,54.3,0
202,24,31,2,24.29,73,173,0,15.9,31.3,26.4,72,5029,2,12539,54.4,1.37,6.2,54.3,0
202,27,31,2,23.26,68,105,0,31.1,36.3,23.6,68,4864,2,11034,57.5,1.33,6.91,85.9,0
202,28,31,2,24.75,97,87,84,32.5,35.1,25.7,68,4582,2,11702,56.2,1.33,6.0,84.4,0
202,29,31,2,25.52,90,112,49,18.6,37.4,24.1,66,7527,2,10099,56.2,1.27,5.3,85.9,0
202,30,31,2,23.29,87,152,29,16.3,29.5,25.2,75,4330,2,10153,57.0,1.44,7.29,85.9,0
202,31,31,2,25.0,70,112,0,20.3,37.0,24.1,71,7222,2,10017,56.2,1.41,5.8,85.9,1
202,34,31,2,24.25,62,108,26,31.3,34.7,23.2,68,4454,2,9282,63.0,1.37,6.76,66.8,1
202,35,31,2,25.58,108,138,38,30.6,32.5,24.8,68,4883,2,9223,66.3,1.44,5.02,69.1,0
202,36,31,2,23.33,80,138,2,24.1,32.3,24.5,71,5808,1,8849,66.9,1.42,7.29,68.3,1
202,37,31,2,24.42,85,168,34,35.7,39.2,22.6,70,5376,1,8189,65.8,1.34,6.47,67.5,0
202,38,31,2,24.19,78,114,0,36.3,39.3,23.6,72,5883,1,7775,66.9,1.38,6.61,67.8,0
203,14,33,0,21.78,5,54,0,52.6,28.8,21.2,64,5128,0,5714,68.5,0.84,7.38,79.1,1
203,15,33,0,22.88,36,67,0,52.0,35.0,22.0,63,6348,0,5487,68.8,0.82,6.97,79.1,1
203,16,33,0,21.74,0,83,28,50.0,34.7,22.7,65,6951,0,6689,70.7,0.84,8.11,79.1,1
203,17,33,0,22.01,18,47,42,48.0,35.9,22.2,61,6367,0,6450,70.8,0.77,7.6,79.5,0
203,19,33,0,22.14,34,78,48,32.2,31.4,22.1,65,6039,0,6898,72.1,0.74,7.67,75.5,1
203,20,33,0,21.29,17,0,0,37.7,39.0,23.1,64,7857,0,6746,73.3,0.73,7.41,87.1,1
203,21,33,0,22.56,21,110,32,43.6,34.1,21.6,69,7787,0,6696,72.1,0.76,7.4,87.4,1
203,22,33,0,21.9,14,52,29,43.9,34.1,22.3,65,6002,0,7049,74.0,0.74,7.28,87.1,1
203,23,33,0,22.08,16,64,51,43.1,38.6,21.9,66,11199,0,6779,79.0,0.78,7.95,86.9,1
203,24,33,0,21.16,33,72,0,39.8,39.0,22.4,62,5678,1,6672,78.8,0.73,7.6,88.0,1
203,27,33,0,22.14,18,88,0,53.2,33.5,22.3,65,3822,0,6753,78.5,0.71,7.93,83.1,0
203,28,33,0,21.49,16,92,84,55.0,37.1,21.8,67,6118,0,6823,78.4,0.73,7.78,82.6,1
203,29,33,0,21.25,18,86,0,57.1,40.8,22.5,62,7561,0,7682,78.1,0.7,7.19,82.6,1
203,30,33,0,22.6,49,119,34,49.4,32.9,21.9,64,5668,1,6573,76.2,0.68,7.33,82.3,0
203,31,33,0,21.54,16,97,0,48.6,32.7,22.7,65,6282,1,6450,75.1,0.74,7.36,82.3,1
203,34,33,0,22.13,40,52,0,38.7,28.0,22.5,65,3516,0,6087,70.5,0.78,7.94,88.4,1
203,35,33,0,22.14,44,68,34,52.1,40.5,22.9,64,6984,0,6036,72.2,0.75,7.14,89.5,1
203,36,33,0,21.99,38,58,108,59.2,33.3,22.3,64,8010,1,5788,72.8,0.76,8.03,89.9,0
203,37,33,0,21.2,35,61,33,52.1,40.7,22.5,64,5657,1,6361,72.9,0.71,7.11,91.3,1
203,38,33,0,21.68,22,49,68,49.9,30.2,23.0,67,6689,1,6404,70.0,0.77,8.06,89.5,0
204,14,17,1,22.96,38,93,0,46.1,28.7,25.9,69,3299,1,16094,75.2,1.26,6.59,56.2,0
204,15,17,1,23.51,48,124,0,38.3,33.8,28.3,64,5688,1,17768,75.6,1.25,5.79,56.4,0
204,16,17,1,22.86,38,169,0,27.9,34.0,27.4,68,5421,1,17547,76.2,1.29,6.69,55.8,0
204,17,17,1,22.91,26,117,0,40.9,34.0,27.5,66,4178,1,16846,75.6,1.23,6.46,56.6,0
204,20,17,1,23.1,45,46,52,27.2,33.7,27.5,58,7290,1,17170,71.3,1.14,6.51,67.1,1
204,21,17,1,23.0,35,84,0,42.2,36.7,26.6,64,4790,1,16859,71.1,1.13,6.72,67.1,0
204,22,17,1,22.84,46,92,52,35.6,27.7,27.3,63,7970,2,16591,71.1,1.09,6.82,65.7,0
204,23,17,1,23.19,54,108,0,37.1,35.3,26.1,65,3112,1,18146,71.2,1.09,6.37,67.1,1
204,24,17,1,23.27,28,145,0,44.5,32.6,24.5,66,4112,2,16523,71.0,1.06,6.77,66.8,0
204,27,17,1,22.84,6,68,33,37.4,26.1,25.1,62,7271,2,12929,67.3,0.92,7.19,63.0,1
204,28,17,1,22.96,44,106,0,32.4,34.5,27.1,60,3718,2,12769,67.1,0.86,6.44,63.0,1
204,29,17,1,23.35,62,136,68,39.0,34.5,26.1,63,5844,1,11566,66.9,0.87,6.5,63.0,0
204,30,17,1,23.02,15,111,26,37.3,28.8,27.1,66,4819,2,12083,67.2,0.82,6.71,61.7,0
204,31,17,1,22.97,39,95,0,50.1,36.1,26.0,67,4247,2,12277,67.6,0.81,6.77,61.6,0
204,33,17,1,23.56,23,9,0,16.8,38.6,25.4,60,3447,2,11698,69.7,0.83,7.51,69.9,1
204,34,17,1,23.56,71,123,44,30.4,30.0,25.8,62,5450,2,11283,70.3,0.86,6.16,68.7,1
204,35,17,1,22.63,23,121,104,51.2,37.2,25.9,62,6762,2,11757,70.8,0.88,7.24,69.5,0
204,36,17,1,23.37,46,75,29,38.5,33.8,24.8,62,4688,1,11682,70.5,0.85,6.62,70.8,0
204,37,17,1,23.42,40,111,0,47.5,37.2,27.0,66,1907,1,10196,71.3,0.86,6.16,72.6,0
204,38,17,1,22.97,30,87,51,37.5,30.6,25.2,62,9405,1,10262,71.6,0.88,6.93,73.0,0
205,14,21,2,23.95,46,85,69,32.6,44.1,23.2,60,11512,1,13668,63.5,1.92,5.92,27.9,0
205,15,21,2,23.65,52,135,49,32.5,48.7,23.7,62,9004,1,13717,63.5,1.9,5.7,25.6,0
205,16,21,2,23.83,51,158,107,33.2,41.9,24.2,63,8209,1,13292,63.4,1.9,5.81,25.6,0
205,17,21,2,23.86,43,167,30,16.6,49.2,22.9,60,7361,1,14025,63.6,1.92,5.66,25.1,0
205,20,21,2,23.37,32,61,24,35.0,43.1,23.4,54,8869,2,12693,57.5,1.81,6.42,24.4,0
205,21,21,2,24.07,60,114,56,10.0,47.4,22.7,60,6711,2,12754,56.5,1.74,5.55,24.9,1
205,22,21,2,23.88,27,143,84,29.9,38.0,23.1,61,10457,1,13096,56.1,1.69,5.95,24.9,0
205,23,21,2,23.95,34,129,120,24.3,38.7,24.2,62,10375,1,13756,56.0,1.63,5.92,24.9,0
205,24,21,2,23.09,49,192,85,22.4,49.1,23.7,59,11191,1,12522,56.1,1.6,6.34,23.7,0
205,27,21,2,23.75,64,112,0,13.1,43.5,23.1,54,11994,1,12456,43.7,1.49,6.02,42.7,0
205,28,21,2,22.86,27,98,92,22.0,38.8,23.4,61,11276,2,11764,44.6,1.52,7.13,42.2,1
205,29,21,2,24.22,44,127,67,26.2,38.6,22.1,58,6322,1,11163,43.6,1.43,5.61,44.8,0
205,30,21,2,24.35,17,137,120,25.8,49.9,23.4,63,16063,1,10464,44.6,1.44,5.41,45.4,0
205,31,21,2,23.1,48,124,37,21.9,50.7,24.5,61,9289,1,10708,45.0,1.47,6.26,46.3,0
205,34,21,2,24.4,60,88,66,39.7,42.2,23.7,57,11661,1,11690,47.6,1.51,5.14,44.8,1
205,35,21,2,25.12,53,152,0,18.4,51.3,22.6,59,7949,1,11735,48.3,1.6,4.34,43.1,0
205,36,21,2,24.79,42,123,114,24.5,39.7,23.5,64,12081,2,12882,48.7,1.68,5.09,41.4,0
205,37,21,2,23.95,58,129,17,33.6,40.2,23.8,64,6643,2,11947,49.2,1.75,5.31,42.1,1
205,38,21,2,22.94,36,155,75,27.8,53.1,23.9,62,12379,2,12302,48.5,1.79,6.71,42.7,0
206,14,37,0,22.2,20,41,0,20.5,32.9,23.1,64,4931,0,6215,64.2,0.21,6.74,77.5,1
206,15,37,0,21.53,13,33,45,8.4,34.0,23.7,65,6497,0,5746,65.5,0.25,8.32,77.7,1
206,16,37,0,21.26,11,44,50,5.1,30.6,22.6,62,7155,0,5722,70.8,0.21,8.12,77.7,1
206,17,37,0,21.29,11,30,10,11.1,31.2,23.2,59,7949,0,5485,70.7,0.17,7.47,77.7,0
206,18,37,0,22.42,49,61,47,0.0,32.6,23.8,61,4991,0,5659,70.5,0.17,7.37,77.7,1
206,20,37,0,21.42,33,0,0,9.4,27.1,23.2,63,5641,0,4633,73.1,0.18,7.0,88.4,1
206,21,37,0,20.68,31,84,23,6.1,37.5,23.4,61,4584,0,4587,71.1,0.18,7.45,88.4,1
206,22,37,0,21.2,0,45,37,9.5,34.7,23.6,61,4430,0,5150,70.7,0.16,8.48,89.4,1
206,23,37,0,20.86,24,6,26,15.0,32.7,23.6,62,9460,0,5257,70.7,0.16,7.0,88.4,1
206,24,37,0,20.88,12,45,0,0.0,29.5,21.6,62,6830,0,5381,66.9,0.13,7.38,88.4,1
206,27,37,0,21.28,28,40,0,0.0,31.2,23.8,61,6396,0,4808,64.2,0.19,7.45,78.9,1
206,28,37,0,21.76,24,22,0,19.3,35.6,23.3,60,6354,0,5406,64.0,0.19,7.28,78.9,1
206,29,37,0,21.14,27,57,71,30.1,34.4,23.3,60,6680,0,5864,64.0,0.15,7.78,78.9,1
206,30,37,0,21.18,29,66,31,12.8,32.7,23.6,61,10308,0,6373,64.0,0.19,7.13,78.7,1
206,31,37,0,22.35,44,58,0,0.0,31.2,23.5,62,6205,0,6277,63.2,0.26,7.28,78.7,1
206,32,37,0,21.49,30,51,0,13.6,35.3,24.2,60,3859,0,6691,62.4,0.28,7.82,78.7,1
206,34,37,0,21.43,35,25,64,5.4,35.9,24.3,57,5657,0,6329,66.5,0.24,8.11,93.4,1
206,35,37,0,20.34,10,17,46,0.0,38.4,22.4,62,5734,0,6393,66.8,0.16,7.5,93.4,1
206,36,37,0,22.21,33,19,0,0.0,28.3,24.2,58,8396,0,5947,65.0,0.16,6.86,93.4,1
206,37,37,0,22.57,10,45,0,11.5,34.5,23.4,61,4556,0,5703,64.8,0.27,7.46,90.8,1
206,38,37,0,21.62,38,38,54,1.8,29.2,23.7,58,5637,0,5627,65.4,0.24,7.73,90.8,1
207,14,24,0,22.52,55,109,0,44.0,35.0,21.1,63,6975,0,8106,66.5,0.14,8.19,82.1,0
207,15,24,0,21.59,56,114,56,54.5,31.6,21.2,64,7944,0,8116,67.2,0.11,8.27,82.1,1
207,16,24,0,21.87,48,91,72,50.7,28.8,22.0,66,8621,0,7377,65.7,0.07,8.35,82.1,1
207,17,24,0,22.41,59,86,50,59.1,36.1,21.9,62,7582,0,7091,66.3,0.07,7.61,82.1,1
207,20,24,0,22.17,48,79,0,50.1,36.1,21.7,62,4250,0,7242,79.9,0.15,7.42,90.7,1
207,21,24,0,21.64,15,77,49,67.2,40.5,22.0,64,8708,0,7418,80.3,0.19,7.97,90.7,1
207,22,24,0,22.27,58,113,18,66.5,35.5,21.8,64,5174,0,7526,79.4,0.21,8.19,90.7,1
207,23,24,0,23.06,39,120,118,50.5,34.6,22.4,63,7488,0,7930,80.0,0.2,7.86,90.0,1
207,24,24,0,22.34,29,106,15,60.4,31.4,22.2,61,5133,0,7284,78.1,0.22,8.5,90.0,0
207,27,24,0,22.63,44,139,16,61.9,30.4,22.3,62,7817,0,7662,76.6,0.27,7.71,73.3,0
207,28,24,0,22.4,53,125,39,56.8,33.8,22.9,64,3986,0,6457,78.1,0.23,7.78,72.4,1
207,29,24,0,22.62,39,114,0,41.5,37.7,22.1,65,5175,0,6225,78.5,0.26,8.04,72.4,0
207,30,24,0,21.05,32,104,0,62.4,30.3,23.1,64,7303,0,5857,79.8,0.27,8.14,73.0,0
207,31,24,0,22.49,29,102,24,60.9,33.8,22.5,63,6352,0,6501,74.2,0.29,8.23,72.4,1
207,34,24,0,22.49,47,61,80,61.1,35.5,22.8,63,10589,0,6250,73.0,0.23,8.33,69.3,1
207,35,24,0,21.73,34,70,40,58.4,35.8,22.3,60,8410,0,5760,73.0,0.17,7.73,68.3,1
207,36,24,0,21.6,20,93,58,51.2,39.7,23.2,58,6337,0,5847,72.9,0.19,7.35,68.9,1
207,37,24,0,22.6,32,68,0,52.2,29.4,23.1,64,7127,0,5389,69.9,0.25,8.04,70.1,1
207,38,24,0,22.75,50,97,0,50.0,40.2,22.6,65,3448,0,5634,71.3,0.23,7.74,69.3,1
208,14,23,1,23.01,61,93,0,49.3,44.2,24.6,66,6480,1,8768,68.3,0.78,6.7,71.8,1
208,15,23,1,22.19,49,100,0,45.4,46.9,24.0,67,4860,1,9542,67.7,0.77,7.94,71.8,1
208,16,23,1,23.04,57,67,0,28.0,41.8,24.6,59,4641,1,9732,66.7,0.72,6.99,73.2,1
208,17,23,1,23.64,46,117,35,42.2,41.3,25.5,66,6666,1,10353,70.2,0.75,6.08,73.2,0
208,20,23,1,23.44,47,95,0,38.6,49.8,24.2,63,4637,1,10739,70.3,0.75,6.45,58.1,0
208,21,23,1,23.14,57,117,33,35.3,46.7,26.3,63,5044,1,9702,70.5,0.78,6.43,58.9,0
208,22,23,1,23.3,54,125,21,36.8,43.3,24.7,67,4557,1,9801,70.2,0.84,6.62,58.9,0
208,23,23,1,24.0,60,129,79,51.2,48.5,25.5,67,7186,1,9338,70.7,0.9,5.82,57.9,0
208,24,23,1,23.01,53,151,29,42.7,39.9,25.0,65,4230,1,9935,70.8,0.92,6.91,58.6,0
208,26,23,1,24.41,57,78,75,43.4,41.6,25.7,62,6229,1,8984,66.8,0.72,6.49,59.7,0
208,27,23,1,23.56,57,94,0,62.3,44.6,26.1,66,3959,1,9326,71.9,0.85,6.09,60.7,0
208,28,23,1,22.93,65,121,108,50.6,39.3,26.0,66,7283,1,9118,71.9,0.87,6.98,59.9,0
208,29,23,1,23.39,63,120,0,54.0,39.8,25.9,68,3674,1,8113,72.1,0.85,6.34,61.1,0
208,30,23,1,23.79,41,158,0,38.1,43.5,26.1,69,3219,1,9497,73.4,0.96,5.7,62.3,0
208,31,23,1,23.41,45,162,0,55.3,42.3,25.5,70,4108,1,9785,73.6,1.06,6.14,61.5,0
208,33,23,1,23.35,64,53,33,41.2,42.4,26.2,59,6652,1,10435,70.9,1.03,7.56,63.1,1
208,34,23,1,23.12,39,71,0,51.2,32.3,25.8,66,3344,1,10504,71.0,1.02,6.87,63.3,1
208,35,23,1,23.02,49,107,60,48.3,36.5,26.5,66,7315,1,10249,70.8,0.99,6.68,65.2,1
208,36,23,1,23.85,59,137,51,37.9,39.3,26.0,66,4863,1,10750,70.8,0.97,6.08,65.5,0
208,37,23,1,23.81,89,96,24,54.9,42.2,27.1,68,5454,1,11124,71.1,1.01,5.62,66.0,0
208,38,23,1,23.67,37,181,32,32.0,42.2,26.1,66,4305,1,11382,70.8,1.03,5.99,66.9,0
209,14,30,2,24.06,45,180,42,66.5,29.7,17.9,66,5961,2,9649,65.8,1.68,6.0,66.3,0
209,15,30,2,24.19,43,184,0,55.4,37.7,17.6,70,4147,2,10512,67.1,1.71,5.67,66.5,0
209,16,30,2,23.77,38,191,55,57.5,31.5,18.2,67,4434,2,11729,67.7,1.79,6.18,66.9,1
209,17,30,2,23.07,30,207,0,48.9,35.9,16.4,70,4982,2,12964,67.2,1.74,6.71,66.9,1
209,20,30,2,22.7,42,112,0,38.5,34.3,17.7,64,3639,2,11683,65.1,1.57,7.19,22.3,0
209,21,30,2,23.93,38,135,51,55.2,34.4,18.4,66,6826,1,12255,62.9,1.49,5.96,25.6,0
209,22,30,2,23.9,66,136,79,37.9,30.3,17.0,64,6081,2,10366,65.4,1.64,6.18,23.9,0
209,23,30,2,23.27,47,227,0,49.5,34.2,18.3,66,4124,2,10071,65.2,1.57,6.54,22.6,0
209,24,30,2,24.47,38,198,44,44.7,30.1,18.5,66,3382,1,10502,64.4,1.47,5.75,26.2,1
209,27,30,2,24.6,61,91,0,46.8,36.5,17.8,61,4171,1,11073,50.1,1.37,5.34,61.2,0
209,28,30,2,24.49,50,159,22,49.4,26.4,17.9,69,3103,2,11292,50.6,1.41,5.52,57.6,0
209,29,30,2,24.34,38,204,0,39.3,31.5,17.6,67,3513,1,10727,50.7,1.45,5.62,56.8,0
209,30,30,2,25.48,51,184,0,41.8,31.0,16.9,66,3248,1,10663,50.9,1.45,4.3,55.8,0
209,31,30,2,24.59,57,223,0,42.0,36.0,17.7,68,9268,2,11459,51.4,1.59,5.17,55.0,0
209,34,30,2,22.78,17,131,0,45.6,35.4,17.8,63,4858,2,11541,52.8,1.64,6.8,59.2,1
209,35,30,2,22.8,33,154,0,45.4,35.9,17.2,67,4684,2,11052,52.2,1.67,7.14,60.5,0
209,36,30,2,23.39,42,147,55,43.2,31.5,18.2,61,4352,2,11183,50.5,1.58,6.42,60.5,1
209,37,30,2,24.01,31,134,77,59.3,42.5,17.1,65,5860,1,11226,49.5,1.57,5.87,62.5,1
209,38,30,2,22.18,14,203,0,42.7,35.5,18.3,69,4494,2,10760,50.6,1.61,7.76,61.8,0
210,14,31,1,22.43,3,148,35,24.3,30.1,26.4,58,6303,1,10901,75.4,1.23,6.56,49.8,0
210,15,31,1,22.86,22,171,49,28.4,25.0,26.3,59,5908,1,11373,75.0,1.2,6.37,49.5,1
210,16,31,1,22.55,26,181,0,19.0,30.5,25.7,63,11003,1,11121,75.3,1.22,6.31,50.0,0
210,17,31,1,21.61,4,213,0,39.5,30.5,25.7,62,5883,1,11195,75.9,1.28,7.41,50.1,1
210,20,31,1,23.32,0,141,0,16.1,32.1,25.7,54,6044,1,9523,61.4,1.22,5.81,53.3,1
210,21,31,1,23.16,22,118,106,22.6,27.0,25.3,61,7214,1,9639,62.3,1.25,6.03,54.1,1
210,22,31,1,23.0,20,195,68,37.4,34.5,25.6,63,8779,1,8873,62.3,1.23,6.07,54.4,0
210,23,31,1,22.77,15,205,109,38.3,34.0,24.6,63,7983,1,9992,62.9,1.27,6.36,53.8,0
210,24,31,1,22.95,16,171,0,13.0,35.4,25.8,64,11823,1,8723,62.7,1.21,6.13,53.8,0
210,27,31,1,23.18,3,97,84,29.3,31.1,25.6,61,8637,1,8719,62.0,1.23,6.02,53.7,1
210,28,31,1,23.37,32,145,0,35.6,32.8,25.6,59,8572,1,8045,62.5,1.27,5.72,52.6,0
210,29,31,1,22.75,16,182,68,21.5,25.2,25.1,62,8040,1,8722,63.2,1.33,6.61,52.2,1
210,30,31,1,22.52,25,196,119,24.5,26.6,26.1,64,8663,1,9662,63.3,1.31,6.72,53.6,1
210,31,31,1,23.39,16,178,54,28.3,35.1,24.3,63,6467,1,9854,63.7,1.28,5.79,53.6,0
210,34,31,1,23.67,14,100,75,11.0,30.6,24.7,58,7804,1,11169,72.4,1.35,5.81,54.5,0
210,35,31,1,22.83,0,156,0,29.8,26.3,25.8,56,6327,1,11305,72.4,1.35,6.23,55.0,0
210,36,31,1,22.8,32,161,59,22.4,32.7,25.7,63,10162,1,11211,71.9,1.33,6.23,53.8,0
210,37,31,1,22.15,30,207,73,20.0,27.1,24.6,61,8041,1,10582,71.6,1.32,7.09,52.7,0
210,38,31,1,22.85,0,176,30,22.7,38.5,26.4,60,7378,1,10887,70.7,1.27,6.15,53.8,0
211,14,26,1,22.99,20,94,0,54.1,29.9,19.0,74,5321,1,9558,56.3,0.67,6.88,55.6,0
211,15,26,1,23.44,8,37,56,50.4,29.6,19.4,70,5921,1,11105,56.5,0.69,6.52,55.6,1
211,16,26,1,22.31,20,99,14,31.2,38.7,20.2,70,6146,1,12208,57.3,0.77,7.64,56.1,1
211,17,26,1,22.73,8,28,74,40.8,33.0,19.6,72,6576,1,11781,56.5,0.7,7.37,57.5,1
211,19,26,1,23.88,38,21,0,37.4,28.6,19.0,66,3972,1,11605,55.4,0.65,7.11,74.4,1
211,20,26,1,22.83,30,55,0,33.5,33.4,19.6,67,3693,1,11560,55.3,0.7,6.96,66.4,1
211,21,26,1,22.64,0,64,61,39.2,32.3,19.1,71,4582,1,11249,57.1,0.76,7.34,66.4,0
211,22,26,1,22.65,21,23,0,40.1,31.8,19.1,70,5624,1,12642,57.1,0.72,7.15,65.2,0
211,23,26,1,22.5,44,66,33,56.2,46.9,19.6,72,7689,1,13105,57.9,0.75,6.97,63.7,1
211,24,26,1,22.91,0,53,21,29.5,33.9,20.3,72,5223,2,12795,56.7,0.73,7.04,64.0,0
211,25,26,1,23.37,47,32,45,29.5,43.7,19.4,68,6976,1,12806,56.4,0.63,7.5,64.7,1
211,27,26,1,21.66,20,0,0,49.3,36.6,19.2,66,7948,1,12734,70.2,0.7,7.24,70.3,1
211,28,26,1,22.7,6,58,20,34.8,42.3,19.9,67,8068,1,12008,65.0,0.66,7.04,71.1,0
211,29,26,1,22.78,30,32,43,46.8,32.9,19.4,68,4235,1,10980,64.7,0.65,7.12,71.6,0
211,30,26,1,23.39,28,69,0,52.5,33.4,20.0,70,4195,1,9334,64.6,0.61,6.34,73.2,0
211,31,26,1,22.73,32,75,0,49.0,35.3,19.4,69,4078,1,8964,65.1,0.7,7.1,73.2,1
211,34,26,1,22.51,3,40,0,31.3,33.7,19.2,67,5476,1,9825,69.7,0.66,7.61,72.6,0
211,35,26,1,22.68,29,6,0,38.6,39.6,20.8,70,3524,1,9672,69.7,0.61,7.26,72.6,0
211,36,26,1,23.11,37,37,0,40.2,34.1,21.2,69,4330,1,8338,69.7,0.62,6.68,72.6,0
211,37,26,1,22.58,13,75,66,41.1,39.3,19.9,70,6520,1,7986,70.0,0.65,7.23,72.1,0
211,38,26,1,22.06,24,54,0,45.1,42.1,20.7,70,7396,1,7781,70.6,0.63,7.71,72.1,1
212,14,39,0,21.6,70,8,51,44.3,35.6,19.8,61,7003,0,4836,56.7,0.34,8.02,73.7,1
212,15,39,0,22.2,61,12,0,47.9,29.3,19.9,58,5602,0,4873,56.4,0.3,7.46,73.7,1
212,16,39,0,22.67,56,47,95,42.7,31.2,20.8,61,9541,0,4924,56.5,0.37,7.89,74.3,1
212,17,39,0,21.04,76,22,29,47.1,29.3,20.3,62,4730,0,5297,56.1,0.37,8.03,73.5,1
212,20,39,0,22.56,62,44,58,63.4,27.6,20.0,64,9562,0,5371,72.3,0.36,7.84,77.1,1
212,21,39,0,22.02,68,23,0,50.3,31.1,20.9,68,9238,0,6090,73.3,0.4,8.1,76.9,1
212,22,39,0,21.39,77,4,26,44.0,25.8,20.2,62,5085,0,5894,73.0,0.37,7.19,76.9,1
212,23,39,0,22.37,58,70,102,40.4,30.2,21.5,64,8943,0,5905,71.2,0.39,7.92,77.1,1
212,24,39,0,21.66,77,89,0,55.7,30.8,20.8,64,8118,0,5935,70.8,0.44,7.9,76.9,1
212,27,39,0,21.33,54,43,21,60.8,29.9,20.8,59,6694,1,5055,68.0,0.41,7.9,79.5,1
212,28,39,0,23.38,48,18,0,49.2,27.4,20.9,64,4040,1,5224,67.4,0.42,7.05,79.5,1
212,29,39,0,23.34,56,32,53,58.0,27.5,20.1,64,13510,1,5888,65.2,0.49,7.09,79.5,1
212,30,39,0,22.3,60,31,48,61.1,28.9,20.5,65,8929,1,6907,63.4,0.52,8.04,79.4,1
212,31,39,0,23.04,79,71,47,49.7,25.9,20.8,61,8052,1,6512,64.0,0.51,7.37,80.0,1
212,33,39,0,21.52,74,16,109,29.4,24.1,20.4,61,8887,1,6243,68.3,0.51,8.35,72.6,1
212,34,39,0,21.41,44,38,26,53.9,27.8,21.6,60,5765,1,6314,67.6,0.44,8.13,61.9,1
212,35,39,0,22.31,61,30,91,49.5,33.8,21.3,61,7445,0,5400,66.3,0.42,7.68,61.9,0
212,36,39,0,22.41,36,54,40,45.6,31.7,21.6,60,6945,0,5703,66.3,0.45,8.03,61.9,1
212,37,39,0,23.05,42,41,83,41.1,33.8,21.5,60,7257,0,5691,70.7,0.39,7.34,61.7,0
212,38,39,0,21.49,63,23,58,51.2,27.6,20.1,63,7605,0,5925,70.1,0.43,7.94,61.7,0
213,14,23,1,22.53,31,63,10,30.7,32.6,22.3,62,6502,0,6291,80.0,-0.27,7.84,73.8,0
213,15,23,1,22.55,41,81,24,39.4,30.4,22.1,63,5307,0,5869,79.5,-0.22,8.03,73.7,1
213,16,23,1,23.59,24,93,37,36.5,31.2,22.8,60,7641,0,5995,78.8,-0.28,7.2,73.8,0
213,17,23,1,22.27,36,66,34,40.9,24.6,22.2,63,6753,0,6060,78.8,-0.24,7.87,73.8,0
213,20,23,1,22.61,9,21,22,40.0,26.4,22.5,62,6581,0,6129,73.3,-0.28,8.4,79.0,0
213,21,23,1,22.67,35,68,6,28.5,25.6,22.4,60,4937,0,6348,73.3,-0.34,8.06,78.9,1
213,22,23,1,21.88,16,55,0,38.4,30.1,21.4,60,4879,0,6578,73.2,-0.35,8.0,78.9,1
213,23,23,1,23.34,17,70,0,37.2,31.1,21.4,65,5670,0,6562,70.4,-0.36,7.34,78.5,1
213,24,23,1,23.56,48,47,0,37.6,33.4,22.3,63,4324,0,6622,70.3,-0.36,7.02,78.5,1
213,25,23,1,23.37,51,53,120,24.0,28.3,22.0,62,6096,0,6364,70.7,-0.25,8.62,78.5,0
213,27,23,1,23.43,45,37,17,46.6,30.2,23.0,65,6230,0,6527,73.3,-0.29,7.1,63.4,0
213,28,23,1,22.76,36,57,45,19.8,36.0,21.7,60,5792,0,5672,73.2,-0.26,8.08,62.6,1
213,29,23,1,23.51,20,91,44,25.0,29.7,23.3,61,4010,0,5749,73.7,-0.28,6.91,63.1,1
213,30,23,1,23.43,58,71,102,42.9,29.3,22.0,63,5107,0,5554,74.0,-0.2,7.28,63.1,1
213,31,23,1,23.23,33,66,0,31.7,35.5,22.3,62,4280,0,5587,74.2,-0.21,7.42,63.9,1
213,34,23,1,22.47,35,83,0,11.9,31.5,21.3,61,5654,0,5738,74.3,-0.28,7.7,89.2,1
213,35,23,1,22.71,24,94,44,25.2,30.9,21.9,61,6934,0,5470,72.8,-0.23,7.84,89.2,0
213,36,23,1,22.7,33,93,32,40.2,27.9,22.7,64,4716,0,5301,72.7,-0.21,8.03,89.2,1
213,37,23,1,23.01,22,65,21,26.0,28.5,21.5,62,5357,0,4897,76.9,-0.22,7.94,89.2,1
213,38,23,1,22.97,22,87,0,38.1,30.1,22.1,62,3929,0,5966,76.9,-0.26,7.68,88.8,1
214,14,28,0,22.49,61,74,78,78.3,30.6,23.1,60,7579,1,9198,78.2,0.6,6.58,80.8,1
214,15,28,0,21.56,33,83,0,76.8,30.7,22.0,62,12448,1,9658,78.1,0.62,7.72,79.7,1
214,16,28,0,22.25,48,64,0,56.1,27.4,22.8,58,8882,1,9639,77.1,0.55,6.9,80.4,0
214,17,28,0,22.72,61,74,0,77.6,32.5,23.1,61,8124,1,8855,77.2,0.55,6.38,80.4,0
214,18,28,0,22.51,71,40,120,55.5,30.8,23.4,61,11952,1,9086,77.7,0.59,7.49,78.5,0
214,20,28,0,22.64,72,38,120,68.7,33.1,23.1,60,6824,1,8905,78.1,0.58,6.83,79.9,0
214,21,28,0,23.03,53,76,52,92.7,23.4,23.6,64,8736,1,8673,78.0,0.57,5.93,79.5,0
214,22,28,0,22.3,64,105,11,68.9,28.6,23.8,63,9040,1,8759,78.8,0.67,6.57,80.7,1
214,23,28,0,22.3,59,119,110,75.9,24.0,24.9,63,12984,1,8544,78.7,0.7,6.79,80.3,0
214,24,28,0,22.2,62,91,0,80.1,26.9,23.5,65,5752,1,8648,78.6,0.68,6.94,79.9,1
214,27,28,0,21.48,39,13,0,66.3,28.9,23.8,60,7269,1,9211,82.3,0.69,7.48,88.6,1
214,28,28,0,22.79,71,49,120,78.3,28.5,23.9,59,10111,1,9139,80.9,0.7,6.6,88.8,1
214,29,28,0,21.95,61,83,106,86.6,29.4,23.9,64,10687,1,9026,80.8,0.7,6.6,88.8,0
214,30,28,0,22.0,45,105,64,67.5,29.1,23.0,61,11080,1,9595,79.9,0.78,7.48,89.4,1
214,31,28,0,22.09,48,87,0,68.4,24.1,24.7,61,6824,1,8755,80.0,0.74,6.92,89.4,1
214,34,28,0,22.64,56,10,0,82.1,24.6,24.2,61,4387,1,7261,78.5,0.67,6.3,73.3,1
214,35,28,0,22.16,61,78,29,74.6,31.1,24.0,66,6298,1,7901,78.6,0.7,6.91,73.3,0
214,36,28,0,22.05,24,57,13,74.9,33.7,24.9,64,8076,1,8006,78.4,0.63,7.03,73.7,0
214,37,28,0,22.52,73,92,0,80.3,30.3,24.7,62,12810,1,8424,78.3,0.6,6.31,72.0,0
214,38,28,0,21.87,50,120,0,80.3,28.3,24.4,61,8075,1,8413,78.3,0.64,7.1,72.0,1
215,14,27,2,23.81,54,171,69,38.9,33.7,18.1,68,7765,2,17345,38.7,2.53,4.94,4.6,0
215,15,27,2,24.36,81,171,87,57.5,27.6,19.0,68,9436,2,17610,37.8,2.42,4.66,5.2,0
215,16,27,2,23.73,78,88,45,60.2,27.3,17.6,70,7169,2,17610,38.5,2.45,5.09,4.4,0
215,17,27,2,23.11,78,125,23,51.4,31.7,18.4,66,7225,2,17528,38.7,2.45,5.67,4.4,0
215,18,27,2,25.22,98,125,0,58.8,32.0,19.2,70,4500,2,17609,36.9,2.3,4.85,4.8,0
215,20,27,2,23.48,53,73,0,62.1,29.3,18.1,65,5688,2,18964,42.9,2.46,5.47,36.2,1
215,21,27,2,25.0,70,115,24,55.3,27.6,18.6,65,8293,2,18818,43.8,2.46,4.0,37.9,0
215,22,27,2,23.51,54,164,35,44.8,30.1,19.0,70,7148,2,17887,44.9,2.49,5.56,37.9,0
215,23,27,2,24.33,69,140,0,47.3,24.6,18.9,67,4237,2,17207,45.2,2.48,4.76,39.0,0
215,24,27,2,24.19,53,142,13,45.4,31.6,19.1,67,5113,2,17207,45.2,2.39,4.72,40.9,0
215,27,27,2,23.6,50,22,0,41.8,29.4,19.3,60,5351,2,19469,44.5,2.17,5.5,14.7,0
215,28,27,2,24.15,79,106,0,65.2,29.3,18.2,66,9880,2,18863,45.0,2.17,4.72,15.3,0
215,29,27,2,24.78,76,131,0,58.0,35.0,20.1,71,4114,2,19053,45.5,2.19,4.08,15.9,0
215,30,27,2,24.9,73,110,50,56.6,33.1,18.9,71,8466,2,19053,45.6,2.23,3.94,13.1,0
215,31,27,2,23.63,76,103,31,39.7,24.1,18.0,69,7709,2,18812,46.6,2.31,5.35,12.8,0
215,34,27,2,23.92,76,82,0,45.5,32.4,19.7,66,7619,2,16402,47.4,2.24,4.7,14.2,0
215,35,27,2,24.16,78,161,0,65.3,33.0,19.8,64,6417,2,16922,47.6,2.29,4.67,12.9,0
215,36,27,2,25.33,67,175,0,55.1,28.1,19.6,68,7804,2,17852,47.0,2.24,3.5,12.3,0
215,37,27,2,24.11,81,157,0,60.2,23.2,20.2,67,5520,2,19320,48.1,2.39,4.83,13.0,0
215,38,27,2,22.82,51,106,32,44.5,29.9,19.0,66,5786,2,19320,47.8,2.39,6.22,12.6,0
216,14,30,1,23.83,52,21,17,51.9,27.1,20.3,56,11277,0,6048,63.3,-0.23,6.76,79.2,0
216,15,30,1,22.95,33,52,73,42.9,26.3,19.7,56,11511,0,5762,63.6,-0.22,7.9,80.0,1
216,16,30,1,23.48,45,19,30,50.3,30.0,20.5,54,8091,0,6446,63.5,-0.23,7.19,80.0,0
216,17,30,1,23.47,21,41,41,39.4,28.6,20.9,53,11219,0,6879,63.5,-0.2,7.32,80.5,1
216,19,30,1,22.25,63,0,95,31.5,26.0,20.2,54,11938,0,6701,68.1,-0.15,8.11,73.3,1
216,20,30,1,21.99,47,47,120,43.0,28.4,21.2,56,10488,0,6762,70.3,-0.12,8.45,73.2,1
216,21,30,1,23.88,22,14,32,44.9,28.7,19.8,54,7901,0,6139,68.5,-0.16,6.86,73.3,0
216,22,30,1,23.2,31,17,23,44.4,29.8,19.9,50,10983,0,6004,68.3,-0.08,7.55,73.3,1
216,23,30,1,24.38,39,17,57,38.4,26.8,19.3,56,8971,0,5900,68.9,-0.07,6.42,72.4,1
216,24,30,1,22.86,0,67,0,44.3,28.7,20.7,56,11671,1,5784,68.3,0.02,7.98,71.7,1
216,26,30,1,23.82,35,0,50,32.1,34.5,20.4,53,12749,1,5866,74.1,0.04,8.06,77.2,1
216,27,30,1,23.62,61,36,100,50.6,22.9,18.3,54,9575,1,6122,72.7,0.01,7.08,89.3,1
216,28,30,1,23.78,19,2,0,40.1,22.5,19.7,53,5902,1,6139,73.1,0.07,7.03,89.2,0
216,29,30,1,23.28,46,45,62,64.9,33.3,18.8,55,8763,1,5915,73.1,0.05,7.35,92.7,1
216,30,30,1,22.69,66,16,78,39.4,33.4,20.0,56,9367,1,5349,73.2,0.09,7.45,92.7,1
216,31,30,1,22.71,38,53,0,58.7,33.9,20.7,57,8182,1,4743,71.4,0.07,7.8,93.5,1
216,34,30,1,22.91,25,29,0,35.9,29.7,19.1,54,10812,1,4950,73.8,0.08,7.95,73.5,1
216,35,30,1,22.49,45,25,36,64.0,29.7,20.1,55,7878,1,4822,76.6,0.12,8.04,72.9,0
216,36,30,1,22.19,25,0,0,27.6,29.0,19.0,55,6667,1,4889,75.3,0.03,7.51,73.0,0
216,37,30,1,24.33,13,22,64,31.7,27.8,19.7,54,9822,1,5053,71.1,0.04,6.56,73.0,0
216,38,30,1,24.01,63,48,0,45.5,30.5,18.8,60,12246,0,5685,71.1,0.03,6.64,72.9,1
217,14,33,2,24.01,59,174,87,66.8,53.7,24.0,67,7111,2,17171,61.9,1.86,5.5,35.1,0
217,15,33,2,22.55,28,165,45,52.1,51.1,23.7,68,7385,2,18628,62.2,1.91,7.03,34.5,0
217,16,33,2,23.7,31,174,29,58.8,53.0,23.1,68,10560,2,19321,58.5,1.78,6.09,35.0,0
217,17,33,2,24.11,63,151,57,42.9,51.4,23.2,70,8886,2,18682,57.7,1.7,5.58,34.4,0
217,19,33,2,24.66,38,125,51,39.3,49.1,23.5,61,12599,2,18727,58.0,1.75,6.2,59.9,1
217,20,33,2,23.78,33,142,46,54.5,43.3,22.5,65,7438,2,18693,57.6,1.78,6.23,61.8,0
217,21,33,2,23.05,25,197,24,57.4,57.7,23.3,62,8223,2,17920,57.3,1.66,6.39,61.9,0
217,22,33,2,23.31,13,175,0,46.5,46.6,23.7,66,8966,2,17547,55.1,1.58,6.58,63.7,1
217,23,33,2,23.64,34,189,20,74.5,42.7,23.6,72,5971,2,18173,54.6,1.53,6.0,64.6,0
217,24,33,2,23.63,40,172,0,47.4,52.9,23.6,66,5650,2,16721,54.0,1.49,5.89,66.1,0
217,27,33,2,23.11,34,146,0,55.3,48.6,22.2,66,9070,1,14400,58.1,1.38,6.58,48.1,1
217,28,33,2,23.94,39,145,0,49.2,53.3,22.8,65,6583,1,14390,57.2,1.3,5.62,49.6,0
217,29,33,2,23.43,39,163,46,45.5,46.7,23.5,66,6244,1,14823,57.1,1.29,6.3,49.6,0
217,30,33,2,23.54,50,191,0,55.2,44.1,24.2,71,5543,1,13542,58.8,1.34,6.02,48.1,0
217,31,33,2,24.69,52,163,118,61.3,52.3,23.6,71,10442,2,13323,58.4,1.35,5.03,47.5,0
217,34,33,2,24.4,54,138,0,42.3,50.5,23.6,63,8166,2,13728,62.6,1.33,4.98,58.3,0
217,35,33,2,23.27,36,153,23,38.0,47.0,23.6,69,7265,2,14248,62.6,1.42,6.31,57.6,0
217,36,33,2,24.2,33,155,120,70.6,48.1,23.8,68,8208,2,14102,63.2,1.43,5.5,56.3,0
217,37,33,2,23.47,10,222,0,57.3,45.8,23.1,67,7046,2,13800,63.7,1.5,6.36,57.6,0
217,38,33,2,23.13,36,148,0,34.2,45.4,23.5,68,7233,2,14392,63.7,1.48,6.7,58.9,1
218,14,24,1,23.96,36,179,14,22.7,26.8,24.0,63,7271,0,4687,60.8,0.64,6.73,78.7,1
218,15,24,1,22.47,56,180,88,6.3,28.8,22.8,60,11001,0,4440,59.2,0.63,6.89,78.3,0
218,16,24,1,23.78,42,224,44,0.0,30.4,22.4,62,9438,0,4742,58.5,0.7,7.21,78.3,1
218,17,24,1,23.44,38,188,0,24.1,31.5,22.4,65,6132,0,5016,58.2,0.68,7.3,78.0,1
218,20,24,1,23.56,76,165,0,19.3,29.2,21.2,60,4355,0,5418,58.3,0.64,6.77,76.4,1
218,21,24,1,23.21,69,224,0,24.2,29.4,23.6,61,2897,1,5205,58.5,0.67,7.43,76.4,1
218,22,24,1,23.46,49,198,52,12.6,28.5,22.8,59,8324,1,5117,58.7,0.69,6.76,76.6,0
218,23,24,1,23.14,41,209,21,16.2,30.8,21.9,61,5058,1,5112,60.8,0.72,7.62,76.6,1
218,24,24,1,21.28,30,236,22,4.6,33.2,21.0,57,6611,1,4655,63.8,0.72,8.24,76.7,1
218,25,24,1,23.64,65,173,52,0.4,34.1,23.4,61,5119,1,4618,66.2,0.6,7.02,76.7,1
218,27,24,1,23.24,56,262,37,26.1,26.0,22.4,61,5223,1,4895,69.0,0.63,7.43,91.6,1
218,28,24,1,23.55,28,214,93,3.4,43.0,21.7,59,12078,0,5438,69.0,0.65,7.46,92.1,1
218,29,24,1,23.94,33,209,76,37.4,22.4,21.4,61,8304,0,5450,69.1,0.6,7.05,91.6,0
218,30,24,1,22.98,30,217,0,10.7,30.4,22.7,62,6018,0,5152,71.8,0.58,7.41,91.2,1
218,31,24,1,23.08,38,167,107,9.5,29.8,22.3,60,10304,0,5142,71.9,0.57,7.49,91.8,1
218,34,24,1,24.07,48,230,49,5.1,36.5,21.8,63,6852,0,4561,72.2,0.66,6.92,90.5,1
218,35,24,1,23.17,27,204,0,5.8,27.8,21.1,63,6924,0,4799,71.4,0.65,7.51,90.5,1
218,36,24,1,21.93,58,186,0,20.8,27.8,21.0,62,7764,0,4673,71.4,0.65,6.61,90.5,1
218,37,24,1,23.1,44,196,0,7.3,32.2,21.2,63,3889,0,4735,63.1,0.66,7.76,90.5,0
218,38,24,1,22.65,75,174,0,4.5,25.1,21.5,61,5042,0,4693,63.1,0.65,6.84,91.0,1
219,14,38,0,20.86,25,127,55,9.8,31.6,25.0,66,7346,0,4376,80.0,0.74,7.65,79.8,1
219,15,38,0,20.94,20,139,0,0.0,33.6,24.4,65,7291,0,4155,75.6,0.74,8.31,79.8,0
219,16,38,0,21.25,16,105,0,10.2,31.0,24.4,64,5223,0,4815,74.5,0.67,8.06,80.4,1
219,17,38,0,21.37,0,135,0,12.7,37.6,25.0,63,4910,0,4796,74.3,0.65,7.68,80.4,1
219,18,38,0,22.1,54,93,83,0.0,33.9,24.6,66,5069,0,5478,74.5,0.7,7.84,79.8,1
219,20,38,0,21.68,17,130,74,0.0,31.6,25.6,62,5068,0,5981,76.3,0.71,7.43,68.3,1
219,21,38,0,21.6,58,130,54,6.2,28.3,24.4,62,5671,0,6096,76.1,0.75,7.72,67.7,1
219,22,38,0,20.93,30,124,0,15.7,25.6,25.0,66,2619,0,6253,76.1,0.72,8.29,68.3,1
219,23,38,0,21.37,7,88,0,9.7,27.9,24.4,61,3831,0,6399,75.3,0.65,7.78,67.7,1
219,24,38,0,22.55,28,100,70,16.0,35.1,24.2,63,5675,0,5936,75.0,0.62,6.87,67.7,1
219,25,38,0,23.17,40,96,0,19.6,32.7,26.1,67,6086,0,5596,74.4,0.66,6.94,67.7,1
219,27,38,0,22.0,54,114,18,22.8,26.4,23.2,62,4710,0,5700,70.3,0.67,7.42,92.2,1
219,28,38,0,22.14,31,106,0,13.0,28.5,26.0,67,5272,0,5807,70.2,0.65,6.89,90.7,1
219,29,38,0,21.63,21,146,52,10.4,35.2,24.4,66,5278,0,5994,73.2,0.71,7.66,90.7,1
219,30,38,0,21.29,27,103,72,10.0,34.6,24.6,67,7088,0,5374,74.3,0.75,8.16,90.7,1
219,31,38,0,21.28,13,131,58,0.0,36.5,25.7,64,5146,0,5845,74.5,0.75,7.42,91.3,1
219,34,38,0,21.8,29,138,0,9.8,31.7,24.7,65,4734,0,4665,73.9,0.79,7.47,79.9,0
219,35,38,0,21.69,21,101,16,0.0,35.6,25.5,65,6312,0,4445,74.1,0.78,7.53,78.4,0
219,36,38,0,22.41,7,107,0,5.3,39.1,25.8,61,5907,0,4557,74.1,0.8,6.67,77.7,1
219,37,38,0,21.96,38,131,0,19.6,32.9,26.1,66,5390,0,4860,75.6,0.91,6.86,77.7,1
219,38,38,0,21.55,21,181,0,18.3,33.5,25.2,66,4758,1,4921,76.1,0.98,7.38,76.8,1
220,14,31,0,21.91,6,50,57,21.9,33.1,29.7,56,10015,1,8590,71.4,0.78,6.5,75.9,0
220,15,31,0,21.93,35,121,12,27.3,40.7,30.0,59,11168,1,10534,71.5,0.83,6.3,75.9,1
220,16,31,0,21.65,2,100,77,34.8,31.8,30.0,61,9286,1,10743,71.5,0.85,6.69,75.9,0
220,17,31,0,21.56,8,113,0,24.0,29.1,30.0,58,12490,1,10381,71.8,0.86,6.84,77.2,0
220,18,31,0,22.14,14,113,0,30.4,29.9,30.0,59,7978,1,11409,72.2,0.9,7.28,78.1,1
220,20,31,0,22.18,24,47,13,37.6,30.6,30.0,58,6765,1,12115,78.4,0.95,6.23,85.1,1
220,21,31,0,21.84,15,69,0,21.0,37.4,30.0,62,11581,1,13678,79.2,1.02,6.4,86.2,0
220,22,31,0,21.41,0,101,57,22.4,28.9,30.0,61,9577,1,14622,80.0,1.07,6.96,85.4,1
220,23,31,0,21.75,8,76,75,18.3,26.5,30.0,61,9228,1,15088,79.4,1.06,6.71,85.7,1
220,24,31,0,21.15,0,96,102,24.6,35.8,30.0,59,9629,1,16139,79.4,1.06,7.38,85.4,1
220,27,31,0,20.72,16,30,43,11.2,33.9,29.9,55,7710,1,16343,77.8,1.04,7.15,70.7,1
220,28,31,0,22.16,27,43,0,33.8,29.8,30.0,54,6242,1,15542,75.8,1.03,6.1,70.7,0
220,29,31,0,21.51,0,88,66,26.8,32.8,29.7,59,8812,1,13909,75.9,1.06,6.88,72.0,1
220,30,31,0,21.93,6,96,34,29.0,33.0,30.0,61,7543,1,13954,75.6,1.02,6.45,71.5,1
220,31,31,0,21.26,10,72,77,19.4,31.3,30.0,62,10707,1,14827,75.8,1.04,7.37,70.7,1
220,34,31,0,21.96,0,43,85,24.8,36.3,30.0,56,7380,1,12800,69.8,0.92,6.56,79.3,1
220,35,31,0,22.03,0,74,29,25.6,33.5,29.8,59,6560,1,10985,69.8,0.9,6.28,78.5,1
220,36,31,0,21.61,0,101,81,41.0,34.0,29.5,62,12849,1,10029,70.0,0.91,7.0,78.1,1
220,37,31,0,21.81,0,74,81,14.5,36.8,30.0,60,8729,1,9434,70.4,0.9,6.67,77.5,1
220,38,31,0,21.28,0,114,0,30.9,33.8,30.0,61,5966,1,8879,70.4,0.91,7.0,77.5,1
221,14,21,0,22.07,37,144,24,65.1,37.7,21.2,64,4588,1,7456,67.5,0.84,7.63,75.0,0
221,15,21,0,21.1,31,134,56,39.3,37.0,20.9,65,7415,1,7776,72.5,0.79,8.14,75.0,0
221,16,21,0,22.22,45,111,120,52.4,37.5,21.9,62,8010,1,7464,69.8,0.73,7.62,75.8,1
221,17,21,0,22.19,4,121,0,62.4,36.3,21.0,63,4445,1,7340,70.2,0.72,7.29,75.8,0
221,19,21,0,22.42,46,67,62,50.7,40.3,20.8,66,4989,1,7819,72.2,0.73,7.72,67.2,0
221,20,21,0,22.03,12,128,0,39.5,32.6,22.6,60,5247,1,8814,74.1,0.7,7.66,75.7,1
221,21,21,0,22.42,33,125,120,60.9,34.9,20.4,65,8020,1,8168,74.1,0.71,7.65,75.7,1
221,22,21,0,21.49,20,112,16,61.5,38.8,21.1,65,5650,1,8633,74.1,0.71,7.46,75.7,0
221,23,21,0,21.57,16,126,0,42.3,35.8,20.4,64,7854,1,8750,72.2,0.7,8.06,75.7,1
221,24,21,0,21.67,44,100,0,53.8,36.1,21.2,67,8254,1,8310,71.4,0.68,7.34,75.4,1
221,27,21,0,21.97,21,123,42,51.2,41.4,20.4,66,5368,1,7313,72.5,0.68,7.66,77.1,1
221,28,21,0,21.05,4,83,0,43.5,35.4,20.4,60,4284,1,7631,72.8,0.66,7.25,77.7,0
221,29,21,0,22.56,9,113,0,58.3,43.6,21.2,65,5602,1,7670,68.5,0.69,6.88,77.7,1
221,30,21,0,21.75,43,134,52,54.0,35.7,21.5,66,5267,1,8179,69.8,0.78,7.64,77.5,0
221,31,21,0,22.24,49,127,0,66.7,31.5,21.3,66,5784,1,8267,69.6,0.78,7.79,76.8,0
221,32,21,0,23.1,31,145,0,44.7,38.8,21.3,65,3625,1,7609,69.4,0.74,7.89,76.7,0
221,34,21,0,22.71,18,114,0,47.2,34.9,21.6,63,5198,1,6634,66.0,0.75,7.24,72.7,1
221,35,21,0,21.13,37,109,32,64.0,39.3,21.4,67,6352,1,6553,65.6,0.78,7.24,72.3,0
221,36,21,0,22.46,47,145,0,57.8,36.7,21.0,65,3503,1,6649,62.5,0.81,7.05,72.3,0
221,37,21,0,22.39,2,113,29,61.5,42.5,21.3,66,6701,1,7244,63.5,0.84,7.64,72.4,1
221,38,21,0,22.51,47,136,0,64.9,36.5,21.2,63,8948,1,7321,63.6,0.87,7.68,72.0,1
222,14,21,0,22.28,28,23,88,63.0,36.7,19.4,55,10590,0,4859,78.9,-0.72,8.76,61.8,1
222,15,21,0,22.67,8,29,35,51.4,46.0,21.0,57,14205,0,4640,80.5,-0.74,8.51,61.9,1
222,16,21,0,22.15,6,32,84,53.6,37.9,21.1,57,12991,0,4686,81.3,-0.7,8.46,61.9,1
222,17,21,0,22.28,24,0,0,70.5,41.6,20.3,56,8729,0,4672,81.0,-0.67,8.64,61.8,1
222,19,21,0,22.32,32,9,100,39.1,41.7,19.6,59,9331,0,4323,84.5,-0.58,9.18,65.9,0
222,20,21,0,22.22,23,63,0,65.2,37.2,20.3,56,7488,0,4174,84.4,-0.63,8.9,67.9,1
222,21,21,0,22.52,9,0,0,54.0,45.1,20.1,57,6372,0,4426,84.7,-0.62,8.59,67.9,1
222,22,21,0,21.76,4,34,72,50.2,45.0,20.7,57,10463,0,4706,84.6,-0.58,9.02,67.9,0
222,23,21,0,21.96,6,0,120,48.2,40.3,20.6,57,10558,0,4813,84.4,-0.62,8.93,67.8,0
222,24,21,0,22.86,0,15,24,56.6,41.3,19.8,57,5097,0,4630,85.0,-0.61,8.25,67.6,1
222,26,21,0,22.5,11,0,0,44.8,43.4,21.4,57,7083,0,4944,86.6,-0.56,8.88,75.3,1
222,27,21,0,21.45,25,2,0,62.5,33.2,21.5,58,4643,0,4978,87.3,-0.55,8.68,75.3,1
222,28,21,0,22.44,12,15,55,47.6,38.9,21.4,58,12528,0,4661,84.2,-0.56,8.82,75.1,1
222,29,21,0,22.38,33,2,58,43.3,43.1,21.1,56,7430,0,4850,83.9,-0.57,8.08,75.1,1
222,30,21,0,21.76,17,32,34,70.5,39.6,20.7,58,11725,0,5005,84.4,-0.53,8.17,75.0,0
222,31,21,0,21.57,0,22,0,53.1,40.9,21.7,51,5768,0,4922,81.9,-0.51,8.87,75.1,1
222,33,21,0,22.98,36,0,0,46.3,41.7,21.5,57,6141,0,5334,78.6,-0.58,8.21,78.7,1
222,34,21,0,22.02,14,0,0,48.2,41.3,20.4,55,6880,0,5770,78.0,-0.51,8.21,79.0,1
222,35,21,0,22.58,9,23,0,75.8,37.7,20.9,58,9071,0,5720,77.3,-0.46,8.66,78.7,1
222,36,21,0,22.49,30,8,29,45.1,43.4,21.6,58,8653,0,5480,77.1,-0.46,8.04,78.7,1
222,37,21,0,22.08,22,11,51,61.2,43.9,21.2,60,6569,0,5540,77.4,-0.39,8.88,78.4,1
222,38,21,0,22.4,0,25,0,55.8,37.9,20.2,58,5676,0,5729,77.4,-0.39,8.52,78.1,0
223,14,30,0,22.76,59,69,41,90.6,32.9,20.2,56,10413,1,8388,66.0,0.47,7.66,76.5,1
223,15,30,0,21.66,22,70,92,90.9,34.4,20.2,57,11919,1,8006,66.1,0.39,7.23,75.5,1
223,16,30,0,23.02,26,60,0,73.7,34.4,19.9,57,14671,1,7987,64.5,0.43,7.21,76.2,1
223,17,30,0,21.87,41,81,120,82.3,33.1,20.5,55,12589,1,8347,64.3,0.42,7.64,76.8,0
223,19,30,0,23.31,28,35,44,66.8,24.0,19.7,54,9695,1,7890,62.1,0.38,7.1,77.8,0
223,20,30,0,22.35,58,65,64,83.8,33.9,20.5,55,7152,1,7935,61.3,0.37,7.78,69.9,1
223,21,30,0,22.71,23,55,120,74.8,33.0,19.3,55,9800,1,7752,61.4,0.41,7.84,69.9,0
223,22,30,0,22.03,35,36,0,72.2,35.8,20.1,55,7002,1,7650,63.7,0.37,7.57,69.5,1
223,23,30,0,21.32,35,32,0,56.3,26.7,20.4,56,8799,1,7104,64.3,0.33,7.47,69.9,1
223,24,30,0,22.67,31,51,106,75.5,35.2,19.3,57,10174,1,6521,61.6,0.34,8.17,67.3,1
223,27,30,0,20.92,33,68,0,89.4,35.4,20.8,56,14234,1,6091,58.7,0.28,7.56,79.8,0
223,28,30,0,22.35,40,60,73,77.0,37.3,19.6,56,10444,1,5570,58.6,0.27,7.26,79.8,1
223,29,30,0,22.35,34,94,0,89.5,29.8,19.9,53,10715,0,5539,58.9,0.3,7.18,79.7,1
223,30,30,0,21.09,36,103,47,96.5,36.1,19.9,58,8496,0,5072,60.5,0.3,7.35,79.7,0
223,31,30,0,23.26,36,87,32,78.9,27.3,19.9,56,16800,1,4927,57.3,0.29,7.57,82.7,0
223,34,30,0,22.17,12,80,17,84.6,31.0,20.4,56,5763,1,4635,55.3,0.34,7.02,60.8,0
223,35,30,0,21.87,52,88,101,83.8,30.5,21.0,58,9833,1,4939,55.0,0.39,8.04,60.7,1
223,36,30,0,22.15,23,66,37,86.5,31.0,20.5,53,11844,1,5103,55.6,0.38,6.88,60.7,0
223,37,30,0,21.81,27,71,81,68.2,29.4,20.7,53,8576,1,5382,55.3,0.43,7.74,60.5,1
223,38,30,0,22.35,40,97,43,87.1,32.0,21.4,57,9672,0,5495,57.0,0.41,7.24,60.4,1
224,14,29,0,21.34,36,41,18,37.0,41.9,19.7,64,8810,0,6318,82.3,0.16,7.1,88.5,0
224,15,29,0,22.01,38,44,79,41.1,38.4,20.4,66,11492,0,5836,76.6,0.21,8.26,88.3,1
224,16,29,0,21.28,27,10,53,45.3,34.9,20.1,63,7583,0,5947,76.6,0.21,7.41,87.5,0
224,17,29,0,22.37,39,1,120,44.0,32.6,21.7,61,13309,0,6747,73.6,0.2,8.08,86.8,1
224,20,29,0,21.92,37,13,0,31.8,36.2,20.7,59,9697,0,6515,70.6,0.17,7.28,79.9,1
224,21,29,0,21.44,36,6,120,41.7,34.3,21.1,65,12537,0,6529,70.3,0.21,8.44,79.9,1
224,22,29,0,22.53,24,36,60,55.4,35.8,20.5,61,9489,0,5777,70.5,0.14,7.72,79.5,0
224,23,29,0,21.81,15,33,51,41.9,40.2,21.8,58,10749,0,5320,69.9,0.17,7.53,79.5,0
224,24,29,0,22.61,50,27,0,48.6,34.7,21.2,63,8378,0,5433,69.7,0.19,7.29,79.5,1
224,25,29,0,21.98,74,1,0,37.9,35.9,21.5,63,7977,0,5524,69.9,0.24,7.96,79.2,1
224,27,29,0,22.36,56,0,0,52.1,47.0,20.9,60,12131,0,6113,70.2,0.19,7.22,82.2,1
224,28,29,0,21.83,1,44,16,34.6,30.7,21.9,64,6110,0,5773,70.9,0.24,7.86,80.9,1
224,29,29,0,21.26,28,10,66,40.8,38.3,21.6,65,12884,0,5420,74.8,0.18,8.0,80.0,1
224,30,29,0,21.59,8,21,74,45.4,31.7,21.4,63,10353,0,5066,72.9,0.2,8.46,80.0,1
224,31,29,0,22.82,48,0,114,63.4,30.5,21.2,61,10771,0,4297,76.5,0.12,7.46,80.0,0
224,34,29,0,21.8,13,29,0,45.5,36.9,20.8,64,5230,0,6041,79.5,0.24,8.42,79.7,1
224,35,29,0,23.06,38,20,16,54.8,39.7,21.3,63,4678,0,6007,80.2,0.16,6.95,79.7,1
224,36,29,0,22.32,31,39,64,56.9,33.1,21.0,63,12145,0,6255,79.7,0.27,7.83,79.7,0
224,37,29,0,21.54,12,0,21,41.4,39.4,22.7,65,9094,0,6310,80.0,0.26,8.16,79.7,1
224,38,29,0,21.39,20,20,13,43.3,35.2,22.0,61,9129,0,6558,80.2,0.22,7.94,80.3,1
225,14,30,0,21.54,9,59,109,34.4,32.8,20.6,56,14293,0,5642,65.6,0.67,7.64,62.9,1
225,15,30,0,21.52,29,136,0,33.7,34.4,20.4,54,7779,0,5596,66.4,0.6,7.94,62.9,1
225,16,30,0,22.74,38,32,37,49.4,39.1,21.6,53,6241,0,5265,69.5,0.58,7.45,62.8,1
225,17,30,0,20.92,21,72,5,37.0,29.1,20.9,55,8559,0,5169,69.3,0.59,8.14,62.8,1
225,20,30,0,22.17,39,33,47,48.4,32.7,22.6,53,5557,0,5016,70.3,0.56,7.69,75.6,0
225,21,30,0,23.12,37,45,40,41.0,29.6,21.3,51,9099,0,5218,70.9,0.52,7.27,76.8,0
225,22,30,0,22.0,13,46,117,24.2,30.8,21.7,57,10189,0,5055,69.7,0.59,7.69,76.0,1
225,23,30,0,22.65,43,66,62,39.9,32.9,21.2,53,10078,0,5863,71.3,0.57,7.66,75.3,1
225,24,30,0,21.71,23,44,60,43.5,37.1,22.0,51,8400,0,5683,71.4,0.57,6.88,75.3,0
225,26,30,0,21.71,30,28,28,34.3,35.7,21.1,54,5514,0,5607,64.0,0.58,7.63,72.4,1
225,27,30,0,21.51,27,76,120,45.8,34.4,21.6,55,14290,0,5633,64.3,0.6,7.87,87.1,1
225,28,30,0,22.01,16,30,22,25.2,33.5,20.8,53,5913,1,5734,64.0,0.58,7.04,88.4,0
225,29,30,0,21.2,0,64,55,33.7,24.0,22.0,56,5858,0,6310,64.4,0.63,8.31,87.7,0
225,30,30,0,22.47,2,61,0,34.6,35.6,20.9,50,12927,0,6259,64.1,0.6,7.36,87.7,1
225,31,30,0,21.38,12,68,0,51.3,32.5,21.7,53,6166,0,6280,64.8,0.61,8.23,86.1,0
225,34,30,0,22.65,32,108,80,51.3,40.0,21.6,52,11458,0,6958,68.6,0.57,7.48,77.3,1
225,35,30,0,22.17,24,44,0,34.2,37.6,21.6,54,7365,0,6868,68.2,0.59,7.53,77.7,0
225,36,30,0,20.71,22,56,0,35.8,39.0,21.0,53,7736,0,7074,69.9,0.57,7.37,78.2,1
225,37,30,0,22.21,24,67,0,33.8,30.0,20.5,55,8202,0,6625,63.8,0.59,7.19,78.2,1
225,38,30,0,21.67,34,95,45,37.5,40.1,22.2,57,7884,1,6585,64.8,0.63,7.54,79.2,0
226,14,22,2,24.35,61,127,0,65.7,38.9,24.7,68,3612,3,18726,34.1,2.37,4.52,19.0,0
226,15,22,2,24.14,52,170,61,47.0,35.8,23.4,67,7200,3,19704,33.6,2.35,5.34,20.3,0
226,16,22,2,23.47,45,154,0,52.1,37.0,23.7,68,11070,3,20460,34.5,2.34,5.62,18.2,0
226,17,22,2,23.64,57,193,50,61.6,34.4,23.7,72,6182,3,19780,33.7,2.25,5.66,17.1,0
226,20,22,2,24.59,50,103,120,67.1,42.8,23.2,63,6788,3,18325,36.7,2.09,4.74,12.1,0
226,21,22,2,22.94,69,126,0,56.5,37.7,23.7,70,6106,2,17687,38.8,2.17,6.03,12.1,0
226,22,22,2,23.92,31,142,0,64.5,43.3,24.5,71,4372,2,17211,37.7,2.15,5.08,10.3,0
226,23,22,2,23.99,44,153,27,52.1,40.2,24.2,69,6174,2,16718,36.9,2.11,4.99,12.5,0
226,24,22,2,23.74,54,168,38,65.2,40.7,23.4,72,6144,2,16802,36.7,2.07,5.4,13.1,0
226,27,22,2,23.53,50,61,36,41.6,36.3,23.9,66,8048,2,17478,41.9,2.09,5.63,24.1,1
226,28,22,2,23.94,46,128,0,49.6,37.8,24.6,70,5990,2,15997,41.5,2.07,5.06,24.1,0
226,29,22,2,24.93,42,132,86,61.4,30.6,23.7,73,8480,2,14779,41.3,2.03,4.33,24.9,0
226,30,22,2,23.81,23,183,14,42.0,33.5,23.0,70,5926,2,14681,41.5,2.11,5.52,24.9,0
226,31,22,2,23.83,61,189,0,44.1,28.3,23.5,72,4887,2,15361,42.1,2.11,5.09,25.5,0
226,34,22,2,23.93,49,114,0,49.6,37.6,23.1,63,5814,2,16406,42.2,2.21,5.3,37.1,0
226,35,22,2,24.76,39,170,0,49.0,32.4,23.7,68,6931,2,16683,41.7,2.17,4.37,37.1,0
226,36,22,2,25.59,45,174,0,54.7,31.4,23.5,73,4697,2,16903,44.1,2.29,3.5,36.2,0
226,37,22,2,24.99,43,147,0,59.6,34.5,22.5,68,4293,2,17396,45.2,2.4,4.38,35.2,0
226,38,22,2,25.28,53,172,67,48.1,36.4,23.1,69,5291,2,17396,46.4,2.44,3.96,34.3,0
227,14,32,1,22.59,5,229,21,54.9,33.3,23.6,62,4892,2,14374,63.7,1.37,6.91,42.4,0
227,15,32,1,23.32,63,238,0,52.0,41.3,23.3,65,4879,2,15088,63.6,1.33,5.62,41.7,0
227,16,32,1,23.95,34,285,46,18.8,30.5,23.3,65,5592,2,15658,63.3,1.4,5.57,43.6,0
227,17,32,1,23.36,31,311,0,26.7,31.6,24.5,64,4870,2,15716,63.8,1.44,5.7,42.3,0
227,20,32,1,22.47,22,173,63,40.4,35.5,23.8,60,7941,2,14993,59.0,1.37,7.02,60.9,1
227,21,32,1,23.48,47,166,0,39.6,33.4,23.3,63,4577,2,14887,58.8,1.31,5.74,61.6,1
227,22,32,1,22.72,24,262,0,31.9,37.7,24.3,63,4188,2,13990,58.7,1.28,6.54,62.4,0
227,23,32,1,21.83,31,237,0,38.1,34.1,24.1,63,5731,2,13244,58.7,1.3,7.35,59.9,0
227,24,32,1,22.94,37,202,16,30.3,38.5,24.0,62,5513,2,12855,56.6,1.18,6.33,60.4,0
227,27,32,1,22.45,44,177,40,14.8,36.7,24.0,58,4834,2,11728,61.7,1.2,6.77,49.4,1
227,28,32,1,22.37,0,203,2,24.9,35.6,23.2,63,6569,2,10536,60.8,1.12,7.08,48.0,0
227,29,32,1,22.68,13,207,0,44.6,45.7,24.2,62,4479,2,11056,60.5,1.11,6.59,47.4,1
227,30,32,1,23.59,12,249,28,29.6,37.9,23.3,64,4964,2,10247,60.2,1.04,5.74,49.6,1
227,31,32,1,23.28,35,268,120,33.5,37.4,23.6,63,6677,1,10131,60.3,1.03,6.16,49.1,0
227,34,32,1,21.14,28,210,0,36.0,32.7,24.8,60,5506,1,10218,62.1,0.99,8.09,49.4,1
227,35,32,1,23.17,72,195,32,37.3,33.0,25.1,62,5317,1,10354,59.0,0.92,5.73,50.3,0
227,36,32,1,23.21,21,259,68,43.7,40.0,23.5,62,8606,1,9604,58.7,0.92,6.28,50.3,0
227,37,32,1,23.18,45,230,75,37.4,40.8,23.9,64,8556,1,10890,59.1,0.93,6.0,50.3,0
227,38,32,1,22.39,36,236,0,38.3,28.6,25.6,66,5192,1,10455,61.0,1.03,6.64,49.7,0
228,14,40,2,24.95,67,194,0,68.2,29.9,20.2,71,2153,2,18360,47.7,2.23,3.52,29.7,0
228,15,40,2,24.42,48,201,13,51.6,41.0,20.3,73,3124,3,19537,47.8,2.3,4.19,29.3,0
228,16,40,2,24.3,100,212,44,74.0,36.9,21.0,75,4862,3,19797,48.3,2.33,4.24,28.5,0
228,17,40,2,23.41,80,211,29,84.4,39.5,21.1,75,3667,3,19797,48.3,2.28,5.33,26.1,1
228,19,40,2,24.79,90,135,0,85.6,35.6,21.1,69,3738,3,19801,50.1,2.31,4.87,69.3,0
228,20,40,2,24.49,72,205,59,60.2,39.0,20.1,71,3932,3,21339,54.7,2.49,4.13,15.8,0
228,21,40,2,24.36,67,266,0,66.0,38.9,20.0,75,2465,3,22320,56.1,2.57,4.23,15.9,0
228,22,40,2,23.81,58,176,0,69.6,29.0,21.8,73,2770,3,21470,56.4,2.58,5.12,14.4,0
228,23,40,2,24.34,66,202,50,50.3,37.0,21.7,72,6850,3,21378,56.1,2.52,4.53,12.8,0
228,24,40,2,24.25,69,213,0,63.5,42.8,20.7,75,4253,3,21378,57.0,2.44,4.29,13.4,0
228,25,40,2,23.57,64,188,0,62.3,41.2,20.5,71,2587,3,21160,56.6,2.45,6.33,14.0,0
228,27,40,2,23.72,47,169,0,79.3,42.1,19.8,69,4276,3,20053,47.2,2.41,4.86,17.4,1
228,28,40,2,23.55,76,207,0,74.5,30.2,22.0,70,2608,3,21557,46.7,2.35,5.02,18.8,0
228,29,40,2,24.25,74,196,45,53.2,34.6,21.8,71,5326,3,21557,45.6,2.24,4.46,19.5,0
228,30,40,2,24.04,67,233,0,76.1,37.8,21.5,76,3625,2,21043,45.5,2.22,4.4,19.5,0
228,31,40,2,24.56,69,199,0,74.4,36.1,20.5,71,3907,2,21043,45.2,2.21,3.84,20.9,0
228,34,40,2,24.29,70,129,38,80.0,39.9,20.3,67,4189,2,19522,44.2,2.1,4.34,16.2,1
228,35,40,2,23.65,54,183,88,49.0,39.6,21.8,71,5893,2,19403,44.1,2.09,5.11,15.6,0
228,36,40,2,24.48,70,249,0,76.8,38.8,20.7,73,5079,2,20254,43.6,2.02,3.89,16.5,0
228,37,40,2,24.5,61,216,0,75.8,36.5,20.9,74,2735,2,20984,43.7,2.11,3.99,17.2,0
228,38,40,2,24.21,36,225,0,79.5,43.2,22.4,74,2564,2,20984,43.5,2.15,4.56,18.1,0
229,14,20,2,24.91,76,30,76,68.8,30.5,27.8,70,7119,1,10177,69.8,0.06,6.32,81.7,0
229,15,20,2,23.44,80,43,91,49.8,33.3,27.2,66,8564,1,10745,69.8,0.09,7.98,80.5,0
229,16,20,2,24.53,86,16,0,65.0,32.9,26.5,69,4485,1,10519,69.9,0.08,6.88,83.2,0
229,17,20,2,24.61,67,9,0,53.8,29.9,27.0,69,3021,1,10335,71.6,0.14,6.62,82.3,0
229,20,20,2,25.23,62,6,28,56.1,33.1,27.7,68,6560,1,10844,74.0,0.2,6.11,70.6,0
229,21,20,2,24.83,76,20,0,50.5,34.4,28.4,70,9971,1,11214,74.7,0.27,6.14,71.3,0
229,22,20,2,24.2,82,35,19,55.6,41.5,26.9,73,9102,2,11404,74.7,0.34,7.08,70.7,0
229,23,20,2,24.72,66,48,6,38.1,28.8,27.4,67,6046,2,11313,75.0,0.36,6.37,70.7,0
229,24,20,2,23.71,68,62,62,54.3,25.3,26.5,71,5074,2,10951,75.1,0.41,7.71,70.3,0
229,27,20,2,24.55,68,39,28,52.5,29.6,28.4,69,4662,2,12494,75.9,0.34,6.69,77.2,1
229,28,20,2,23.29,77,4,84,42.4,29.8,27.8,67,5938,2,12583,75.9,0.34,7.76,76.7,1
229,29,20,2,24.4,62,0,38,64.7,29.2,27.5,65,6809,2,11429,73.2,0.24,6.89,78.5,1
229,30,20,2,24.47,56,26,0,47.6,38.1,27.7,66,5593,2,12235,74.3,0.32,6.69,78.9,1
229,31,20,2,25.24,70,43,0,37.4,34.7,28.1,68,6902,2,13727,74.2,0.33,5.75,78.8,0
229,34,20,2,23.05,90,0,0,48.5,34.5,27.1,68,4741,2,14592,73.2,0.35,7.99,75.3,0
229,35,20,2,25.02,65,0,53,38.2,35.7,27.6,65,10137,2,14757,70.5,0.21,6.37,75.3,0
229,36,20,2,25.11,78,24,0,51.7,33.3,27.5,67,6330,1,14639,70.3,0.2,6.08,73.1,0
229,37,20,2,23.8,67,35,63,47.7,29.0,27.1,71,7437,1,14397,70.5,0.27,7.54,72.2,1
229,38,20,2,23.52,71,29,0,44.5,39.8,27.3,69,8146,1,15040,69.9,0.19,7.58,72.2,1
230,14,24,2,24.28,80,36,0,38.5,33.4,19.2,64,2860,0,5193,85.4,0.48,7.56,93.5,1
230,15,24,2,24.43,62,93,0,41.7,33.7,19.0,63,2774,0,5038,86.2,0.52,7.36,92.5,1
230,16,24,2,24.44,76,70,0,58.6,38.3,18.3,64,3670,0,5082,87.0,0.46,7.19,92.0,0
230,17,24,2,23.52,62,61,0,34.0,34.5,19.3,60,4984,0,5266,87.1,0.49,7.35,92.0,1
230,20,24,2,24.4,57,55,20,32.5,31.1,19.2,65,5722,1,5863,82.2,0.5,7.45,79.6,1
230,21,24,2,24.21,74,61,0,34.6,37.4,18.3,62,2064,1,5659,82.9,0.5,7.56,80.0,1
230,22,24,2,24.72,85,56,0,27.3,29.5,18.8,58,4808,1,6128,82.8,0.46,7.1,80.8,1
230,23,24,2,23.6,63,44,13,33.9,35.4,20.7,60,4310,0,5316,83.1,0.49,8.31,80.8,1
230,24,24,2,23.91,64,31,0,28.8,32.4,19.6,60,3936,1,5342,82.7,0.43,6.93,80.2,1
230,26,24,2,24.28,103,5,0,25.4,29.1,20.0,61,2382,1,5871,80.0,0.49,7.32,75.1,1
230,27,24,2,23.71,52,32,20,19.4,31.9,19.4,65,3784,1,5979,80.2,0.49,7.43,77.2,0
230,28,24,2,24.23,81,59,10,42.9,32.8,19.9,62,2804,1,5829,78.7,0.48,7.42,76.9,1
230,29,24,2,24.14,74,14,0,32.6,27.4,20.1,56,3752,1,6035,78.8,0.49,7.09,76.9,0
230,30,24,2,24.64,83,49,0,36.4,24.8,20.8,63,1681,0,5567,78.5,0.51,7.06,76.9,0
230,31,24,2,24.3,65,30,20,27.3,32.2,19.5,58,4480,0,5518,78.3,0.52,7.63,76.9,1
230,32,24,2,24.77,97,8,0,29.9,29.9,20.3,57,4111,0,5542,81.2,0.5,7.86,76.9,0
230,34,24,2,24.05,81,75,0,36.2,30.0,19.3,60,2258,0,5599,81.7,0.49,7.59,77.5,1
230,35,24,2,24.15,55,42,48,26.7,32.7,20.1,61,4546,0,5780,81.7,0.48,7.7,78.1,1
230,36,24,2,24.22,73,20,0,29.8,30.5,21.1,61,2943,0,5231,81.7,0.47,7.12,78.8,1
230,37,24,2,24.32,88,53,102,37.4,27.1,19.6,63,5648,0,5534,82.0,0.47,7.62,79.5,1
230,38,24,2,24.51,65,51,0,41.5,34.1,20.1,62,2422,0,5496,82.1,0.52,7.26,79.5,0
231,14,24,1,23.26,8,0,65,15.0,54.3,21.8,54,9151,0,7028,78.4,0.09,7.45,92.0,1
231,15,24,1,21.55,13,46,12,34.1,59.1,22.1,54,7581,0,6742,78.7,0.06,7.09,92.0,1
231,16,24,1,22.34,23,58,50,28.0,57.4,21.7,55,8178,0,6672,70.2,0.07,7.09,93.0,1
231,17,24,1,23.08,24,23,54,25.9,55.5,23.4,55,5535,0,6485,68.7,0.11,7.31,93.0,1
231,20,24,1,22.4,10,3,0,14.2,49.6,23.4,54,4456,0,6456,71.2,0.02,7.35,88.4,1
231,21,24,1,22.34,25,29,0,26.3,52.8,23.0,54,10322,0,4903,70.6,-0.01,7.16,88.0,1
231,22,24,1,22.81,24,55,27,13.2,54.8,21.9,54,7263,0,5027,69.6,0.01,6.82,87.7,1
231,23,24,1,23.01,40,21,0,23.3,58.7,21.6,51,4121,0,5217,69.4,0.03,7.02,87.7,1
231,24,24,1,23.38,41,47,107,24.5,52.1,22.8,55,10724,0,5067,69.4,0.09,7.33,85.6,1
231,27,24,1,23.25,44,16,0,24.6,56.7,22.5,59,10130,0,4603,70.0,0.1,6.89,80.7,1
231,28,24,1,22.05,14,67,53,16.2,53.9,21.5,54,8011,0,4523,69.9,0.13,7.06,81.3,1
231,29,24,1,22.37,10,33,42,24.0,52.4,21.7,54,6131,0,4627,68.4,0.16,7.37,82.0,0
231,30,24,1,23.97,17,20,69,23.3,57.4,22.2,57,12054,0,5079,73.6,0.14,6.64,84.6,0
231,31,24,1,24.7,20,44,0,41.2,59.3,21.8,59,6733,0,5303,73.1,0.17,5.61,83.2,1
231,33,24,1,24.89,48,0,36,4.8,57.0,21.8,54,6693,0,5972,69.1,0.23,6.96,82.9,1
231,34,24,1,21.96,48,39,0,32.2,57.6,20.9,55,8138,0,6163,62.7,0.25,7.3,82.9,1
231,35,24,1,22.2,25,0,80,15.1,59.8,21.6,55,9556,1,6550,60.7,0.25,6.51,81.5,0
231,36,24,1,23.86,41,25,37,40.2,53.4,20.8,54,7993,1,6913,58.5,0.3,6.74,80.5,0
231,37,24,1,22.88,24,48,0,19.2,64.2,20.2,58,8660,1,7192,58.6,0.3,7.58,80.0,1
231,38,24,1,23.78,57,27,0,39.5,56.6,20.8,54,6937,1,7274,58.7,0.26,6.63,79.5,0
232,14,33,1,23.49,76,180,0,56.1,28.8,22.9,64,3932,2,12321,67.4,1.07,6.74,54.7,1
232,15,33,1,23.02,83,240,0,64.5,33.0,21.8,69,4000,2,11876,67.3,1.1,7.24,54.7,1
232,16,33,1,23.07,63,227,0,58.7,31.4,22.2,65,4483,2,11485,66.9,1.09,7.12,54.7,1
232,17,33,1,23.46,87,236,0,50.2,33.2,21.7,68,6049,2,11194,66.8,1.07,6.9,56.3,0
232,20,33,1,22.55,49,159,40,72.7,29.4,21.9,65,5095,2,10999,64.2,1.07,7.96,54.7,1
232,21,33,1,23.51,89,188,23,61.7,30.4,22.0,64,6008,2,10821,64.0,1.05,6.7,53.2,0
232,22,33,1,23.31,58,222,90,70.8,29.1,22.3,65,5996,2,10648,64.2,1.08,7.24,51.9,0
232,23,33,1,23.13,79,212,0,60.9,37.5,22.1,70,4550,2,9552,64.0,1.03,7.14,51.9,0
232,24,33,1,23.45,84,201,5,61.2,31.8,21.6,68,5138,2,10920,64.1,1.03,6.7,52.3,0
232,27,33,1,23.43,61,147,38,56.8,38.5,23.2,66,6063,1,9367,65.4,1.06,6.87,64.8,0
232,28,33,1,22.93,56,157,0,40.6,32.4,23.0,65,4973,1,9092,65.5,1.07,7.49,67.0,1
232,29,33,1,23.26,69,225,0,55.3,35.4,22.8,65,6881,1,9352,65.1,1.01,6.88,69.0,0
232,30,33,1,23.17,71,236,98,67.1,33.1,22.5,70,6447,1,9883,65.3,1.04,7.1,70.6,0
232,31,33,1,23.38,64,203,53,65.7,33.7,21.5,66,7765,1,10236,65.5,1.04,6.88,69.0,0
232,32,33,1,23.88,85,244,48,68.0,31.6,22.1,68,8689,1,11007,65.4,1.04,7.49,66.5,0
232,34,33,1,23.34,69,199,17,75.3,35.6,23.9,66,6415,1,11224,67.7,1.15,6.49,41.8,0
232,35,33,1,23.09,67,243,0,65.7,32.7,22.4,68,8082,1,11638,67.9,1.25,7.17,40.9,0
232,36,33,1,22.87,44,218,0,56.5,30.1,23.5,66,3154,1,12032,67.5,1.22,7.11,40.9,0
232,37,33,1,23.0,54,229,0,53.5,32.7,22.6,67,4514,1,13614,66.2,1.23,7.26,41.5,0
232,38,33,1,23.32,54,181,0,77.7,30.8,22.6,67,9133,1,12380,66.1,1.22,6.91,41.5,0
233,14,45,1,22.73,48,90,37,9.7,33.0,24.9,61,9266,2,16362,57.6,1.26,6.31,42.7,0
233,15,45,1,22.24,45,110,59,30.7,40.6,24.7,62,6966,2,16378,57.3,1.25,6.66,39.1,1
233,16,45,1,23.4,44,95,28,16.7,36.4,26.2,62,8304,2,17063,57.0,1.23,5.43,42.7,0
233,17,45,1,22.03,33,61,0,7.2,34.5,24.8,62,6826,2,17063,56.9,1.2,7.18,40.2,0
233,20,45,1,22.25,20,6,0,16.9,36.3,24.5,58,6843,2,16259,51.7,1.24,6.53,36.4,0
233,21,45,1,22.46,36,41,45,12.7,34.5,25.5,61,4180,2,16989,52.0,1.32,6.5,36.4,0
233,22,45,1,23.45,44,70,32,12.0,27.3,25.2,61,7034,2,18448,51.5,1.28,5.49,37.3,0
233,23,45,1,22.34,19,122,0,19.4,38.9,25.5,63,8378,2,18431,52.1,1.31,6.47,37.3,0
233,24,45,1,21.86,33,99,0,14.5,34.5,26.4,64,6222,2,18369,53.4,1.41,6.88,37.3,0
233,27,45,1,22.41,46,0,50,15.6,33.7,25.2,56,9123,2,16414,50.0,1.18,6.8,38.7,0
233,28,45,1,22.69,30,31,17,15.9,32.1,24.4,59,8872,2,16317,49.5,1.07,6.31,37.1,0
233,29,45,1,22.71,65,80,0,22.6,39.6,24.4,62,7162,2,16514,49.5,1.07,6.0,36.3,0
233,30,45,1,21.94,54,85,0,3.7,30.3,25.6,62,5590,2,15449,49.8,1.12,6.73,35.5,1
233,31,45,1,20.97,25,67,38,11.0,28.1,26.2,61,5556,2,13848,48.1,1.03,7.9,36.2,0
233,34,45,1,22.54,28,0,60,6.5,31.7,25.4,54,6254,2,13687,45.9,1.0,6.44,71.8,1
233,35,45,1,22.11,8,43,0,15.5,38.8,25.7,60,4025,1,13031,46.4,1.01,6.84,72.8,0
233,36,45,1,23.2,72,50,34,16.6,27.0,25.3,60,4612,1,11688,46.0,0.98,5.36,74.8,0
233,37,45,1,22.11,18,131,30,10.3,33.1,25.8,63,8459,1,11705,45.8,0.99,6.74,75.1,0
233,38,45,1,23.06,25,131,37,26.8,34.6,24.9,60,6704,1,13179,45.6,0.97,5.77,75.1,0
234,14,27,1,23.05,36,19,47,3.8,35.1,25.8,60,5467,1,5850,75.8,0.38,6.99,69.8,1
234,15,27,1,23.31,6,48,31,11.2,26.8,25.1,62,7172,1,6024,76.1,0.4,6.76,69.8,1
234,16,27,1,22.74,35,45,49,6.6,31.4,25.0,63,10734,1,5913,76.4,0.43,7.28,69.3,0
234,17,27,1,22.72,27,68,120,23.2,38.2,24.8,63,8396,1,5573,76.5,0.42,7.33,70.0,0
234,20,27,1,23.18,43,0,49,2.1,41.8,26.2,61,7765,1,5999,73.9,0.38,6.67,78.4,1
234,21,27,1,22.39,21,62,37,1.8,36.2,26.7,65,6993,1,6555,73.8,0.36,7.37,77.7,1
234,22,27,1,22.6,12,39,58,2.5,34.3,26.1,61,7190,1,6987,72.8,0.33,7.4,77.7,0
234,23,27,1,22.88,11,19,0,17.0,33.0,25.6,63,8615,1,7285,72.5,0.28,7.1,78.0,0
234,24,27,1,22.76,12,46,24,7.5,37.6,25.9,63,6494,1,7355,72.4,0.3,7.29,78.0,1
234,26,27,1,23.53,51,36,0,14.8,40.2,25.7,59,6176,1,6339,75.8,0.32,7.46,66.7,1
234,27,27,1,22.52,36,48,24,14.8,40.0,25.2,61,6422,1,6333,77.0,0.44,7.39,69.6,1
234,28,27,1,22.62,56,30,73,0.0,30.9,25.7,57,7086,1,6140,76.4,0.4,7.41,70.7,1
234,29,27,1,22.88,41,27,0,32.8,32.1,25.5,62,4676,1,5834,76.0,0.37,6.91,72.0,0
234,30,27,1,22.76,20,63,22,0.0,39.0,25.7,61,5696,1,6129,75.7,0.36,7.16,71.5,1
234,31,27,1,22.94,41,57,41,0.0,38.4,24.8,60,7154,1,6338,75.6,0.37,7.04,72.0,1
234,34,27,1,23.25,46,19,0,19.4,32.3,24.5,63,7802,0,6449,76.7,0.43,6.68,87.3,1
234,35,27,1,22.89,33,80,0,12.9,30.2,25.9,65,6172,1,6172,76.8,0.43,7.05,88.3,1
234,36,27,1,23.0,44,116,0,22.3,37.1,27.4,66,6171,1,7225,77.8,0.45,6.46,87.5,1
234,37,27,1,22.66,26,51,43,5.4,37.1,25.7,65,7914,1,7239,77.6,0.52,7.24,87.0,1
234,38,27,1,22.87,36,91,0,7.2,38.2,25.5,63,9138,1,6900,77.3,0.51,6.89,87.1,1
235,14,20,2,24.76,65,76,44,57.3,33.4,23.0,58,5149,1,6408,56.5,0.6,6.83,83.8,0
235,15,20,2,24.15,48,47,0,60.8,34.1,24.9,61,8424,1,7415,57.8,0.54,6.87,83.4,0
235,16,20,2,25.05,38,73,103,53.3,35.7,24.3,61,8159,1,7325,58.4,0.58,6.97,83.4,0
235,17,20,2,24.51,49,76,68,58.0,31.0,24.3,57,9090,1,7574,62.9,0.53,7.26,87.0,1
235,20,20,2,24.66,46,13,0,55.7,37.0,24.3,54,4157,1,6149,71.4,0.51,6.02,73.8,1
235,21,20,2,23.23,8,71,0,64.5,39.7,25.5,57,6332,1,6311,71.5,0.56,7.29,73.1,1
235,22,20,2,23.89,48,44,70,44.4,34.6,23.9,58,12509,1,6465,73.9,0.55,7.9,73.8,1
235,23,20,2,24.16,31,46,0,57.4,39.8,24.7,58,7426,1,6327,75.8,0.51,7.41,72.1,1
235,24,20,2,25.3,42,61,63,66.9,37.6,23.6,59,8133,1,6014,77.8,0.49,6.76,71.1,0
235,27,20,2,25.11,54,65,0,56.5,28.9,24.8,59,6496,1,6396,75.5,0.49,6.62,70.9,1
235,28,20,2,25.07,42,91,0,62.7,31.7,23.7,59,5766,1,6748,75.7,0.51,6.6,69.4,1
235,29,20,2,25.4,51,99,0,53.2,33.2,25.2,60,8114,1,6206,75.2,0.53,6.21,69.4,0
235,30,20,2,24.33,47,106,12,53.9,32.4,24.9,63,6081,1,6190,74.4,0.57,7.3,67.9,1
235,31,20,2,23.13,28,72,0,60.4,35.9,24.2,62,8068,1,5978,75.7,0.55,7.66,67.5,1
235,33,20,2,24.26,29,0,55,46.5,32.1,24.3,55,10237,1,6525,64.2,0.5,7.39,61.9,1
235,34,20,2,23.32,16,56,0,44.4,36.3,23.6,58,8488,1,6421,64.2,0.54,6.71,67.8,1
235,35,20,2,25.29,55,41,0,67.6,29.9,23.6,60,7876,1,6147,60.6,0.49,6.36,67.9,1
235,36,20,2,24.36,25,83,85,67.6,34.5,22.4,63,7753,1,6266,62.7,0.56,6.86,67.9,1
235,37,20,2,24.32,39,71,55,65.9,36.5,22.7,63,6816,1,7356,62.7,0.63,7.39,67.7,0
235,38,20,2,24.59,27,94,84,65.5,37.3,23.8,57,10317,1,7624,62.7,0.64,7.37,67.6,0
236,14,22,2,23.04,8,113,0,35.8,40.3,22.0,63,8434,1,10461,58.5,1.17,7.76,53.8,1
236,15,22,2,24.34,15,59,120,25.6,44.3,22.3,63,7342,1,11079,56.6,1.08,6.75,54.1,1
236,16,22,2,23.33,52,110,47,47.7,43.1,23.2,64,5306,1,10923,56.7,1.07,7.29,54.1,0
236,17,22,2,24.02,30,124,0,48.1,39.9,22.3,63,7706,1,10588,56.1,1.07,6.64,52.9,0
236,20,22,2,23.48,2,42,59,24.8,38.8,23.1,59,6464,1,11870,59.3,1.11,7.32,57.0,1
236,21,22,2,23.08,7,72,22,44.0,38.6,23.6,61,6125,1,11396,58.5,1.05,7.64,58.9,0
236,22,22,2,23.81,18,78,0,27.7,44.9,23.0,60,6926,1,10992,57.0,0.92,6.86,58.2,1
236,23,22,2,24.65,55,86,0,42.2,48.2,22.1,66,5192,1,11154,57.5,0.95,6.01,58.2,1
236,24,22,2,23.43,8,137,0,30.4,39.5,22.7,67,5183,1,11441,58.0,1.06,7.64,59.7,0
236,27,22,2,24.78,31,115,38,45.1,38.8,22.9,63,8253,1,10253,63.0,0.84,6.05,54.8,0
236,28,22,2,23.12,0,103,86,37.6,43.6,23.5,64,8154,1,9768,63.3,0.89,7.77,53.2,0
236,29,22,2,25.13,13,114,101,36.4,35.6,23.0,62,9391,1,9482,63.6,0.89,5.85,51.3,0
236,30,22,2,23.72,51,199,0,38.1,41.9,23.9,68,8529,1,10018,63.4,0.96,6.75,50.4,0
236,31,22,2,24.91,6,156,75,27.1,39.7,23.4,65,6064,1,10175,63.8,0.99,5.87,50.1,0
236,34,22,2,24.3,26,48,32,41.0,45.4,23.2,59,8841,2,10757,64.3,1.0,6.37,53.5,0
236,35,22,2,24.1,7,149,0,26.5,50.7,23.7,65,5790,2,12166,65.2,1.07,6.49,54.0,0
236,36,22,2,22.86,21,147,0,44.5,41.2,24.8,65,5433,2,12424,66.8,1.15,7.66,54.0,1
236,37,22,2,24.64,11,107,0,34.0,35.7,23.5,63,5534,1,13463,64.3,1.09,6.02,54.8,0
236,38,22,2,23.06,6,122,0,28.2,46.5,23.6,67,5841,2,13129,64.3,1.09,7.51,53.0,1
237,14,25,1,22.84,28,108,112,40.8,34.0,21.5,54,9275,1,7283,75.7,0.78,7.31,79.7,0
237,15,25,1,23.47,29,121,120,30.9,30.1,21.0,50,11459,1,7429,76.0,0.75,6.79,79.1,1
237,16,25,1,23.29,43,139,62,45.4,36.7,22.6,57,8305,1,7497,76.8,0.74,6.69,80.5,1
237,17,25,1,22.69,41,150,0,35.7,41.6,21.8,52,13373,1,7497,76.8,0.73,6.89,82.3,1
237,20,25,1,22.37,60,123,13,47.2,33.8,22.1,54,9544,1,6976,73.7,0.74,7.02,76.7,1
237,21,25,1,23.26,60,70,118,27.4,32.9,21.4,48,9862,1,6973,71.4,0.73,7.04,76.7,0
237,22,25,1,23.02,24,126,0,24.3,34.4,21.7,52,15289,1,6968,71.4,0.66,6.97,76.7,1
237,23,25,1,23.24,64,124,14,43.1,30.8,23.2,52,9792,1,6874,71.9,0.72,6.51,76.2,1
237,24,25,1,23.02,50,97,0,41.2,31.1,21.4,55,7306,1,7505,72.9,0.75,6.83,75.7,1
237,25,25,1,23.98,43,90,0,19.9,38.9,21.5,49,8126,1,6413,72.5,0.73,7.24,75.7,1
237,27,25,1,22.97,76,68,29,46.3,33.7,20.5,51,10873,1,6513,73.8,0.71,6.73,78.4,0
237,28,25,1,22.67,59,130,49,43.4,38.4,21.3,55,9418,1,6506,73.2,0.69,7.26,78.4,0
237,29,25,1,23.86,19,122,0,54.3,30.2,21.0,52,7572,1,6103,72.7,0.69,6.08,77.8,1
237,30,25,1,23.59,58,151,62,47.1,28.8,21.6,54,10492,1,5860,72.7,0.74,6.48,77.2,0
237,31,25,1,23.39,43,131,97,25.6,39.4,22.2,52,9177,1,6086,72.7,0.76,6.67,77.2,1
237,34,25,1,23.32,37,110,82,42.6,35.1,19.8,52,8956,1,6113,75.9,0.74,6.79,73.5,1
237,35,25,1,24.06,38,153,0,49.1,31.0,20.7,53,6549,1,6144,79.2,0.75,5.85,72.7,1
237,36,25,1,22.88,35,142,0,29.8,32.5,21.7,53,7226,1,6713,79.1,0.84,7.02,72.7,1
237,37,25,1,22.65,64,158,97,42.8,42.4,20.9,54,9378,0,6726,78.7,0.83,7.25,74.1,1
237,38,25,1,22.99,29,110,112,49.2,36.9,22.1,50,11015,0,6987,77.9,0.78,7.21,73.3,0
238,14,23,0,21.92,43,114,0,28.6,28.3,22.1,46,11154,1,7185,64.5,0.32,6.7,55.0,1
238,15,23,0,22.22,39,45,65,31.0,35.1,23.0,47,12898,1,7325,64.2,0.33,6.74,53.8,0
238,16,23,0,21.9,19,83,106,25.0,32.2,22.8,49,14609,1,7607,64.5,0.33,7.01,53.8,0
238,17,23,0,21.99,50,117,58,31.1,31.4,22.1,45,10160,1,7541,64.6,0.31,6.67,53.1,0
238,20,23,0,21.92,51,71,23,40.9,28.3,22.3,46,6732,1,7230,65.7,0.31,6.95,54.0,1
238,21,23,0,22.06,34,103,0,35.2,26.8,22.5,48,11420,1,7302,65.8,0.29,6.69,52.6,1
238,22,23,0,21.77,26,80,20,45.6,32.3,22.4,46,7136,1,6819,66.0,0.32,7.13,51.9,0
238,23,23,0,22.3,25,98,85,45.2,29.1,22.6,49,12639,1,6897,66.6,0.3,6.68,53.2,1
238,24,23,0,21.95,46,118,0,31.8,28.0,22.3,50,11786,1,7627,67.3,0.34,6.72,53.2,1
238,27,23,0,22.26,39,41,0,36.9,27.4,22.2,47,8993,1,8961,66.3,0.36,6.47,58.4,0
238,28,23,0,21.91,32,96,120,20.6,29.4,22.3,48,11376,1,8913,67.0,0.42,7.04,58.4,1
238,29,23,0,21.94,29,81,120,39.1,32.1,22.0,50,11886,1,8669,67.4,0.4,6.96,59.4,0
238,30,23,0,21.66,14,72,91,37.7,27.9,22.5,48,10896,1,8163,67.1,0.38,7.3,59.0,1
238,31,23,0,21.7,32,117,108,16.5,29.7,22.0,46,9226,1,7644,66.8,0.36,7.07,59.0,0
238,34,23,0,22.12,34,38,45,25.3,29.9,22.5,50,11873,1,7400,70.1,0.4,6.82,62.8,1
238,35,23,0,22.43,27,97,50,39.6,32.9,22.6,51,9076,0,6984,70.3,0.4,6.36,62.8,0
238,36,23,0,21.59,10,97,102,15.9,27.7,23.1,49,14518,1,7256,70.6,0.43,7.42,62.3,1
238,37,23,0,22.05,47,127,100,26.3,20.0,23.0,51,9090,1,6832,70.6,0.41,6.82,61.6,0
238,38,23,0,22.07,38,73,34,28.3,25.7,22.5,56,9804,1,7978,70.3,0.4,6.77,61.6,0
239,14,19,1,22.87,14,67,0,36.8,34.7,24.0,64,3084,1,7268,78.8,0.63,6.85,94.7,0
239,15,19,1,23.12,29,89,71,33.9,35.8,24.9,64,9338,1,7463,82.6,0.64,8.24,95.2,1
239,16,19,1,22.42,43,80,0,46.3,32.0,24.1,59,4615,1,6996,81.3,0.56,7.64,94.7,1
239,17,19,1,21.74,1,61,0,42.4,34.6,23.9,60,3977,1,7103,82.2,0.45,6.26,93.2,0
239,20,19,1,22.36,14,87,0,44.3,29.4,23.3,62,3936,0,6756,63.9,0.52,7.13,78.0,1
239,21,19,1,22.92,16,61,0,42.8,35.6,23.0,58,4759,0,5922,62.3,0.49,7.34,78.5,1
239,22,19,1,21.68,24,125,0,30.1,31.7,21.4,62,4194,0,5468,63.7,0.54,6.99,77.1,0
239,23,19,1,23.22,27,140,0,50.1,29.4,23.2,61,5183,0,5489,59.2,0.59,6.88,77.6,1
239,24,19,1,25.36,27,131,107,40.0,31.0,23.3,66,5279,0,5519,59.6,0.58,5.88,78.5,0
239,27,19,1,24.02,12,125,0,40.2,31.7,22.7,65,3892,0,6249,53.2,0.6,7.29,75.6,1
239,28,19,1,22.85,23,85,54,32.8,35.9,23.4,63,6539,0,5568,51.5,0.6,6.68,75.6,1
239,29,19,1,23.13,39,74,0,33.5,27.7,23.6,63,4574,0,6707,51.3,0.62,7.46,77.2,1
239,30,19,1,23.57,29,97,6,39.6,33.2,23.5,62,4940,0,7011,51.7,0.67,7.52,77.2,1
239,31,19,1,22.48,25,108,120,38.3,28.3,22.5,62,7532,0,8044,51.7,0.68,6.86,77.9,1
239,34,19,1,22.15,11,78,0,31.2,31.1,22.2,60,8676,0,9056,61.1,0.63,6.93,91.0,1
239,35,19,1,21.4,46,59,7,46.5,30.6,22.6,61,3316,0,9353,59.7,0.65,8.15,90.6,1
239,36,19,1,21.6,24,37,19,40.4,28.3,22.8,58,6319,0,9449,56.5,0.59,6.6,90.6,1
239,37,19,1,22.3,29,85,0,41.9,34.9,23.3,64,2932,0,9769,54.7,0.62,6.51,91.0,0
239,38,19,1,24.48,42,120,0,44.3,32.0,23.3,64,5495,0,9490,52.6,0.64,6.78,91.0,1
240,14,31,1,24.22,35,73,0,74.5,34.5,23.8,56,6390,1,9500,61.2,1.15,5.92,47.0,0
240,15,31,1,23.02,43,126,36,64.6,32.0,23.8,62,11489,2,10119,70.4,1.2,7.07,44.3,0
240,16,31,1,24.47,51,60,0,87.5,33.0,22.9,60,9525,2,11015,69.9,1.18,5.45,43.5,0
240,17,31,1,23.27,34,105,0,72.4,36.8,24.8,60,11910,2,12730,70.7,1.29,6.69,43.0,0
240,20,31,1,22.34,17,31,39,70.1,31.9,24.6,56,6727,2,12366,62.8,1.27,7.44,79.2,1
240,21,31,1,22.61,27,66,0,62.7,34.7,24.0,55,10409,1,12170,59.9,1.15,7.64,79.2,1
240,22,31,1,22.18,12,67,0,73.4,34.5,23.4,55,7301,1,11584,59.8,1.11,7.33,79.8,1
240,23,31,1,23.31,67,52,0,73.7,32.5,23.3,54,10086,1,11133,56.6,1.01,6.57,80.5,1
240,24,31,1,23.91,15,53,0,74.5,30.0,22.5,58,6826,1,10562,56.2,0.94,6.5,80.2,0
240,27,31,1,22.99,50,41,0,66.6,37.5,22.3,57,16731,1,9730,56.3,0.96,7.36,68.8,0
240,28,31,1,23.18,23,76,25,64.0,35.4,24.2,57,6323,1,9929,56.1,0.92,6.94,68.8,1
240,29,31,1,23.66,49,79,71,60.7,30.3,23.5,58,5743,1,9576,55.9,0.84,6.57,67.9,1
240,30,31,1,22.98,22,94,28,73.9,32.7,23.2,57,11717,1,8249,56.3,0.88,7.12,66.3,0
240,31,31,1,23.81,60,92,0,77.1,30.2,23.3,57,8694,1,7156,55.9,0.76,6.42,66.3,0
240,34,31,1,24.04,31,30,46,68.8,39.2,23.0,58,6112,1,7901,67.4,0.82,6.26,76.0,0
240,35,31,1,22.92,24,88,61,82.3,32.1,22.6,57,8837,1,8338,69.2,0.9,7.49,76.3,0
240,36,31,1,23.38,34,41,120,85.6,34.5,22.9,60,9105,1,9593,69.8,0.91,7.15,77.0,0
240,37,31,1,22.91,28,58,43,72.8,37.0,22.6,58,9030,1,9567,74.1,0.93,7.44,77.8,1
240,38,31,1,22.78,21,26,47,85.1,42.2,23.4,58,5527,1,9780,74.2,0.86,7.35,78.2,1
241,14,28,2,24.36,72,133,0,31.7,36.1,17.9,68,6635,2,17467,52.8,1.98,4.92,32.5,0
241,15,28,2,23.99,46,125,112,34.0,30.0,17.8,71,11353,3,18526,53.1,2.01,5.5,32.5,0
241,16,28,2,23.81,57,142,37,27.2,37.5,18.8,73,7622,3,19794,52.8,2.01,5.51,31.2,0
241,17,28,2,24.85,39,130,0,11.5,42.6,18.3,64,7415,2,19794,52.7,2.04,4.46,31.9,0
241,20,28,2,23.57,46,43,4,25.2,25.2,18.3,63,5812,2,19841,50.2,1.99,5.9,31.6,1
241,21,28,2,24.75,29,113,60,19.4,31.0,17.5,68,9040,2,19669,50.6,2.01,4.59,28.9,0
241,22,28,2,24.37,78,170,36,25.4,32.5,18.7,70,8578,2,20382,52.3,2.1,5.04,28.9,0
241,23,28,2,24.25,47,185,87,25.5,34.6,17.8,69,6321,2,20382,53.5,2.17,5.09,29.5,0
241,24,28,2,23.75,38,175,120,33.4,35.5,17.6,71,8018,2,21250,54.4,2.22,5.78,29.4,0
241,27,28,2,23.78,36,98,37,26.0,33.6,18.3,65,7467,2,20773,58.3,2.04,5.73,26.7,1
241,28,28,2,23.62,14,132,0,9.8,39.5,18.0,63,6449,2,19969,57.7,1.99,5.7,29.2,0
241,29,28,2,24.03,35,182,59,37.2,32.2,17.7,68,8749,2,19862,56.8,1.94,5.32,28.5,0
241,30,28,2,23.49,35,160,0,24.1,39.1,18.4,66,5442,2,19862,56.7,1.95,6.02,29.6,0
241,31,28,2,23.47,38,166,113,31.8,38.7,18.1,70,12406,2,18878,56.5,1.91,5.8,29.0,0
241,32,28,2,24.0,58,155,81,0.0,34.6,17.7,67,8511,2,18878,55.0,1.82,6.6,28.3,0
241,34,28,2,23.93,48,59,11,28.3,40.6,18.1,58,10457,2,18870,55.0,1.91,5.29,42.0,1
241,35,28,2,23.71,57,147,119,32.1,33.2,17.6,66,9636,2,19122,55.2,1.95,5.8,39.5,0
241,36,28,2,24.53,36,173,41,26.0,44.5,17.7,68,10949,2,19122,54.6,1.86,4.63,40.1,0
241,37,28,2,24.02,47,173,68,37.3,37.8,18.2,70,8595,2,18181,54.6,1.89,5.41,40.0,0
241,38,28,2,23.22,38,148,0,19.2,37.9,17.9,68,4397,2,17745,54.5,1.87,6.1,40.0,0
242,14,42,0,22.16,29,165,55,88.0,26.4,21.3,64,5098,1,11461,66.0,1.16,7.0,53.8,0
242,15,42,0,21.95,23,226,0,94.2,29.5,22.0,66,3754,1,12315,66.3,1.17,7.22,54.5,0
242,16,42,0,22.11,28,219,28,74.4,34.1,21.2,62,4319,1,11600,65.8,1.12,7.22,55.1,1
242,17,42,0,22.93,36,177,0,74.7,32.9,21.6,68,3401,1,10086,65.7,1.02,6.37,57.5,0
242,20,42,0,21.72,40,149,35,85.8,36.5,21.1,63,8492,1,8821,70.7,0.97,7.53,60.5,1
242,21,42,0,22.13,50,96,25,76.1,40.0,22.8,61,4874,1,8922,70.3,0.86,7.03,61.4,0
242,22,42,0,22.56,11,139,27,74.4,33.4,20.7,66,3912,1,9408,70.1,0.84,6.61,61.4,0
242,23,42,0,22.69,31,201,0,81.6,32.1,22.0,66,4613,1,9111,71.5,0.95,6.55,60.7,0
242,24,42,0,21.85,30,213,16,67.5,26.5,21.3,65,3775,1,10757,71.9,1.0,7.52,59.9,1
242,27,42,0,22.06,24,128,0,99.4,33.1,21.6,64,3099,1,10909,66.8,0.93,7.21,61.0,0
242,28,42,0,21.98,26,100,73,83.9,29.2,22.0,66,3961,1,10921,67.1,0.92,7.55,60.2,0
242,29,42,0,21.11,33,133,16,49.2,34.0,21.7,67,4059,1,10488,67.3,0.88,8.09,60.2,1
242,30,42,0,22.45,28,167,0,92.2,31.6,21.5,62,4409,1,9678,65.7,0.81,6.82,59.4,0
242,31,42,0,22.39,39,198,0,91.5,28.5,22.0,68,4883,1,9733,65.9,0.84,6.61,58.2,0
242,34,42,0,22.53,31,156,0,87.3,24.0,22.1,63,3868,1,9511,67.5,0.84,6.66,51.4,0
242,35,42,0,22.79,48,146,60,76.1,29.3,21.2,66,6147,1,9338,68.3,0.91,6.74,52.0,1
242,36,42,0,21.46,46,173,92,92.0,26.9,20.8,68,4872,1,8844,68.9,0.93,7.81,52.0,1
242,37,42,0,22.33,47,191,47,84.9,35.5,20.6,70,3906,1,8092,67.5,0.84,6.78,53.6,0
242,38,42,0,22.41,3,205,0,85.8,28.2,19.5,68,3869,1,7103,67.2,0.83,6.82,55.0,0
243,14,26,1,23.86,26,225,51,62.6,33.1,25.2,65,8156,2,14128,71.0,1.68,5.07,34.5,0
243,15,26,1,24.15,0,220,56,51.0,27.4,24.3,64,6184,2,15448,71.0,1.76,5.02,33.3,0
243,16,26,1,23.56,35,250,35,41.5,37.4,25.3,65,5380,2,16223,71.1,1.86,5.45,32.6,0
243,17,26,1,23.16,13,245,99,72.1,32.7,25.3,65,7021,2,15800,72.2,1.9,5.81,33.2,0
243,20,26,1,22.08,20,168,16,66.5,33.0,24.8,62,4791,1,14673,56.4,1.74,6.98,70.1,1
243,21,26,1,23.06,34,172,0,63.7,26.2,25.0,60,5895,1,14398,55.1,1.65,6.01,68.4,1
243,22,26,1,23.49,28,242,88,75.1,32.4,25.5,66,6650,1,14076,57.7,1.73,5.45,69.0,0
243,23,26,1,23.13,17,251,19,66.3,38.2,25.3,66,7411,1,13877,58.7,1.77,5.86,70.8,0
243,24,26,1,24.35,58,284,98,86.3,30.0,24.6,70,8547,1,13877,58.5,1.79,4.69,70.1,0
243,25,26,1,23.74,67,252,15,59.5,27.3,25.4,68,4944,2,14797,59.3,1.87,6.4,70.8,1
243,27,26,1,22.84,43,177,33,59.3,33.8,23.8,60,5557,2,16469,62.6,2.02,6.31,56.0,1
243,28,26,1,24.02,33,224,29,72.6,36.3,26.6,64,4560,2,16460,62.1,1.96,4.45,58.1,0
243,29,26,1,24.0,48,226,0,66.7,43.1,25.5,65,6439,2,16460,61.9,2.0,4.67,56.8,0
243,30,26,1,22.32,33,295,41,59.3,31.9,24.8,69,6664,2,16927,61.8,2.03,6.47,55.5,0
243,31,26,1,22.78,34,251,0,77.9,34.8,25.6,67,4927,2,17931,59.9,1.96,5.91,56.8,0
243,34,26,1,22.6,34,203,0,67.8,34.8,25.8,59,7219,2,16605,72.7,2.03,6.27,36.3,0
243,35,26,1,23.5,13,241,34,66.5,31.3,24.9,63,6101,2,17978,73.4,2.08,5.54,35.5,0
243,36,26,1,23.23,11,217,0,59.3,27.9,25.7,66,6753,2,19362,73.7,2.11,5.5,37.2,1
243,37,26,1,23.5,13,262,0,61.8,33.5,25.8,65,7554,2,19079,73.3,2.11,5.28,37.9,0
243,38,26,1,22.75,38,214,43,71.5,28.6,25.8,68,6729,2,19079,73.4,2.15,6.1,37.1,0
244,14,25,2,24.94,31,82,0,37.3,39.0,15.3,66,4722,2,13632,46.2,1.44,5.21,15.9,1
244,15,25,2,23.16,39,194,0,43.1,35.6,14.3,67,5490,2,14099,46.1,1.37,6.69,14.0,0
244,16,25,2,22.79,28,129,0,51.8,35.8,15.0,66,5950,2,13946,47.5,1.45,7.42,13.4,0
244,17,25,2,25.33,21,126,63,31.1,35.0,15.6,63,9040,3,14021,45.6,1.32,5.03,11.5,0
244,20,25,2,21.74,17,89,85,33.3,36.5,14.4,58,7380,2,14660,36.7,1.38,8.07,42.8,1
244,21,25,2,24.04,27,55,73,41.9,33.8,14.5,59,6493,2,14552,31.1,1.13,6.2,42.8,1
244,22,25,2,22.76,47,100,56,47.6,38.9,16.3,63,6875,2,14570,31.0,1.11,7.58,42.8,1
244,23,25,2,24.36,38,96,34,48.3,43.7,15.5,62,8034,2,14116,29.6,0.96,5.81,43.8,0
244,24,25,2,23.14,14,129,19,34.1,37.6,15.1,64,5880,2,12839,31.1,1.05,7.04,45.5,1
244,26,25,2,23.06,28,47,0,25.7,34.2,16.2,61,7493,1,12773,30.0,0.89,8.52,46.1,1
244,27,25,2,23.13,41,55,0,25.6,42.9,15.9,61,6959,1,12647,36.9,0.83,7.11,44.0,1
244,28,25,2,25.42,30,85,49,45.9,36.3,16.5,63,5374,1,12331,36.1,0.75,4.85,44.0,1
244,29,25,2,24.11,29,87,0,31.4,38.0,16.1,65,5077,1,11056,35.9,0.77,6.38,43.1,0
244,30,25,2,23.67,43,179,50,35.2,30.3,15.4,62,7996,1,11647,37.2,0.8,6.57,41.5,0
244,31,25,2,24.5,51,131,0,55.0,33.6,15.7,66,4423,1,11475,38.3,0.86,5.69,39.7,0
244,34,25,2,21.71,37,32,0,62.3,31.3,16.3,61,5961,1,11761,51.1,0.82,7.4,63.7,1
244,35,25,2,23.42,46,32,53,23.8,37.7,15.1,62,7514,1,11629,48.8,0.87,6.89,64.4,1
244,36,25,2,24.44,32,84,72,33.3,32.7,15.1,62,5705,1,10681,48.4,0.82,5.96,64.4,0
244,37,25,2,22.0,26,126,0,37.0,39.3,15.9,66,5013,1,10471,49.7,0.94,8.25,64.4,1
244,38,25,2,23.7,30,62,120,29.8,44.9,14.9,59,8852,1,9985,47.0,0.76,6.46,66.1,0
245,14,35,1,23.08,56,59,0,28.5,31.1,23.2,57,10158,1,8682,69.1,0.68,7.27,70.1,1
245,15,35,1,23.09,65,23,0,43.0,38.3,23.7,55,6503,1,8492,69.5,0.68,7.09,70.1,1
245,16,35,1,23.28,76,119,102,34.5,37.7,22.2,57,14779,1,8273,69.9,0.69,7.15,70.1,1
245,17,35,1,23.15,52,89,0,29.3,35.4,23.8,57,6167,1,8563,70.0,0.69,7.17,70.1,1
245,20,35,1,23.15,62,37,84,31.0,35.9,22.7,56,9462,1,7671,74.2,0.66,7.5,74.3,1
245,21,35,1,22.83,74,0,114,49.6,40.5,23.5,58,12669,1,7841,74.5,0.64,7.67,72.7,1
245,22,35,1,23.61,67,77,100,35.5,37.2,21.8,58,8337,1,7426,75.1,0.62,6.92,73.5,0
245,23,35,1,23.08,49,45,31,29.4,37.9,23.2,60,6900,1,7547,75.4,0.64,7.45,73.0,0
245,24,35,1,22.31,21,67,0,23.1,31.9,22.2,56,7839,1,7410,75.8,0.66,8.52,71.9,1
245,27,35,1,23.01,76,5,92,33.3,32.8,22.9,55,9794,1,7068,77.9,0.66,7.52,74.2,1
245,28,35,1,23.1,42,52,0,22.8,35.1,22.1,57,7265,1,6807,77.7,0.63,7.39,74.9,1
245,29,35,1,21.93,59,48,0,23.4,32.4,22.8,55,5215,1,7040,77.9,0.62,8.55,74.9,1
245,30,35,1,22.6,33,26,102,27.3,32.7,23.2,56,11509,1,6987,75.9,0.52,8.1,74.9,1
245,31,35,1,23.0,77,28,4,33.2,27.6,22.0,56,5235,1,6767,75.5,0.45,7.35,75.7,0
245,34,35,1,23.45,83,20,61,46.0,40.9,22.0,55,13180,1,7032,76.4,0.46,6.95,59.0,0
245,35,35,1,23.16,64,54,7,28.4,35.4,21.8,58,6509,1,6722,76.4,0.5,7.37,58.3,1
245,36,35,1,22.5,49,58,0,40.9,35.6,22.5,58,9179,1,6647,76.7,0.52,8.21,57.6,1
245,37,35,1,23.35,59,17,0,35.5,33.6,23.1,58,11903,1,6650,76.2,0.43,6.88,57.0,1
245,38,35,1,22.98,60,72,50,20.8,39.5,21.6,57,8205,0,6452,76.2,0.47,7.54,56.4,0
246,14,22,2,23.45,34,45,0,26.6,42.1,21.5,55,5001,1,8977,62.0,0.85,6.86,70.9,0
246,15,22,2,24.59,32,93,120,19.2,40.0,23.4,55,7263,1,9146,61.1,0.77,5.83,70.9,0
246,16,22,2,23.76,39,117,83,28.2,42.4,21.8,58,8724,1,9284,62.3,0.84,6.68,71.0,0
246,17,22,2,23.18,20,147,0,25.8,38.0,21.7,54,7481,1,10967,62.1,0.84,7.28,71.5,1
246,18,22,2,24.67,59,119,0,36.4,41.6,22.0,55,6082,1,10977,61.0,0.75,6.62,70.8,0
246,20,22,2,23.93,37,111,0,19.8,36.5,22.3,54,5273,1,11340,75.9,0.9,6.22,29.1,0
246,21,22,2,24.09,48,112,0,23.2,44.4,22.4,53,9594,1,11542,75.4,0.89,6.13,31.3,0
246,22,22,2,24.59,52,154,0,48.1,42.4,23.2,58,9163,2,12806,75.8,0.94,5.31,33.0,0
246,23,22,2,24.61,11,150,0,41.4,38.5,22.9,61,11627,2,13175,75.8,0.99,5.82,32.0,0
246,24,22,2,24.06,48,176,0,37.4,46.4,22.0,61,7701,2,13175,76.4,1.06,6.15,31.4,0
246,26,22,2,24.1,47,34,85,33.6,41.2,21.3,51,8932,2,14065,59.1,0.88,7.6,40.0,1
246,27,22,2,24.44,44,51,0,23.7,38.5,23.0,51,6677,2,14401,60.8,0.98,5.87,38.6,0
246,28,22,2,23.94,38,99,66,23.0,32.3,22.2,54,8284,2,14838,61.0,1.04,6.68,36.8,0
246,29,22,2,23.81,40,139,0,30.3,37.5,22.8,55,8496,2,14933,61.9,1.05,6.45,35.3,0
246,30,22,2,23.26,44,124,18,19.6,42.0,22.0,54,8141,2,16381,61.3,1.01,6.94,36.2,0
246,31,22,2,24.7,44,78,0,26.5,42.0,22.1,57,6628,2,15646,60.3,0.99,5.45,36.2,0
246,34,22,2,23.75,37,68,28,46.4,47.5,22.6,54,5276,2,15067,54.3,0.98,6.3,48.5,0
246,35,22,2,25.07,45,125,0,33.6,38.8,22.8,51,5931,2,15570,53.9,0.98,5.24,48.5,0
246,36,22,2,24.05,26,143,55,26.8,43.4,23.2,57,9337,2,15888,54.5,1.04,6.38,49.8,0
246,37,22,2,23.97,23,178,0,37.9,47.7,22.7,57,4702,2,15738,54.5,0.96,6.15,48.1,0
246,38,22,2,23.81,40,145,120,33.9,37.4,22.5,58,9699,2,14059,53.7,0.94,6.63,47.4,1
247,14,34,2,23.69,52,34,22,46.6,33.1,19.3,61,6888,0,5792,76.4,0.32,7.16,76.4,1
247,15,34,2,24.06,75,41,120,69.3,26.8,18.5,63,18000,0,5614,74.9,0.3,6.8,75.6,1
247,16,34,2,24.13,56,92,0,56.9,32.0,19.4,67,6497,0,5143,74.2,0.33,7.05,75.6,1
247,17,34,2,24.28,58,94,0,69.2,32.8,18.8,66,10559,0,4982,74.2,0.34,6.9,76.1,0
247,19,34,2,24.28,81,47,105,54.5,25.9,19.3,63,8080,0,4093,74.5,0.34,6.92,78.1,0
247,20,34,2,24.31,50,91,0,86.5,38.2,19.5,68,6314,0,4150,75.7,0.34,6.39,75.9,0
247,21,34,2,24.59,54,68,79,65.2,36.8,18.4,64,10086,0,4543,75.6,0.38,6.72,75.9,1
247,22,34,2,24.34,45,62,54,67.9,32.7,19.2,66,10250,0,4738,75.9,0.44,6.94,75.9,1
247,23,34,2,24.68,67,101,58,56.4,31.0,20.0,66,10798,0,4962,75.9,0.4,6.68,75.9,1
247,24,34,2,24.22,72,79,24,67.3,30.3,19.4,63,7288,0,5653,75.9,0.42,7.09,75.9,0
247,26,34,2,24.99,89,51,10,48.1,34.4,19.7,62,7562,0,6472,80.2,0.42,7.04,69.6,0
247,27,34,2,24.32,68,43,77,48.2,33.9,19.0,64,7394,0,6662,81.3,0.46,6.89,73.2,1
247,28,34,2,24.28,48,57,48,48.9,38.6,18.2,62,10923,0,7237,81.7,0.49,7.13,73.2,1
247,29,34,2,24.15,59,71,80,64.6,43.3,18.6,69,6522,0,7406,83.6,0.49,6.95,74.3,1
247,30,34,2,24.58,74,71,0,68.4,35.0,21.2,66,8406,0,7561,84.4,0.48,6.7,74.3,1
247,31,34,2,24.17,81,106,0,66.2,32.1,19.8,63,11550,0,7797,84.8,0.5,6.85,75.1,0
247,34,34,2,24.31,89,56,0,68.9,29.5,19.2,64,5166,0,8762,78.1,0.48,6.9,77.2,1
247,35,34,2,24.28,61,36,30,70.8,34.7,19.9,65,6369,0,8519,79.0,0.44,6.91,77.2,0
247,36,34,2,23.89,81,42,120,66.8,25.7,19.3,67,10264,0,9701,78.7,0.43,7.31,77.2,1
247,37,34,2,24.52,69,61,0,60.6,30.0,19.1,66,7718,0,9702,77.9,0.4,6.64,77.0,0
247,38,34,2,23.21,44,88,69,65.2,27.3,20.5,66,8350,1,8465,77.8,0.41,8.14,78.6,1
248,14,31,0,21.85,44,36,74,39.5,35.8,19.6,55,13133,0,4973,74.1,-0.35,8.31,76.0,1
248,15,31,0,22.32,49,0,82,21.8,41.7,19.4,50,8693,0,5123,74.1,-0.37,7.82,76.9,1
248,16,31,0,22.17,27,24,101,50.8,40.5,18.6,49,9954,0,5152,74.2,-0.37,7.98,76.9,1
248,17,31,0,22.19,77,10,76,42.3,35.3,20.3,46,8108,0,4975,74.2,-0.36,8.08,76.0,1
248,18,31,0,22.74,52,0,107,29.3,39.6,19.0,50,14152,0,4340,74.2,-0.36,8.58,76.0,1
248,20,31,0,21.37,28,40,93,24.6,39.9,19.7,47,12359,0,4349,72.2,-0.39,8.85,86.9,1
248,21,31,0,22.2,51,1,120,33.9,41.3,19.6,49,10751,0,4401,72.9,-0.46,7.88,86.9,1
248,22,31,0,21.48,48,44,109,28.9,43.8,19.6,49,13690,0,3790,73.4,-0.45,8.72,87.1,1
248,23,31,0,21.88,58,11,0,36.0,36.7,20.0,49,7932,0,3859,74.6,-0.49,7.38,87.6,1
248,24,31,0,22.12,39,0,0,18.9,36.6,18.9,49,6739,0,3810,78.6,-0.47,8.13,87.6,1
248,27,31,0,22.42,71,0,0,49.7,41.1,18.5,50,6403,0,3998,78.8,-0.34,7.53,70.4,1
248,28,31,0,21.68,45,16,68,32.9,34.6,20.7,49,11042,0,4249,78.9,-0.32,8.52,70.4,1
248,29,31,0,21.76,43,0,120,39.3,39.5,19.9,51,8154,0,4203,78.8,-0.33,8.29,69.8,0
248,30,31,0,21.68,30,2,23,16.7,43.0,20.5,50,9861,0,4044,78.3,-0.37,8.41,69.2,1
248,31,31,0,21.81,48,0,81,28.8,37.2,20.3,48,9931,0,4155,77.8,-0.4,7.95,69.2,1
248,32,31,0,22.53,43,0,61,22.0,32.2,19.8,49,6585,0,4328,77.1,-0.39,7.37,69.2,1
248,33,31,0,22.12,34,0,74,23.5,39.5,20.8,49,9677,0,4362,80.3,-0.3,8.91,74.1,0
248,34,31,0,21.73,58,20,98,32.7,33.3,19.4,52,16308,0,4766,82.2,-0.35,8.05,76.7,1
248,35,31,0,22.44,43,15,83,46.6,34.5,20.0,50,10845,0,4951,82.1,-0.29,7.87,77.1,0
248,36,31,0,22.25,60,0,30,27.1,37.9,21.0,48,6785,0,5061,81.8,-0.29,7.98,77.5,1
248,37,31,0,22.31,33,15,48,30.7,35.6,18.9,47,7385,0,5282,82.2,-0.23,7.84,77.5,1
248,38,31,0,22.14,37,0,0,30.4,37.8,20.8,49,9626,0,5359,84.1,-0.27,8.02,77.5,1
249,14,29,2,23.92,45,34,35,42.3,40.2,18.9,57,9378,1,5448,63.3,0.42,6.79,72.8,1
249,15,29,2,23.76,42,43,0,49.5,37.7,18.0,60,7161,1,5333,65.8,0.4,7.67,72.9,1
249,16,29,2,24.29,53,24,0,29.8,41.3,18.5,58,4849,0,5554,66.6,0.39,7.1,73.1,1
249,17,29,2,24.22,65,61,27,40.8,33.2,18.6,56,6369,0,5539,66.5,0.42,7.21,73.1,0
249,18,29,2,24.73,88,39,80,28.0,29.4,18.7,55,7750,0,5425,66.6,0.41,7.97,73.1,0
249,20,29,2,25.48,53,47,25,66.3,31.0,18.4,58,5185,1,5679,77.0,0.43,5.79,88.8,1
249,21,29,2,23.42,64,113,0,24.5,32.6,19.1,60,5557,1,5755,78.1,0.51,7.85,88.8,1
249,22,29,2,22.97,63,4,0,24.4,32.3,19.3,57,5819,0,5616,76.9,0.47,7.52,85.4,1
249,23,29,2,23.55,53,61,0,32.7,38.9,19.1,53,11817,0,5140,73.1,0.4,7.37,85.8,1
249,24,29,2,23.03,35,36,0,49.1,33.6,18.8,56,7066,0,5020,72.8,0.43,7.75,85.8,1
249,27,29,2,23.63,66,96,0,53.0,38.9,19.1,61,8127,0,5436,74.4,0.47,6.98,87.0,1
249,28,29,2,24.62,56,107,95,36.0,32.8,19.5,56,9883,0,6092,73.8,0.52,7.04,87.4,0
249,29,29,2,23.62,42,54,32,40.8,34.3,20.4,58,10235,1,6099,73.2,0.51,7.95,88.5,0
249,30,29,2,23.18,31,26,0,34.4,38.4,20.2,58,5912,1,5477,73.2,0.49,7.41,88.9,1
249,31,29,2,24.4,55,60,92,31.8,31.6,18.8,56,10719,1,5793,71.7,0.46,7.33,88.9,1
249,34,29,2,23.52,54,0,0,31.3,35.9,19.4,56,6951,1,5843,73.5,0.46,6.94,77.3,1
249,35,29,2,23.56,47,51,0,30.8,35.5,19.5,57,7547,1,6100,75.1,0.37,7.57,77.6,0
249,36,29,2,24.11,65,6,49,30.1,35.3,20.0,56,11070,1,5916,75.1,0.39,7.49,76.9,0
249,37,29,2,22.75,47,17,83,36.4,31.7,19.2,57,8438,1,5829,76.9,0.4,7.24,76.9,1
249,38,29,2,25.74,82,34,120,31.8,35.2,19.9,58,11629,1,5971,72.5,0.41,5.99,76.9,1
250,14,51,0,22.17,41,19,0,43.2,28.1,21.9,58,7037,0,5178,74.7,-0.27,7.63,83.4,1
250,15,51,0,20.86,34,32,36,53.8,28.0,21.7,58,9315,0,5882,74.7,-0.25,8.16,83.3,1
250,16,51,0,22.07,39,49,120,34.9,34.2,22.1,54,9790,0,6468,71.3,-0.27,7.99,83.3,0
250,17,51,0,21.92,45,19,107,35.8,38.7,21.3,58,7562,0,6772,71.6,-0.25,8.07,82.9,0
250,20,51,0,21.48,45,0,81,33.5,32.2,22.0,58,7369,0,6996,73.4,-0.3,7.83,72.1,1
250,21,51,0,21.64,48,0,0,34.5,28.0,22.0,56,7713,1,6928,72.5,-0.27,8.21,71.8,1
250,22,51,0,21.42,26,37,33,33.2,33.9,22.0,58,6823,1,6427,72.4,-0.25,8.49,72.4,1
250,23,51,0,21.65,19,30,120,25.8,34.3,21.3,53,9455,1,6315,72.2,-0.29,8.39,72.4,1
250,24,51,0,21.2,27,7,0,35.9,32.5,22.4,58,5883,0,6801,72.2,-0.31,8.54,72.4,1
250,27,51,0,21.59,42,32,0,32.8,33.0,22.3,60,3259,0,6524,69.2,-0.3,8.25,69.8,1
250,28,51,0,21.36,40,0,0,36.7,40.7,21.7,61,5542,0,6296,69.1,-0.31,7.95,69.2,1
250,29,51,0,22.23,53,21,52,39.9,32.4,22.0,58,8283,1,5602,68.0,-0.33,7.6,68.6,1
250,30,51,0,22.43,29,52,13,39.1,37.7,21.0,56,7213,1,4803,71.1,-0.29,7.3,69.2,1
250,31,51,0,22.18,30,26,61,34.3,28.8,21.4,60,10808,0,5126,71.1,-0.24,7.86,69.2,1
250,33,51,0,21.56,11,0,91,19.9,26.5,21.9,57,6545,0,5492,70.0,-0.26,9.01,71.2,1
250,34,51,0,21.72,40,0,19,32.1,29.3,20.8,58,9428,0,5572,70.1,-0.33,8.25,76.3,1
250,35,51,0,22.3,41,21,46,40.7,35.9,21.7,59,5382,0,5629,71.3,-0.36,7.51,76.8,1
250,36,51,0,22.23,50,25,0,34.7,34.4,21.9,59,8339,0,5907,71.7,-0.31,7.51,76.8,0
250,37,51,0,21.9,49,26,0,30.2,28.5,21.0,57,9663,0,5831,72.3,-0.24,7.97,76.3,1
250,38,51,0,21.09,28,30,69,46.6,34.8,23.2,59,7815,0,5738,72.3,-0.21,8.43,76.8,1
251,14,26,2,24.11,45,87,0,54.1,32.4,19.7,58,6843,0,6461,76.3,-0.64,7.95,83.1,0
251,15,26,2,24.54,72,52,25,54.1,33.0,18.2,54,11706,0,6814,75.7,-0.67,7.73,83.1,1
251,16,26,2,24.5,71,84,23,60.4,38.6,19.1,58,7299,0,6886,75.7,-0.64,8.43,83.1,1
251,17,26,2,24.53,54,83,0,50.5,36.7,19.4,56,7123,0,6813,77.4,-0.66,7.54,83.6,1
251,20,26,2,24.73,42,48,62,46.6,36.2,19.7,59,9363,0,6862,73.9,-0.57,8.24,79.5,1
251,21,26,2,23.54,83,22,0,51.9,35.0,19.6,60,6938,0,6688,76.5,-0.58,8.53,78.0,1
251,22,26,2,24.27,42,42,39,50.1,27.9,19.3,59,7033,0,6723,75.9,-0.6,8.34,78.0,1
251,23,26,2,25.2,84,99,37,57.7,31.1,19.3,57,7035,0,6031,75.9,-0.62,7.77,78.0,1
251,24,26,2,25.12,55,68,30,62.3,34.7,19.8,60,5453,0,5750,75.2,-0.54,8.02,78.6,0
251,27,26,2,24.95,97,73,57,64.8,33.4,19.1,55,8056,0,5424,75.3,-0.49,7.98,90.2,1
251,28,26,2,24.25,45,99,0,50.3,36.1,19.4,58,7548,0,5143,75.4,-0.48,8.35,86.0,1
251,29,26,2,24.15,68,65,0,49.9,39.3,19.5,56,8760,0,5147,76.4,-0.51,7.81,85.7,1
251,30,26,2,25.34,71,103,41,41.3,36.2,19.7,58,9695,0,5103,75.3,-0.52,7.62,85.5,1
251,31,26,2,23.89,81,91,43,52.0,35.1,19.2,59,10517,0,4963,74.4,-0.46,8.35,85.5,1
251,34,26,2,24.69,65,46,0,56.3,30.6,19.3,58,7304,0,5023,77.0,-0.45,8.05,88.9,0
251,35,26,2,23.49,33,63,73,59.6,29.2,18.6,58,10424,1,5225,77.2,-0.44,8.7,90.9,1
251,36,26,2,23.28,69,110,61,57.0,31.2,19.9,62,9015,1,5057,77.4,-0.45,8.09,89.6,1
251,37,26,2,23.92,81,82,0,43.2,36.5,19.2,58,9299,1,4976,72.6,-0.43,7.49,89.0,1
251,38,26,2,23.49,53,107,119,54.6,34.8,20.2,59,8725,1,5266,72.4,-0.41,8.46,89.6,0
252,14,61,0,21.96,24,171,84,73.5,35.8,20.8,68,4247,1,6055,73.1,0.26,7.69,87.9,1
252,15,61,0,21.71,16,183,0,58.8,42.2,18.7,66,4969,1,6633,74.3,0.26,7.73,88.3,1
252,16,61,0,21.85,8,116,27,48.0,27.7,20.0,65,6102,1,8100,74.3,0.25,7.89,88.3,1
252,17,61,0,21.15,8,96,0,61.0,30.2,20.8,65,3653,1,8056,76.6,0.26,7.34,88.3,1
252,20,61,0,21.51,12,180,0,44.0,33.4,19.7,66,8617,1,8340,73.9,0.3,7.94,87.5,1
252,21,61,0,21.5,36,109,46,42.2,43.7,19.5,60,7254,1,8598,74.2,0.26,7.81,86.8,1
252,22,61,0,21.6,32,117,40,44.5,34.4,18.9,64,5938,1,8736,74.6,0.22,8.11,87.5,1
252,23,61,0,22.18,33,102,0,57.3,33.3,19.9,65,5249,1,8800,77.3,0.19,7.45,87.5,1
252,24,61,0,22.42,36,155,0,47.9,35.6,19.4,64,7871,0,8611,78.1,0.13,6.96,87.5,1
252,27,61,0,22.15,0,145,64,55.0,35.3,18.7,66,8283,0,8698,79.9,0.14,7.57,77.1,0
252,28,61,0,20.68,37,169,40,55.2,31.8,19.5,65,4951,1,9027,80.6,0.14,8.07,77.6,1
252,29,61,0,21.88,23,141,74,46.5,34.8,19.6,65,7136,1,8749,76.8,0.12,7.53,77.4,1
252,30,61,0,20.96,17,140,47,53.8,29.2,19.1,64,4002,1,6791,76.8,0.13,7.32,77.4,1
252,31,61,0,21.34,11,147,115,57.0,33.8,19.5,64,8298,1,6991,73.6,0.17,8.42,77.4,0
252,32,61,0,22.55,19,139,72,38.4,29.9,19.1,61,5376,0,6586,75.6,0.09,8.19,77.6,1
252,34,61,0,22.34,21,123,0,54.2,36.1,19.1,65,3210,0,6821,72.5,0.09,7.41,86.0,1
252,35,61,0,21.06,33,132,0,63.0,38.2,19.1,67,4137,0,6872,72.3,0.12,7.65,86.0,0
252,36,61,0,21.35,0,144,0,49.7,35.2,19.4,65,3379,0,6967,70.4,0.14,8.14,86.0,1
252,37,61,0,22.1,12,156,92,57.5,27.6,18.8,63,8530,0,6334,70.2,0.13,7.83,85.5,1
252,38,61,0,21.19,18,126,0,39.1,34.5,19.5,59,4626,0,6908,70.0,0.11,8.53,85.5,1
253,14,29,1,23.17,29,73,50,18.1,35.8,20.2,56,12859,1,8719,68.3,0.82,6.5,58.2,1
253,15,29,1,22.94,25,162,0,26.1,34.5,17.8,57,11778,1,8913,68.6,0.85,6.72,57.5,1
253,16,29,1,23.05,34,175,0,37.2,29.7,18.8,56,8704,1,9015,68.7,0.85,6.62,56.7,0
253,17,29,1,23.13,49,121,120,13.7,27.8,19.9,58,15917,2,8955,69.4,0.92,6.71,56.0,1
253,18,29,1,22.88,23,130,0,21.0,29.8,19.0,57,5949,2,9461,69.4,0.93,8.01,55.3,1
253,20,29,1,22.78,32,72,107,22.1,34.1,19.3,52,11340,2,9679,69.5,0.93,7.17,57.5,1
253,21,29,1,22.91,28,98,25,26.7,37.1,19.3,54,7627,2,9232,69.5,0.87,6.86,58.1,1
253,22,29,1,23.35,36,119,0,37.3,33.5,18.4,58,8338,2,9048,69.6,0.91,6.35,59.5,0
253,23,29,1,22.92,41,156,37,27.2,28.4,18.5,57,11217,2,9400,69.5,0.94,6.68,59.5,0
253,24,29,1,22.25,20,138,0,25.6,32.5,19.5,60,15492,2,9826,69.1,0.97,7.47,58.0,0
253,27,29,1,23.2,33,71,0,25.7,31.6,18.5,51,10302,2,9266,71.3,0.89,6.67,48.5,0
253,28,29,1,23.3,44,104,85,23.9,32.4,19.1,53,9048,1,9194,71.5,0.88,6.65,47.1,0
253,29,29,1,22.67,35,132,51,14.4,32.6,19.3,53,5761,2,8734,71.7,0.87,7.12,46.8,0
253,30,29,1,23.12,47,107,0,34.6,32.0,19.7,56,7396,2,9171,71.6,0.84,6.74,47.4,1
253,31,29,1,22.51,37,120,26,29.0,32.9,18.8,57,9704,1,10347,71.8,0.83,7.26,48.2,1
253,34,29,1,22.93,21,51,53,14.7,35.0,19.0,52,11257,1,9204,65.4,0.77,6.88,61.8,1
253,35,29,1,22.42,45,103,54,11.3,36.9,19.5,54,10285,1,9165,65.4,0.8,7.44,63.3,0
253,36,29,1,22.76,9,78,0,15.2,33.6,17.7,55,10448,1,9054,64.8,0.75,6.81,62.2,0
253,37,29,1,22.45,33,111,40,9.5,30.3,19.4,57,13849,1,8722,64.2,0.72,7.45,62.2,1
253,38,29,1,22.64,23,128,80,19.7,30.6,18.9,52,6707,1,8667,64.0,0.67,7.29,62.9,0
254,14,23,0,21.8,42,154,68,45.4,32.9,20.0,58,7509,0,6003,75.0,1.6,7.45,91.3,1
254,15,23,0,22.19,34,120,100,36.6,28.8,20.3,62,9587,0,5532,77.1,1.45,7.21,91.7,1
254,16,23,0,22.14,28,114,12,17.9,29.0,20.1,60,7437,0,5256,77.2,1.45,7.22,91.7,0
254,17,23,0,22.03,58,163,0,59.5,37.8,18.5,60,10278,0,5758,77.2,1.43,7.16,92.3,1
254,20,23,0,22.35,34,145,26,42.6,35.9,19.5,60,6573,0,6049,77.4,1.41,6.85,57.7,1
254,21,23,0,22.42,37,131,0,36.9,29.4,20.0,60,6708,0,6234,77.6,1.43,6.98,57.7,1
254,22,23,0,22.41,72,172,120,50.1,33.0,21.0,61,9550,0,5875,78.0,1.46,6.84,57.7,1
254,23,23,0,22.27,48,194,0,37.2,30.6,20.7,59,7591,0,6351,80.2,1.47,6.95,57.7,1
254,24,23,0,23.2,73,134,62,38.5,34.1,20.8,61,8881,0,5919,80.0,1.43,6.01,58.0,1
254,27,23,0,23.09,76,141,0,17.7,25.9,20.7,60,3748,0,6673,76.8,1.36,6.03,87.8,1
254,28,23,0,21.44,51,238,90,37.5,28.1,20.0,64,7968,0,6741,77.4,1.46,7.95,87.8,0
254,29,23,0,21.67,42,106,36,30.3,32.7,20.2,58,7072,0,7266,77.0,1.43,7.4,87.7,1
254,30,23,0,22.97,67,143,47,24.6,31.3,21.4,62,7841,0,7454,75.8,1.41,6.19,87.8,1
254,31,23,0,22.61,58,205,0,46.3,29.3,19.5,60,7333,0,7110,75.9,1.49,6.64,88.4,1
254,34,23,0,21.33,39,167,19,41.0,24.8,21.3,62,4412,0,7655,76.1,1.48,7.84,69.6,1
254,35,23,0,22.33,65,144,0,34.7,32.2,20.9,56,6934,0,7624,74.5,1.41,6.91,70.6,1
254,36,23,0,22.44,69,178,0,37.8,32.6,20.2,60,7665,0,7594,74.5,1.41,6.71,70.6,1
254,37,23,0,21.61,64,158,0,44.2,29.2,20.0,62,10043,0,7125,74.5,1.42,7.57,70.7,1
254,38,23,0,21.62,57,157,0,33.7,27.4,19.8,63,6682,0,7048,73.7,1.38,6.39,71.9,1
255,14,31,1,22.77,45,55,51,41.3,44.4,19.3,59,9775,0,4999,72.3,0.11,7.44,79.0,1
255,15,31,1,23.42,66,53,0,50.7,33.0,19.3,60,5008,0,5313,72.3,0.09,6.6,78.9,1
255,16,31,1,22.55,4,72,0,24.9,47.0,19.8,57,7005,0,5601,72.3,0.13,7.73,78.7,1
255,17,31,1,23.68,29,56,0,46.6,40.3,19.5,57,5463,0,5449,73.0,0.17,6.59,79.0,1
255,20,31,1,23.49,34,58,0,37.4,43.6,19.3,58,7115,0,5540,77.9,0.26,6.76,74.4,1
255,21,31,1,22.82,7,94,0,21.2,41.1,19.0,57,7079,0,5724,78.0,0.28,7.22,74.4,1
255,22,31,1,22.45,17,58,41,32.9,35.9,20.3,56,7219,0,5681,80.8,0.27,8.03,74.4,1
255,23,31,1,22.66,47,22,0,46.1,43.9,20.0,59,8475,0,5790,81.2,0.24,6.52,74.4,0
255,24,31,1,23.19,42,110,55,43.1,43.4,19.5,59,7015,0,6222,78.8,0.29,6.97,73.5,1
255,25,31,1,23.32,56,69,42,20.5,37.9,19.6,56,6736,0,6299,79.0,0.34,7.87,72.9,1
255,26,31,1,23.66,16,33,8,32.1,45.5,19.2,57,7814,0,6243,78.2,0.32,7.72,79.0,1
255,27,31,1,23.39,39,27,0,26.9,41.8,20.1,57,7510,0,6218,76.5,0.26,6.88,93.9,0
255,28,31,1,22.25,26,26,22,53.5,41.2,19.8,60,7824,0,6089,77.0,0.26,7.22,93.9,0
255,29,31,1,22.75,47,49,80,33.5,40.9,18.6,54,9275,0,5739,74.3,0.27,7.64,93.8,1
255,30,31,1,22.94,37,0,24,43.3,38.7,19.8,56,5646,0,5550,74.2,0.2,7.49,93.8,1
255,31,31,1,22.91,45,66,56,31.2,46.4,19.7,55,7153,0,5611,74.5,0.22,7.03,94.0,1
255,34,31,1,22.19,29,66,59,48.6,34.1,19.9,57,13703,0,5667,78.5,0.18,7.3,78.0,1
255,35,31,1,22.47,33,71,50,38.3,32.1,19.3,57,7341,0,6091,76.4,0.14,7.85,77.9,1
255,36,31,1,23.03,12,59,59,34.2,36.9,20.1,57,5698,0,6507,76.3,0.1,7.15,77.2,1
255,37,31,1,22.92,26,79,0,43.2,38.6,19.9,55,5404,0,6510,76.4,0.16,7.31,77.2,0
255,38,31,1,23.31,35,88,0,48.9,39.9,21.1,58,4962,0,6355,78.3,0.11,6.77,76.5,1
256,14,24,0,22.08,36,65,68,58.8,39.8,25.2,62,5942,2,15175,71.6,0.87,6.17,49.9,0
256,15,24,0,21.42,0,81,0,43.1,36.9,24.7,64,5326,2,14178,71.3,0.87,7.09,48.8,0
256,16,24,0,22.47,35,57,25,45.7,35.5,25.3,64,5220,2,14709,70.4,0.8,5.92,51.3,1
256,17,24,0,21.31,33,72,52,51.5,37.2,26.1,65,9004,2,13466,72.0,0.84,6.86,51.3,0
256,20,24,0,22.41,7,42,31,30.8,31.1,25.1,62,5560,1,12199,63.6,0.61,6.17,44.2,1
256,21,24,0,20.9,17,55,0,65.2,30.6,24.5,63,8468,1,12111,63.8,0.62,7.55,45.1,1
256,22,24,0,22.39,30,42,0,53.0,33.8,25.4,65,5517,1,10836,61.7,0.47,5.85,45.1,0
256,23,24,0,22.69,50,75,0,39.4,36.0,25.7,66,6352,1,10370,61.7,0.47,5.61,43.3,0
256,24,24,0,22.23,39,102,0,51.7,35.4,25.3,68,6528,1,10384,62.3,0.56,6.07,46.0,0
256,27,24,0,22.32,22,44,25,44.5,32.2,24.7,60,7021,1,11767,54.3,0.58,6.23,37.8,0
256,28,24,0,23.28,43,61,21,48.8,29.7,24.5,62,3882,2,13311,54.9,0.64,5.08,37.1,0
256,29,24,0,22.79,62,135,28,53.0,36.8,23.9,64,4951,1,13642,55.7,0.72,5.77,37.8,0
256,30,24,0,22.18,20,125,83,38.4,31.9,24.1,69,10248,2,14884,57.1,0.81,6.51,37.1,0
256,31,24,0,21.96,30,127,0,48.1,28.5,25.2,64,10261,2,15303,57.1,0.77,6.42,35.3,1
256,32,24,0,23.29,30,119,69,43.5,30.2,24.7,65,10402,2,15536,58.8,0.8,6.31,35.3,0
256,34,24,0,22.57,50,0,120,52.7,33.2,24.2,61,8442,2,16758,56.6,0.86,6.06,45.8,0
256,35,24,0,22.13,28,70,0,50.9,34.8,23.3,62,5901,2,17024,56.7,0.87,6.53,45.8,1
256,36,24,0,21.89,30,39,75,57.5,36.0,24.0,65,6968,2,16889,59.4,0.94,6.67,45.8,0
256,37,24,0,23.02,33,104,44,60.5,36.4,24.6,63,7727,2,16890,59.1,0.88,5.49,45.8,0
256,38,24,0,23.06,46,94,33,46.1,36.4,25.1,66,8197,2,17096,59.5,0.89,5.36,45.8,0
257,14,21,2,22.84,54,141,9,56.1,37.2,19.9,60,8402,1,10095,65.1,0.67,7.98,67.0,1
257,15,21,2,24.27,43,108,120,50.8,33.7,19.4,54,10366,1,10096,63.4,0.58,6.78,66.1,0
257,16,21,2,24.37,58,91,44,57.6,36.4,20.6,56,6481,1,9938,63.4,0.56,6.44,66.1,0
257,17,21,2,23.95,71,139,0,66.7,34.2,20.2,57,7443,1,11006,64.3,0.68,6.62,66.6,1
257,20,21,2,24.2,79,81,120,70.9,33.9,21.9,53,10751,1,11161,74.7,0.65,6.82,45.7,0
257,21,21,2,23.51,60,93,59,44.4,31.8,21.4,55,10173,1,10800,74.6,0.61,7.26,47.5,1
257,22,21,2,24.52,57,13,62,66.4,38.1,21.4,58,7313,1,9623,74.0,0.6,6.48,49.1,0
257,23,21,2,24.74,79,103,0,62.1,40.4,21.2,59,5649,1,11272,74.0,0.6,6.08,49.8,0
257,24,21,2,25.09,51,172,44,66.8,43.6,21.4,59,6776,1,12889,74.1,0.62,5.56,49.8,0
257,27,21,2,24.9,59,69,0,69.1,32.3,21.3,55,6832,1,14127,65.0,0.68,5.68,57.2,0
257,28,21,2,25.42,77,135,0,78.2,25.5,21.0,57,10554,2,13943,65.0,0.7,5.14,55.4,0
257,29,21,2,24.37,66,217,0,46.7,37.0,20.4,64,5664,2,14554,68.0,0.9,6.46,56.3,0
257,30,21,2,24.29,60,156,105,63.8,40.0,20.9,59,9935,2,15064,67.9,0.93,6.49,56.9,0
257,31,21,2,25.29,74,143,13,62.4,36.5,21.6,59,7703,2,16001,67.8,0.92,5.66,57.3,0
257,34,21,2,23.53,61,87,37,69.2,37.6,20.7,54,7778,2,15977,68.1,0.88,7.32,68.0,0
257,35,21,2,26.0,80,79,33,68.3,35.3,21.1,57,5679,2,15624,66.9,0.85,4.82,69.2,0
257,36,21,2,24.91,71,118,89,67.6,33.7,21.2,58,5844,2,15995,68.3,1.02,6.05,66.7,0
257,37,21,2,24.43,55,143,69,53.9,31.5,20.3,57,5532,2,14915,68.5,1.05,6.57,66.0,0
257,38,21,2,24.85,50,129,0,54.3,41.2,21.0,60,6699,3,14045,68.4,1.02,5.96,65.5,0
258,14,24,2,24.0,64,197,0,21.7,36.4,23.4,66,5720,2,18600,55.4,2.6,5.08,22.1,0
258,15,24,2,24.49,82,157,0,21.2,39.1,24.0,67,5787,2,19978,55.3,2.61,4.44,21.0,0
258,16,24,2,24.61,107,211,54,18.7,44.7,23.8,70,9620,2,19729,55.2,2.66,3.92,20.0,0
258,17,24,2,24.65,113,173,29,16.0,32.0,23.6,69,9336,2,19941,55.5,2.73,4.44,21.4,0
258,20,24,2,23.96,99,73,0,26.4,33.3,24.4,63,7314,2,19702,53.2,2.66,4.9,16.3,0
258,21,24,2,24.23,73,147,0,29.2,35.1,23.8,69,7100,2,18787,52.4,2.64,4.47,17.1,0
258,22,24,2,23.83,71,112,0,12.7,38.1,23.7,67,9996,2,19534,52.5,2.63,5.32,18.6,0
258,23,24,2,24.03,70,138,0,27.1,34.3,22.6,69,11970,2,19534,52.4,2.6,5.28,18.6,0
258,24,24,2,24.23,72,189,0,29.8,40.5,24.0,66,8994,2,19595,52.7,2.61,4.69,19.7,0
258,27,24,2,24.17,81,106,0,14.8,39.3,23.2,63,8341,2,19610,46.7,2.44,4.91,38.9,0
258,28,24,2,24.67,108,176,0,27.8,38.7,23.2,69,6403,2,19689,47.9,2.45,4.31,40.9,0
258,29,24,2,24.25,103,188,0,32.7,40.4,24.4,71,6289,2,19689,48.5,2.5,4.41,39.3,0
258,30,24,2,24.04,78,178,89,22.7,37.2,24.6,66,15680,2,19938,47.9,2.5,5.0,38.5,0
258,31,24,2,24.5,64,177,0,26.6,38.1,24.4,67,11613,2,19938,47.8,2.43,4.41,37.4,0
258,33,24,2,24.83,101,83,11,0.2,39.3,23.9,63,6696,2,20085,48.0,2.44,5.13,44.5,1
258,34,24,2,24.12,93,161,120,17.1,32.4,24.8,68,9680,2,20398,51.8,2.65,4.89,30.6,0
258,35,24,2,23.64,84,188,62,12.4,42.6,23.1,66,7502,3,21407,52.1,2.65,5.41,27.8,0
258,36,24,2,23.98,87,157,34,32.8,35.8,24.7,69,7121,3,20818,51.8,2.59,4.82,29.4,1
258,37,24,2,24.34,81,158,99,16.6,35.4,24.2,69,9998,3,19411,51.6,2.62,4.78,30.9,0
258,38,24,2,24.33,95,155,42,26.1,34.4,25.1,71,9547,3,19504,51.7,2.66,4.29,30.9,0
259,14,36,0,21.76,60,59,61,44.7,30.2,20.2,51,12304,0,5016,53.6,0.35,7.67,67.4,0
259,15,36,0,23.79,47,39,0,44.2,35.3,19.4,54,5078,0,4995,53.7,0.36,6.24,67.7,0
259,16,36,0,21.98,68,75,97,54.0,31.2,19.5,56,11033,0,5341,53.0,0.44,8.22,67.4,1
259,17,36,0,22.66,50,33,20,39.3,35.0,19.7,50,8162,0,5658,53.0,0.4,7.38,67.3,0
259,20,36,0,20.95,62,52,94,57.6,31.1,20.1,53,8817,0,4819,53.5,0.33,7.14,76.9,1
259,21,36,0,22.04,68,53,108,41.2,40.8,21.1,53,10489,0,4840,53.4,0.38,7.99,76.8,1
259,22,36,0,22.92,56,12,54,46.6,33.6,20.6,55,7143,0,5168,56.7,0.4,7.5,76.8,1
259,23,36,0,21.47,36,53,62,44.3,33.1,19.4,48,7490,0,4984,62.5,0.39,7.67,76.7,0
259,24,36,0,20.83,53,36,0,70.9,40.4,19.8,51,12930,0,4853,61.0,0.33,7.02,76.7,1
259,27,36,0,21.71,54,48,120,51.3,34.4,19.6,54,15195,0,4846,55.1,0.31,7.52,93.1,0
259,28,36,0,20.52,52,0,0,54.3,36.0,20.4,52,4120,0,5108,54.6,0.34,6.81,92.6,1
259,29,36,0,21.06,47,70,89,55.7,29.6,20.4,55,10699,1,5327,0.0,0.4,7.55,92.3,0
259,30,36,0,21.94,60,71,61,54.0,34.0,19.3,54,6755,1,5312,0.0,0.31,7.57,92.3,1
259,31,36,0,22.01,59,45,29,46.8,33.1,19.8,54,7523,0,5094,0.0,0.36,8.0,92.6,1
259,34,36,0,22.02,51,24,0,58.1,32.9,19.4,56,8744,0,5955,0.0,0.35,7.83,83.8,1
259,35,36,0,22.16,49,41,51,54.1,40.0,19.7,54,6506,0,5888,0.0,0.3,7.62,83.8,1
259,36,36,0,22.64,46,47,37,44.8,33.6,20.5,51,9514,0,5387,0.0,0.33,7.61,83.8,0
259,37,36,0,21.75,37,34,75,41.6,33.1,19.8,52,9588,0,5213,0.0,0.32,7.52,83.8,1
259,38,36,0,21.96,52,33,0,58.3,37.5,19.2,53,8509,0,5291,0.0,0.33,7.05,83.8,1
260,14,26,2,24.62,27,152,9,65.3,46.5,19.3,58,7866,2,12257,55.3,1.59,4.89,38.9,0
260,15,26,2,23.92,43,150,110,57.6,34.6,19.8,63,9798,2,11878,55.2,1.57,5.81,41.2,0
260,16,26,2,25.69,76,158,51,79.8,42.0,20.3,63,9255,2,10088,54.8,1.55,3.79,42.5,0
260,17,26,2,25.13,29,194,0,56.3,36.2,19.0,61,10766,2,11910,55.1,1.71,4.4,40.9,0
260,18,26,2,24.04,51,163,70,62.6,38.9,18.4,63,9306,2,13120,55.5,1.79,6.62,41.5,1
260,20,26,2,24.67,22,94,0,47.8,33.3,20.1,58,7506,2,13996,55.2,1.83,4.93,46.8,0
260,21,26,2,24.44,25,150,120,57.4,39.3,19.6,62,8522,2,14709,56.0,1.91,5.3,45.9,0
260,22,26,2,23.35,57,145,75,53.4,42.1,19.7,62,12105,2,15635,61.0,2.04,6.47,42.3,0
260,23,26,2,24.32,32,156,14,58.8,35.2,19.8,63,9099,2,14850,60.0,1.96,5.43,40.1,0
260,24,26,2,25.39,30,142,9,70.5,45.0,20.0,61,13988,2,13898,59.8,1.93,4.08,41.8,0
260,27,26,2,23.85,27,81,49,55.1,42.4,19.6,56,7696,2,14587,56.2,2.02,5.82,30.4,0
260,28,26,2,23.47,59,140,120,69.5,36.9,20.1,59,8886,2,14700,56.1,2.0,6.22,31.6,1
260,29,26,2,24.26,41,161,94,70.9,36.6,21.1,59,10698,2,14889,54.7,1.91,5.57,33.9,1
260,30,26,2,24.64,52,186,53,51.4,31.0,20.0,63,8857,2,15462,55.2,1.93,5.08,36.0,0
260,31,26,2,24.44,52,154,28,59.2,41.7,20.2,66,14149,2,14414,55.0,1.83,5.15,36.5,0
260,34,26,2,24.43,29,72,0,50.6,34.6,20.4,52,7960,2,13580,55.5,1.67,5.31,56.2,0
260,35,26,2,23.78,21,132,0,62.6,39.0,19.5,58,11196,2,13492,55.4,1.64,5.84,53.4,0
260,36,26,2,23.63,50,144,16,41.5,45.7,19.1,58,7896,2,13774,54.4,1.61,5.98,54.5,0
260,37,26,2,23.44,42,131,0,49.7,31.9,19.5,60,7185,2,14275,54.6,1.64,6.19,53.9,0
260,38,26,2,24.31,26,141,47,72.7,42.6,19.8,59,6640,2,15478,53.2,1.59,5.42,53.5,0
261,14,41,0,22.22,36,98,76,39.4,38.1,19.7,59,5732,0,5126,74.9,0.4,7.7,82.5,0
261,15,41,0,21.58,9,82,0,46.3,35.2,19.6,58,6024,0,5229,76.6,0.4,7.31,82.5,1
261,16,41,0,21.41,27,52,0,30.7,40.4,20.4,60,3936,0,5725,74.5,0.45,8.53,82.5,1
261,17,41,0,21.68,29,83,2,38.5,37.1,19.6,60,5197,0,5657,74.2,0.41,7.3,82.5,1
261,20,41,0,22.06,42,94,85,48.1,27.9,19.7,62,7161,0,5914,76.2,0.47,7.79,77.1,0
261,21,41,0,21.54,3,74,45,31.4,37.6,19.6,59,6962,0,5735,76.2,0.45,8.22,77.6,1
261,22,41,0,21.7,31,93,32,41.1,34.5,19.6,61,5317,0,5822,79.9,0.42,7.9,77.6,1
261,23,41,0,22.2,32,81,83,53.5,33.5,18.9,56,6633,0,5964,79.9,0.41,7.76,78.1,1
261,24,41,0,22.36,49,88,0,41.0,35.2,19.2,58,4251,0,6736,80.0,0.43,7.35,78.7,0
261,27,41,0,21.7,35,56,0,24.8,36.0,19.4,59,5055,0,6325,77.4,0.46,7.49,82.6,0
261,28,41,0,22.27,24,89,0,41.5,38.2,20.2,60,5199,0,6178,76.7,0.44,7.15,82.6,0
261,29,41,0,21.87,46,90,86,38.5,37.5,19.5,60,7757,0,6212,76.8,0.48,8.11,83.0,0
261,30,41,0,22.35,43,69,6,44.5,39.3,20.0,60,5433,0,5456,78.6,0.42,7.51,82.6,1
261,31,41,0,21.8,17,97,62,16.6,35.1,19.6,59,5497,0,5909,78.8,0.5,8.13,82.3,1
261,34,41,0,22.32,65,34,0,34.3,30.5,19.6,61,3440,0,6093,76.9,0.41,7.47,73.0,1
261,35,41,0,21.32,15,56,62,42.8,42.2,20.1,57,5849,0,6076,77.0,0.44,8.45,72.3,1
261,36,41,0,21.08,22,82,0,46.3,33.2,20.2,59,5134,0,6251,76.6,0.42,7.75,72.3,1
261,37,41,0,22.21,34,52,26,42.6,35.3,19.9,58,4060,0,5693,72.9,0.43,7.64,72.3,0
261,38,41,0,21.93,24,80,0,30.0,29.8,20.1,59,7027,0,5419,72.9,0.44,7.89,73.0,1
262,14,43,0,23.08,19,85,57,16.6,36.1,18.8,55,6886,0,5953,68.7,0.94,7.44,85.0,1
262,15,43,0,22.04,44,84,36,25.2,36.1,19.6,58,9374,0,7109,64.9,0.91,7.56,85.7,1
262,16,43,0,22.07,38,52,87,37.1,35.0,18.4,58,7490,0,7031,68.4,0.87,7.19,85.7,1
262,17,43,0,22.99,49,54,27,28.2,36.0,18.8,57,9234,0,6736,68.9,0.87,7.31,85.7,1
262,20,43,0,22.08,22,82,0,14.7,36.6,17.8,55,5391,0,6065,64.8,0.83,6.99,67.1,1
262,21,43,0,21.92,18,146,66,11.3,28.0,18.6,57,7741,0,5870,66.1,0.88,7.49,67.2,1
262,22,43,0,21.88,31,140,0,40.2,38.0,17.6,59,8189,0,5884,71.5,0.88,7.02,67.1,1
262,23,43,0,21.2,8,108,120,26.0,36.5,18.4,56,8025,0,5760,72.1,0.9,8.26,67.1,1
262,24,43,0,20.5,21,127,74,21.1,36.5,17.6,54,12053,0,5631,71.2,0.83,7.66,67.1,1
262,25,43,0,22.91,39,56,9,13.9,37.9,18.3,59,7553,0,5717,65.6,0.82,7.09,67.1,1
262,27,43,0,22.15,18,89,75,8.8,29.6,18.7,61,11723,0,5483,66.8,0.9,7.96,64.8,1
262,28,43,0,20.96,28,53,99,38.0,36.2,18.9,59,12322,0,5180,68.6,0.86,8.52,64.7,0
262,29,43,0,20.12,31,72,66,22.4,39.4,17.7,56,8661,0,4313,70.2,0.78,6.92,64.8,1
262,30,43,0,21.05,38,75,0,24.9,43.0,17.9,58,8138,0,4092,0.0,0.83,7.49,64.7,1
262,31,43,0,22.08,42,69,0,31.3,29.5,17.3,56,5982,0,4261,0.0,0.8,6.92,64.7,1
262,32,43,0,20.76,25,62,0,17.0,34.2,19.1,56,6663,0,4598,0.0,0.83,7.99,64.7,1
262,34,43,0,21.77,40,79,45,33.8,33.9,17.6,60,8274,0,4864,0.0,0.85,7.57,80.4,1
262,35,43,0,23.19,27,95,95,36.5,31.4,17.7,59,11691,0,5775,0.0,0.81,7.2,79.9,0
262,36,43,0,20.76,30,104,0,46.2,44.0,17.4,64,7175,0,5777,0.0,0.83,6.9,79.9,0
262,37,43,0,21.34,12,88,50,25.1,27.9,17.4,57,9272,0,5679,0.0,0.84,7.87,79.9,1
262,38,43,0,21.69,9,65,45,29.9,37.5,18.1,55,6573,0,5655,0.0,0.87,8.01,79.4,1
263,14,48,1,23.47,39,31,11,47.8,44.9,19.8,57,7631,0,4812,68.4,0.13,7.91,68.6,1
263,15,48,1,23.28,34,2,0,54.9,37.8,20.0,56,5628,0,4832,68.2,0.14,7.7,68.6,1
263,16,48,1,22.19,24,77,103,28.4,41.5,21.0,60,9016,0,4903,69.6,0.17,8.24,68.5,1
263,17,48,1,23.68,59,34,116,45.9,40.7,21.1,57,8099,1,4985,71.9,0.14,7.65,68.8,0
263,18,48,1,22.88,51,37,44,34.1,46.1,20.2,58,8138,1,5068,71.2,0.16,8.1,68.8,1
263,20,48,1,22.22,14,67,54,47.6,40.6,20.8,58,4923,1,5202,71.2,0.17,7.97,79.2,1
263,21,48,1,22.72,36,16,0,59.4,49.0,19.6,60,6458,1,5249,70.2,0.19,7.63,79.2,1
263,22,48,1,22.7,15,42,0,42.1,45.5,20.7,61,4099,0,5469,72.2,0.15,7.99,79.2,1
263,23,48,1,22.85,49,42,31,29.3,36.2,21.3,59,6743,0,5125,72.3,0.1,8.28,79.2,0
263,24,48,1,22.62,16,14,0,33.6,49.0,20.1,60,3110,0,4749,75.2,0.06,7.94,79.2,1
263,25,48,1,23.67,35,10,0,33.0,46.3,19.8,58,5852,0,4923,76.7,0.08,7.7,79.5,1
263,27,48,1,21.62,53,55,0,45.5,47.7,19.3,59,3909,0,5608,72.8,0.03,7.86,64.4,0
263,28,48,1,22.97,27,0,37,17.6,34.0,21.0,60,9829,0,5890,68.1,0.07,8.21,64.4,1
263,29,48,1,22.2,35,51,0,41.0,38.0,19.5,57,11034,0,6149,68.8,0.05,8.28,64.4,1
263,30,48,1,22.5,25,28,0,33.2,33.3,20.4,57,5065,0,6249,68.2,0.01,8.21,63.7,1
263,31,48,1,22.35,40,44,0,27.9,50.6,20.2,57,6362,0,6225,68.8,0.01,7.67,63.7,1
263,34,48,1,23.33,35,34,36,33.9,41.9,20.1,59,7179,0,5850,71.0,-0.0,7.67,72.5,1
263,35,48,1,23.35,28,55,48,44.6,49.5,21.5,63,8321,0,5751,71.4,0.02,7.69,72.4,1
263,36,48,1,23.19,30,45,38,38.5,33.6,20.4,62,4759,0,5506,71.1,0.01,8.68,72.4,1
263,37,48,1,23.34,23,36,63,43.7,43.3,19.8,61,5313,0,5386,69.7,-0.04,7.77,72.1,1
263,38,48,1,23.77,36,37,0,52.6,40.7,20.8,60,4807,0,5628,69.4,-0.0,7.79,71.8,0
264,14,35,1,23.0,33,122,0,55.2,35.5,22.9,60,11645,2,11347,59.6,0.85,6.38,34.9,0
264,15,35,1,22.52,34,116,67,60.3,36.9,22.2,63,4927,2,13018,59.5,0.88,7.09,34.3,0
264,16,35,1,23.24,50,103,74,56.0,32.2,22.8,62,7273,2,12931,58.5,0.79,6.24,35.0,0
264,17,35,1,22.76,48,110,0,72.1,33.4,22.9,64,4642,2,12994,58.4,0.8,6.54,35.7,1
264,20,35,1,22.24,43,64,98,57.4,32.6,23.2,57,6320,2,13468,52.2,0.7,7.42,22.8,0
264,21,35,1,23.18,53,69,0,55.2,33.0,23.0,57,3447,2,13734,50.9,0.61,6.16,22.1,1
264,22,35,1,23.41,53,107,0,78.4,36.1,22.3,61,5745,2,13505,51.2,0.66,5.87,22.7,0
264,23,35,1,23.08,61,146,16,52.3,31.4,23.3,65,3608,1,13894,51.2,0.68,6.15,23.4,1
264,24,35,1,22.78,41,161,10,55.2,35.3,22.9,63,6821,1,14710,50.7,0.67,6.45,24.0,0
264,27,35,1,22.77,69,48,0,57.0,33.7,23.0,59,5179,1,14289,45.7,0.61,6.54,47.6,1
264,28,35,1,23.2,46,94,0,49.2,34.4,22.5,62,5757,1,14094,44.9,0.6,6.21,49.1,0
264,29,35,1,23.08,57,168,0,67.4,32.8,23.6,67,3070,1,12865,45.2,0.62,6.11,48.4,0
264,30,35,1,22.93,27,123,0,45.9,45.6,22.9,65,5080,1,13185,45.3,0.69,6.44,47.7,0
264,31,35,1,22.9,47,137,12,59.5,28.9,22.6,64,5172,1,11719,44.9,0.67,6.72,47.7,1
264,34,35,1,23.11,51,80,0,63.0,41.2,23.0,61,4646,1,13095,48.5,0.73,6.16,39.8,0
264,35,35,1,22.82,57,71,0,60.0,35.3,24.3,63,7744,1,12604,49.1,0.82,6.38,39.2,0
264,36,35,1,22.42,47,119,0,61.0,32.0,23.9,64,6518,1,13183,48.6,0.81,6.81,39.2,1
264,37,35,1,23.0,52,126,0,62.4,43.3,24.4,64,4137,1,13273,47.4,0.74,5.95,39.8,0
264,38,35,1,22.8,50,143,0,63.8,29.8,24.3,65,5964,1,12495,47.0,0.75,6.41,38.7,0
265,14,47,2,24.28,22,53,0,50.5,39.2,23.2,68,3882,1,5966,43.2,0.98,6.15,60.6,0
265,15,47,2,22.83,43,140,0,57.0,39.9,24.6,70,3154,1,7199,43.5,1.01,7.31,60.6,1
265,16,47,2,24.59,30,91,0,36.9,36.5,23.8,67,3222,1,7946,43.9,1.05,5.83,59.8,0
265,17,47,2,26.0,48,123,32,43.4,33.8,24.9,71,4733,1,8631,43.8,1.02,4.27,59.5,0
265,19,47,2,24.39,54,42,72,45.5,35.5,24.6,63,5078,1,10350,51.6,1.17,7.41,40.9,1
265,20,47,2,22.49,51,62,0,35.5,44.3,25.9,65,4077,2,10339,53.7,1.14,7.26,41.2,1
265,21,47,2,23.18,24,80,0,41.0,40.8,25.0,64,2215,2,11268,51.5,1.18,6.96,40.7,1
265,22,47,2,22.64,44,75,20,31.2,36.3,24.5,69,3636,2,11304,50.9,1.18,7.46,40.1,1
265,23,47,2,23.28,29,99,0,48.0,38.7,23.9,65,4692,1,11155,48.3,1.1,7.12,41.6,1
265,24,47,2,24.32,43,83,0,34.2,40.3,23.8,68,2432,1,10816,47.7,1.02,6.05,41.6,1
265,26,47,2,25.35,44,40,31,53.1,36.9,24.1,65,4081,1,9924,45.7,1.06,6.15,74.5,1
265,27,47,2,24.39,32,72,0,44.3,41.3,25.5,64,4219,1,10596,49.8,1.17,5.76,71.5,0
265,28,47,2,23.5,26,134,0,56.8,43.9,24.5,73,2871,1,11781,50.5,1.24,6.65,71.5,0
265,29,47,2,24.2,37,142,57,49.7,37.4,24.9,71,6981,1,11037,49.8,1.2,5.93,71.5,1
265,30,47,2,23.5,26,152,0,55.8,33.7,25.2,73,5570,2,11309,51.4,1.3,6.64,71.2,1
265,31,47,2,24.02,41,96,0,55.8,31.6,25.2,71,3334,2,10896,50.6,1.24,6.07,69.1,0
265,34,47,2,24.65,41,32,64,54.3,36.1,25.3,62,4938,2,10255,52.9,1.16,5.73,57.1,1
265,35,47,2,23.0,50,96,0,37.2,37.0,25.0,69,3240,1,9827,56.0,1.26,7.14,56.6,1
265,36,47,2,23.09,24,71,0,50.7,39.0,25.7,69,2539,1,10221,55.7,1.25,6.99,57.8,0
265,37,47,2,22.6,34,66,0,52.6,44.1,25.0,69,3207,2,10131,56.6,1.29,7.37,57.8,1
265,38,47,2,23.3,37,117,32,60.7,39.3,25.8,70,5189,1,10494,54.6,1.27,6.65,59.2,1
266,14,21,1,22.69,32,203,0,46.0,34.8,17.0,63,2531,1,9741,58.0,0.94,6.93,53.4,0
266,15,21,1,23.15,22,256,20,45.3,22.4,18.5,65,4503,1,10009,58.3,0.94,6.62,54.3,1
266,16,21,1,22.86,34,235,0,24.8,28.9,16.9,63,4276,1,10202,58.6,0.95,6.66,54.9,1
266,17,21,1,23.82,36,262,76,55.9,30.6,18.0,67,7129,1,10532,58.4,0.94,6.02,56.6,0
266,20,21,1,22.92,14,197,0,33.3,33.2,17.1,59,3335,1,8829,65.3,0.85,6.67,31.4,0
266,21,21,1,22.69,13,201,0,58.3,28.2,17.0,61,3423,1,8850,65.6,0.87,6.97,31.4,1
266,22,21,1,22.89,46,175,0,36.2,30.5,17.0,64,3415,1,9139,65.9,0.88,6.74,31.9,1
266,23,21,1,23.28,61,219,14,50.0,29.8,17.2,62,4077,1,8808,65.8,0.88,6.13,31.9,0
266,24,21,1,23.88,69,288,0,52.1,37.3,17.2,66,3295,1,9995,66.1,0.92,5.51,30.7,0
266,26,21,1,23.98,42,126,63,51.0,25.8,17.4,60,4814,1,9081,59.2,0.95,7.01,70.6,0
266,27,21,1,23.27,25,242,0,48.0,34.5,16.9,65,3166,1,9204,59.1,0.99,6.39,44.8,1
266,28,21,1,23.19,58,265,0,44.9,27.0,18.0,65,3144,1,8608,59.0,0.96,6.55,46.5,0
266,29,21,1,23.26,39,236,56,59.9,26.0,15.5,65,5394,1,8965,59.7,0.99,5.97,46.5,0
266,30,21,1,23.18,41,291,0,52.3,33.3,16.8,68,3352,1,9467,59.3,1.04,6.17,45.9,1
266,31,21,1,22.98,32,228,0,29.9,34.0,17.5,67,2096,1,9459,59.5,1.07,6.47,45.9,0
266,32,21,1,23.68,46,236,98,37.0,29.4,17.1,68,5553,1,10361,58.7,1.04,7.25,47.6,0
266,34,21,1,23.09,36,187,25,37.8,28.7,17.4,60,2827,1,10956,57.2,1.03,6.51,52.8,1
266,35,21,1,23.41,47,201,0,48.4,29.3,16.5,63,3318,1,11088,57.3,1.05,5.97,51.6,0
266,36,21,1,22.9,52,265,18,54.4,32.8,16.4,65,4392,1,11461,57.9,1.12,6.41,51.6,1
266,37,21,1,22.78,48,274,0,30.7,32.8,16.9,67,2140,1,12051,57.4,1.14,6.78,50.8,1
266,38,21,1,23.04,32,236,0,47.7,22.1,16.1,66,3181,1,11574,57.0,1.09,6.33,52.3,0
267,14,28,2,24.31,39,129,108,28.4,38.3,22.1,66,6732,2,10392,68.0,1.17,5.88,48.8,0
267,15,28,2,22.88,52,168,0,43.7,33.0,22.6,72,4789,2,11037,68.0,1.17,6.94,47.9,1
267,16,28,2,24.14,67,122,0,17.2,37.2,23.1,67,4931,2,11517,65.4,1.09,5.58,47.9,0
267,17,28,2,24.24,40,143,80,28.1,33.0,21.9,67,5151,2,10246,65.7,1.17,6.01,47.4,0
267,20,28,2,23.82,31,115,0,28.1,35.9,21.6,62,5331,2,10393,70.1,1.14,6.15,25.5,0
267,21,28,2,23.8,55,121,0,32.4,39.6,22.0,70,4692,2,9580,69.9,1.17,6.14,27.4,1
267,22,28,2,23.43,60,96,0,33.0,34.7,21.7,69,3055,2,10009,69.6,1.17,6.66,29.1,0
267,23,28,2,23.93,24,114,0,29.6,31.0,22.6,69,3745,1,10086,68.9,1.07,6.18,28.2,0
267,24,28,2,23.47,32,152,0,23.2,33.5,22.5,67,5808,1,9258,69.2,1.11,6.63,28.2,0
267,27,28,2,24.43,78,61,0,43.1,39.4,21.5,63,6475,2,8823,53.6,0.99,5.31,38.1,0
267,28,28,2,23.81,45,135,0,39.5,32.2,21.4,70,3648,2,9442,54.0,1.09,6.26,36.4,0
267,29,28,2,23.67,32,204,74,28.3,43.1,21.0,64,7391,2,8484,53.6,1.06,6.16,35.8,0
267,30,28,2,23.37,57,147,0,48.1,35.5,22.1,72,6748,2,8257,54.9,1.12,6.63,37.2,1
267,31,28,2,23.93,34,143,0,28.0,33.1,22.9,71,4382,1,9091,54.3,1.04,5.96,37.2,0
267,34,28,2,23.9,29,102,45,46.1,35.3,20.6,64,5145,1,9437,48.9,1.04,6.32,32.2,1
267,35,28,2,23.42,43,137,0,19.8,32.8,21.7,66,5037,1,9153,49.2,1.03,6.61,33.7,1
267,36,28,2,23.62,26,150,0,17.4,37.2,22.3,67,4005,1,8296,48.9,0.99,6.46,33.7,0
267,37,28,2,24.28,33,147,18,40.7,36.3,21.5,73,4377,2,8017,49.1,1.01,5.74,32.9,0
267,38,28,2,23.14,44,155,14,38.9,39.4,21.1,68,3769,2,9384,49.3,1.04,6.93,32.1,0
268,14,22,2,23.89,70,153,0,71.2,47.6,17.3,68,5269,2,21651,55.7,1.79,5.83,28.3,0
268,15,22,2,24.55,75,134,28,65.1,47.6,16.8,66,4758,3,21519,56.0,1.83,5.01,25.3,0
268,16,22,2,23.86,60,199,0,86.6,41.6,17.4,72,3375,3,21519,55.9,1.8,5.96,25.3,0
268,17,22,2,23.36,71,172,0,70.3,49.7,17.1,72,3962,3,21337,55.1,1.77,6.07,26.3,0
268,20,22,2,22.83,27,78,74,58.8,49.2,17.8,62,5149,3,20877,48.2,1.66,7.2,67.8,0
268,21,22,2,22.91,74,83,0,70.2,48.9,17.0,66,3332,3,20257,46.9,1.53,6.73,69.8,0
268,22,22,2,23.9,80,125,0,71.0,47.6,16.6,68,4442,2,18957,45.3,1.35,5.49,73.2,0
268,23,22,2,23.24,68,123,39,58.7,48.8,17.5,65,4287,2,18128,45.2,1.34,6.48,73.2,0
268,24,22,2,24.55,58,127,0,70.3,52.8,15.9,67,4636,2,16855,44.2,1.22,4.78,70.4,0
268,25,22,2,25.54,87,161,0,54.3,50.5,16.9,71,3344,2,17628,45.6,1.34,5.11,70.4,0
268,26,22,2,25.27,76,152,34,68.2,50.6,17.9,70,3179,2,17628,46.8,1.32,5.55,48.6,0
268,27,22,2,23.97,93,204,0,81.5,41.4,18.1,71,3068,2,18025,47.1,1.62,5.78,45.1,0
268,28,22,2,23.54,69,152,41,77.9,45.5,18.2,75,3429,3,18357,47.5,1.65,6.12,43.9,0
268,29,22,2,25.06,76,182,0,78.7,44.2,18.3,71,3874,2,17903,47.1,1.63,4.64,43.3,0
268,30,22,2,24.09,66,202,0,75.7,47.5,16.7,71,2842,2,17903,47.1,1.65,5.4,44.3,0
268,31,22,2,25.14,72,164,0,62.9,38.5,19.0,72,2860,2,18084,47.0,1.69,4.78,44.3,0
268,34,22,2,24.76,39,124,0,69.4,49.7,17.7,66,2572,2,18516,59.7,1.81,4.96,30.2,0
268,35,22,2,25.24,64,142,19,62.1,48.9,17.6,72,2916,2,18496,61.3,1.97,4.3,30.3,0
268,36,22,2,25.27,46,166,0,68.4,50.2,17.0,72,2063,2,19744,64.1,2.15,4.13,29.5,0
268,37,22,2,24.1,45,193,0,67.1,49.2,18.0,70,2608,3,20572,65.5,2.24,5.74,29.5,0
268,38,22,2,23.89,88,248,0,59.3,46.3,17.3,73,3393,2,21219,67.4,2.3,5.59,31.9,0
269,14,20,2,23.58,28,113,72,36.1,50.8,19.5,58,8665,1,7020,84.5,1.17,7.34,67.3,1
269,15,20,2,23.41,40,76,0,45.2,59.6,19.1,60,4284,1,6891,83.2,1.11,6.79,68.0,0
269,16,20,2,24.4,60,150,0,53.1,56.1,19.9,60,4452,1,7466,79.6,1.12,6.35,68.0,0
269,17,20,2,24.13,18,119,67,38.9,58.3,19.4,61,10385,1,7720,79.8,1.13,7.05,67.6,0
269,20,20,2,23.99,35,112,44,45.4,54.6,19.9,59,5643,1,7039,71.3,1.09,6.88,76.5,0
269,21,20,2,24.21,27,119,36,47.7,60.3,20.3,59,7423,1,8768,71.5,1.12,6.64,76.4,0
269,22,20,2,23.61,54,134,0,37.3,58.4,20.0,61,4093,1,10661,71.6,1.19,7.14,76.4,1
269,23,20,2,24.15,26,87,29,38.4,59.6,19.3,57,8209,1,10990,70.7,1.15,6.77,76.9,1
269,24,20,2,24.06,36,68,39,38.8,59.5,20.5,61,5686,1,11583,71.0,1.21,6.81,76.9,0
269,25,20,2,24.55,45,91,71,19.9,51.9,19.6,60,7479,1,12193,71.1,1.23,7.98,76.9,1
269,27,20,2,24.13,50,73,63,40.0,55.6,19.7,57,8904,1,12556,69.0,1.15,7.05,79.9,1
269,28,20,2,24.4,52,77,27,38.6,57.2,20.7,58,10916,1,12035,68.9,1.13,6.41,79.9,1
269,29,20,2,23.47,42,119,15,51.9,54.4,18.9,60,9217,1,12979,69.7,1.19,7.55,80.0,1
269,30,20,2,24.5,37,61,0,38.9,59.0,20.5,59,6343,1,12786,71.8,1.14,6.6,79.5,0
269,31,20,2,23.9,46,113,120,44.0,61.0,19.6,63,7251,1,12241,72.0,1.12,7.32,80.0,0
269,34,20,2,24.29,67,53,0,50.4,50.4,20.4,59,5886,1,12048,76.2,1.12,6.47,68.7,1
269,35,20,2,24.39,49,73,72,47.4,56.6,20.7,63,8808,1,11093,76.4,1.15,6.7,68.7,0
269,36,20,2,24.21,28,98,42,37.4,57.1,20.4,62,7202,1,11093,76.7,1.14,6.94,68.3,0
269,37,20,2,24.55,22,70,0,34.4,63.9,19.5,62,11937,1,11384,78.2,1.16,6.36,68.3,0
269,38,20,2,23.75,49,109,0,34.4,56.4,20.3,62,4035,1,10811,78.6,1.19,7.28,67.7,1
270,14,20,1,23.57,62,18,0,36.9,30.3,23.8,63,3443,2,15270,63.7,1.32,5.96,48.2,1
270,15,20,1,22.75,59,106,17,39.4,28.0,25.8,66,6874,2,16965,64.5,1.38,6.59,48.2,0
270,16,20,1,23.75,90,118,41,41.8,30.3,25.1,61,6198,2,18351,62.9,1.34,5.77,47.1,0
270,17,20,1,23.79,77,153,0,30.0,30.5,24.9,66,4618,2,18482,62.8,1.34,5.64,46.8,0
270,18,20,1,24.09,93,145,0,49.1,29.5,24.2,67,5670,2,18396,62.7,1.36,6.55,47.5,0
270,20,20,1,23.23,81,29,39,36.3,27.8,24.8,59,7817,2,19454,61.7,1.37,6.36,37.8,1
270,21,20,1,23.06,83,109,0,33.0,31.4,24.8,63,3544,2,19457,61.1,1.33,6.56,37.8,1
270,22,20,1,23.61,89,97,0,50.4,29.5,24.7,64,4611,2,17956,60.6,1.24,5.74,39.0,0
270,23,20,1,23.91,62,142,0,36.3,37.2,24.9,68,4672,2,17210,61.5,1.36,5.6,38.2,0
270,24,20,1,24.22,85,140,0,41.1,35.2,25.6,66,4585,2,18066,61.9,1.38,5.1,37.7,0
270,27,20,1,23.7,79,35,0,32.3,26.5,25.3,61,4826,2,18169,58.6,1.48,5.55,63.3,0
270,28,20,1,21.83,62,78,0,19.9,32.0,25.5,65,3123,2,17658,58.3,1.53,7.65,64.3,0
270,29,20,1,22.9,85,94,0,43.4,29.9,24.9,62,4202,2,16763,55.2,1.41,6.49,62.8,0
270,30,20,1,22.98,59,142,19,29.6,31.0,25.8,65,7257,2,15484,55.5,1.42,6.52,62.8,0
270,31,20,1,23.23,87,81,0,34.0,27.3,25.5,67,3588,2,14351,54.7,1.36,6.15,62.4,0
270,34,20,1,23.25,77,48,0,52.1,30.8,25.6,59,4217,1,13377,56.7,1.28,6.24,49.0,1
270,35,20,1,23.67,62,91,0,31.6,34.9,25.5,61,3094,2,13576,56.7,1.29,5.86,48.2,0
270,36,20,1,23.31,81,158,51,32.0,28.7,24.6,64,8535,1,13919,57.1,1.34,6.4,48.8,1
270,37,20,1,23.66,64,100,20,23.9,30.2,25.4,64,4982,1,14665,57.1,1.29,5.97,49.9,0
270,38,20,1,24.17,76,145,81,22.7,36.6,25.7,66,6035,1,13027,57.1,1.26,5.32,50.8,0
271,14,29,1,23.22,62,86,41,65.3,39.7,20.7,67,7941,1,6190,73.3,0.95,7.43,58.9,0
271,15,29,1,23.69,77,82,0,71.8,35.1,20.3,68,8469,1,6024,79.3,0.86,7.41,58.9,1
271,16,29,1,23.19,31,91,0,68.7,34.5,20.5,65,4404,1,7438,79.6,0.83,7.72,58.3,1
271,17,29,1,22.74,17,29,34,54.2,32.6,20.4,66,6733,1,7399,79.9,0.87,7.48,58.3,1
271,18,29,1,23.74,43,53,0,66.4,27.6,19.4,65,6528,1,7152,80.3,0.84,7.02,58.4,0
271,20,29,1,22.55,47,86,0,53.7,36.5,20.7,61,6536,1,8230,81.5,0.88,7.75,84.3,1
271,21,29,1,22.72,62,69,0,61.1,26.2,21.1,68,7548,1,8369,79.7,0.86,7.51,84.3,0
271,22,29,1,23.23,30,56,24,81.8,32.9,22.1,63,6544,1,8722,78.8,0.89,7.32,84.4,0
271,23,29,1,23.33,33,44,0,74.2,37.1,20.9,64,5998,1,8883,79.3,0.86,7.93,89.3,1
271,24,29,1,23.63,47,29,0,78.3,35.7,21.6,64,8848,1,9052,79.7,0.88,7.44,88.8,0
271,27,29,1,22.97,45,14,0,67.5,31.4,21.3,65,6822,1,10214,74.7,0.82,7.01,78.0,0
271,28,29,1,23.29,81,106,102,69.6,37.0,21.5,67,10557,1,9945,73.6,0.84,6.76,78.0,1
271,29,29,1,23.37,59,95,15,99.3,29.2,21.0,67,5331,1,9874,73.1,0.88,7.89,78.0,0
271,30,29,1,23.42,65,37,0,82.3,29.8,20.8,64,4479,1,8391,73.3,0.85,7.61,75.0,1
271,31,29,1,23.71,76,59,45,72.8,35.9,21.9,64,6671,1,8183,73.2,0.86,7.4,75.6,0
271,34,29,1,23.4,51,91,0,70.8,33.9,21.7,67,16174,1,7406,73.6,0.81,8.17,79.2,1
271,35,29,1,23.21,46,40,110,67.6,31.5,20.6,64,14191,0,7132,75.6,0.78,7.29,78.8,1
271,36,29,1,23.53,40,41,24,69.5,33.7,22.4,65,12031,0,7076,77.4,0.8,7.3,78.5,1
271,37,29,1,23.16,53,86,86,68.7,41.4,21.4,65,6205,0,8212,78.0,0.8,7.48,81.0,1
271,38,29,1,23.47,66,67,0,83.0,35.6,21.8,65,5736,0,8403,77.4,0.83,7.01,79.6,0
272,14,24,1,22.76,46,71,0,62.0,37.0,22.0,60,6317,1,7777,80.5,1.03,7.6,93.2,1
272,15,24,1,22.42,34,93,76,67.2,29.4,22.2,60,8464,1,7597,81.2,0.99,7.31,93.4,0
272,16,24,1,22.43,16,79,0,46.3,23.4,20.8,62,8011,1,7042,77.8,1.0,7.67,93.4,1
272,17,24,1,22.86,46,42,49,55.0,33.1,21.2,62,7700,1,6547,77.7,0.99,7.61,92.6,1
272,20,24,1,23.86,42,35,0,68.6,35.9,21.9,64,7251,1,6578,77.7,1.02,6.85,88.8,1
272,21,24,1,22.66,59,133,33,52.0,30.0,20.7,65,6419,1,6912,77.3,1.07,7.85,89.6,1
272,22,24,1,24.22,76,81,32,57.1,31.6,21.8,57,5624,1,7013,76.9,0.98,6.54,88.8,1
272,23,24,1,22.83,73,113,113,67.7,32.7,21.3,66,7565,1,7111,75.9,1.04,7.9,88.9,0
272,24,24,1,22.94,39,61,120,53.3,33.2,21.2,59,8839,1,6325,76.1,0.95,7.86,88.8,0
272,27,24,1,23.3,23,30,43,62.6,28.0,22.5,63,5982,1,6817,77.9,0.99,7.18,88.0,1
272,28,24,1,23.63,69,128,0,78.9,33.6,21.7,63,6631,1,6588,77.9,1.01,6.76,85.9,1
272,29,24,1,23.53,45,79,68,67.7,33.9,21.7,62,11724,1,8206,78.4,1.07,7.37,85.9,0
272,30,24,1,23.06,37,103,107,66.8,32.1,22.1,61,18000,1,8478,81.8,1.06,7.65,85.9,1
272,31,24,1,22.89,36,96,120,67.4,31.1,21.2,61,9106,1,8336,85.0,1.06,7.9,85.9,0
272,34,24,1,23.69,74,106,53,66.6,26.2,21.5,60,7132,1,9764,85.4,1.04,7.02,67.8,0
272,35,24,1,23.35,35,111,65,60.5,31.5,22.8,65,8909,1,9303,85.7,1.03,7.29,67.7,0
272,36,24,1,23.13,47,111,106,61.5,28.7,21.8,59,11833,1,9025,87.0,1.07,7.61,67.5,0
272,37,24,1,21.65,31,76,120,49.9,28.0,22.5,64,8895,1,10011,88.5,0.99,7.76,67.5,1
272,38,24,1,22.83,64,69,0,66.2,25.7,21.2,64,7756,1,10186,77.8,1.01,7.06,67.5,0
273,14,29,0,22.7,24,67,35,70.0,36.2,25.7,69,4864,1,8117,43.1,1.03,6.08,74.0,0
273,15,29,0,21.98,4,58,93,72.8,35.7,25.1,71,8316,1,8032,46.0,1.07,7.13,73.0,0
273,16,29,0,21.64,9,146,84,80.5,35.3,25.1,70,5640,1,8237,46.6,1.08,7.48,73.6,0
273,17,29,0,21.4,45,66,0,84.5,34.4,25.0,68,5362,1,8375,47.0,1.1,7.36,73.7,0
273,20,29,0,22.26,18,45,75,74.7,37.4,24.4,65,4788,1,8008,45.9,1.02,6.92,61.3,1
273,21,29,0,21.3,10,67,67,48.0,29.8,24.8,66,5645,1,8295,45.9,1.01,7.87,61.3,1
273,22,29,0,23.68,35,42,0,81.4,31.1,24.0,65,3662,1,8230,45.5,0.9,5.37,61.3,0
273,23,29,0,21.92,40,101,65,78.8,36.2,24.0,69,7655,1,9782,45.9,1.0,7.17,61.7,0
273,24,29,0,22.1,24,70,0,77.2,31.7,24.2,68,4863,1,9945,45.7,0.87,6.87,61.1,1
273,27,29,0,20.63,31,27,0,70.5,30.6,24.9,66,3740,1,8546,62.8,0.84,7.56,71.1,0
273,28,29,0,22.44,16,27,0,78.9,32.3,24.6,66,4055,1,8421,58.8,0.85,6.48,71.7,1
273,29,29,0,21.29,20,56,64,72.2,31.4,24.5,68,5475,1,8631,58.8,0.82,8.04,73.2,1
273,30,29,0,21.21,57,66,0,82.8,35.8,22.7,64,4045,1,8527,58.5,0.76,7.09,72.6,1
273,31,29,0,21.39,18,43,0,86.9,37.3,23.8,69,3634,1,8717,56.8,0.78,7.7,74.8,0
273,34,29,0,21.55,10,23,0,73.6,31.3,23.7,64,6840,1,8769,56.4,0.74,7.57,47.1,1
273,35,29,0,23.16,25,52,71,69.5,28.4,23.8,64,6050,1,8969,56.1,0.7,6.03,45.7,0
273,36,29,0,21.73,37,91,27,82.9,41.6,24.9,67,6103,1,9621,56.3,0.83,6.96,44.4,0
273,37,29,0,21.28,31,70,0,71.8,35.9,23.9,69,3395,1,8162,56.5,0.71,7.59,45.0,1
273,38,29,0,22.86,36,98,23,70.1,30.9,24.5,66,3832,1,7355,55.8,0.68,6.12,43.4,0
274,14,34,1,24.64,64,12,64,71.7,50.1,21.6,58,5595,1,7575,72.6,0.52,5.3,63.2,0
274,15,34,1,22.8,10,73,0,54.3,41.7,20.6,64,4297,1,8731,73.5,0.66,7.3,63.4,1
274,16,34,1,23.53,37,70,51,64.2,39.7,20.9,60,8769,1,8462,73.2,0.65,6.47,62.5,0
274,17,34,1,23.12,24,11,0,62.0,43.3,20.9,61,6519,1,9057,74.6,0.73,6.92,61.6,1
274,19,34,1,23.45,52,53,92,44.8,34.4,21.6,58,9025,1,9235,72.8,0.73,7.99,75.7,1
274,20,34,1,23.58,53,35,0,60.2,40.4,20.3,59,4830,1,9114,72.0,0.72,6.49,51.9,1
274,21,34,1,22.73,64,47,56,58.8,43.5,21.3,61,5661,1,8613,73.6,0.77,7.21,51.3,0
274,22,34,1,23.56,12,10,89,57.0,44.4,21.5,61,6218,2,8526,72.3,0.67,6.63,50.3,1
274,23,34,1,22.37,33,65,0,43.3,39.9,21.6,62,4869,1,7562,72.6,0.67,7.7,50.3,1
274,24,34,1,22.19,37,47,0,35.3,35.4,21.0,56,4004,1,7778,71.3,0.63,7.52,51.1,1
274,27,34,1,22.21,14,29,0,48.7,28.9,20.3,56,6083,1,8764,57.5,0.62,8.0,36.0,1
274,28,34,1,23.42,47,6,0,60.2,37.6,20.9,60,6122,1,8624,56.6,0.59,6.68,37.7,1
274,29,34,1,23.52,41,47,51,83.2,38.7,20.6,59,6050,1,7265,56.8,0.49,6.66,37.7,0
274,30,34,1,23.62,38,58,0,61.0,45.5,20.6,62,3418,1,8857,57.2,0.54,6.23,39.4,0
274,31,34,1,23.87,34,88,0,69.7,41.7,21.1,64,4269,1,9129,57.2,0.56,6.09,39.4,0
274,34,34,1,22.91,30,30,0,63.8,36.9,20.8,56,4883,1,9448,48.7,0.57,7.3,69.4,1
274,35,34,1,23.34,25,42,0,53.2,45.9,20.7,57,4211,1,9759,48.3,0.51,6.52,67.6,1
274,36,34,1,23.39,41,30,0,75.5,43.5,20.6,61,4434,0,9516,48.9,0.56,6.6,67.6,0
274,37,34,1,23.04,34,61,34,53.6,33.3,20.3,61,5161,1,9492,48.7,0.57,7.19,66.2,1
274,38,34,1,23.04,36,37,0,57.6,34.8,20.8,60,5705,1,9310,49.7,0.6,7.16,65.3,0
275,14,29,2,24.41,38,72,84,97.7,38.3,18.1,61,5909,2,17215,50.3,1.89,5.88,26.0,0
275,15,29,2,24.18,39,106,0,79.5,49.6,19.1,63,4244,2,18386,50.8,1.92,5.48,25.3,0
275,16,29,2,24.93,58,135,0,100.0,40.9,18.4,71,6124,2,19462,51.3,2.0,4.89,25.3,0
275,17,29,2,24.78,36,164,81,97.0,42.7,18.3,68,7291,2,19982,51.4,2.05,5.29,22.9,0
275,20,29,2,23.68,48,84,64,94.5,46.9,18.0,62,5246,2,19678,53.3,1.89,6.41,33.1,0
275,21,29,2,24.52,40,90,67,80.4,46.6,19.2,63,5152,2,19168,52.7,1.81,5.45,32.5,0
275,22,29,2,23.88,51,159,0,88.2,41.3,18.6,68,5860,2,18995,53.5,1.86,6.02,33.6,0
275,23,29,2,23.84,34,144,36,78.2,47.4,18.9,66,8007,3,19294,52.6,1.82,5.95,32.5,0
275,24,29,2,23.51,50,154,32,96.0,47.6,18.6,68,6477,2,17798,52.4,1.82,6.33,35.7,0
275,27,29,2,25.18,32,53,120,91.3,41.3,19.5,64,9577,2,15212,46.9,1.71,5.02,20.0,0
275,28,29,2,25.03,68,121,8,100.0,33.9,18.7,67,6234,2,16497,48.2,1.81,4.82,18.3,0
275,29,29,2,23.51,34,97,35,96.5,38.2,18.7,65,4573,2,16998,48.2,1.89,6.49,16.5,0
275,30,29,2,24.88,45,154,0,92.7,42.2,18.4,66,7038,2,16998,47.8,1.81,4.85,15.1,0
275,31,29,2,23.23,41,136,73,92.0,46.2,19.2,69,4528,2,16998,47.7,1.82,6.61,15.1,0
275,34,29,2,23.9,44,92,0,91.4,36.1,18.7,61,7538,2,15969,40.6,1.74,5.99,24.4,1
275,35,29,2,22.99,35,118,47,98.9,46.6,19.5,69,5517,2,15469,40.6,1.77,6.85,27.6,0
275,36,29,2,23.93,42,113,0,72.9,43.2,17.9,67,5993,2,15586,38.5,1.67,5.77,25.7,0
275,37,29,2,24.03,47,113,51,88.5,46.0,18.6,70,4814,2,14946,38.3,1.68,6.07,26.6,0
275,38,29,2,24.79,43,134,34,100.0,40.8,19.3,65,6406,2,14970,38.9,1.67,5.14,25.2,0
276,14,31,2,24.37,78,124,0,49.0,37.2,22.7,62,2572,1,10921,74.7,1.0,6.91,68.3,0
276,15,31,2,24.11,65,169,52,46.8,40.2,23.9,63,4430,1,12803,76.1,0.95,6.79,68.3,0
276,16,31,2,24.0,83,208,35,42.5,38.7,23.1,60,5158,1,12549,78.2,1.03,7.06,68.7,0
276,17,31,2,25.22,94,165,17,38.1,45.5,24.5,62,6813,1,13191,78.1,1.06,5.34,68.3,0
276,18,31,2,25.47,117,205,27,32.9,46.3,23.0,65,5521,1,13970,80.7,1.22,6.4,69.8,0
276,20,31,2,23.82,66,172,0,33.6,44.6,23.4,58,4537,1,15431,77.2,1.27,7.01,76.3,0
276,21,31,2,25.2,73,204,0,38.8,40.4,23.2,61,5759,1,15610,76.4,1.24,5.78,76.3,0
276,22,31,2,25.14,81,199,35,43.0,47.2,23.7,62,5189,1,16778,76.2,1.27,5.7,77.2,0
276,23,31,2,23.97,61,209,64,42.6,46.6,23.8,65,5519,1,16594,76.9,1.37,6.85,74.8,0
276,24,31,2,25.0,74,187,0,52.0,45.4,23.5,65,4821,1,16021,76.6,1.35,5.84,74.5,0
276,27,31,2,23.28,59,158,38,24.8,48.4,24.0,62,4114,2,14852,76.4,1.45,7.63,68.6,1
276,28,31,2,23.89,55,127,0,44.4,43.1,23.8,58,4103,2,14471,73.8,1.36,7.0,67.3,0
276,29,31,2,23.69,68,124,0,36.1,46.4,24.5,58,6028,2,12917,72.9,1.35,7.15,67.3,1
276,30,31,2,23.71,55,166,83,27.7,42.9,24.4,59,6953,2,13416,72.1,1.33,7.3,67.3,1
276,31,31,2,23.3,65,156,19,25.7,45.8,24.6,61,5382,1,13017,71.6,1.31,7.0,66.8,1
276,33,31,2,24.09,46,94,62,41.6,39.4,23.2,58,4975,1,10506,67.0,1.1,8.53,75.6,0
276,34,31,2,23.95,80,109,46,46.9,41.4,22.8,62,5806,1,11055,69.9,1.09,6.97,75.6,1
276,35,31,2,23.78,82,147,120,33.5,42.3,23.6,57,6184,1,10638,70.1,1.09,6.99,76.4,0
276,36,31,2,24.06,87,177,16,36.5,44.5,24.2,61,6266,1,9656,69.8,1.01,6.44,76.4,1
276,37,31,2,23.53,56,203,4,39.7,41.8,23.3,62,5144,1,8620,69.6,0.95,7.42,76.4,1
276,38,31,2,24.07,51,171,0,44.2,39.7,23.4,60,4321,1,8163,69.3,0.91,6.95,76.4,0
277,14,31,2,23.41,61,217,0,29.1,26.9,21.7,73,6128,3,18191,33.9,2.39,6.07,10.1,0
277,15,31,2,25.67,107,229,20,47.1,29.8,22.2,75,4519,3,19206,33.0,2.29,3.5,10.6,0
277,16,31,2,24.11,88,204,0,44.3,32.9,21.2,75,5321,2,19206,33.1,2.35,4.98,11.8,0
277,17,31,2,23.77,87,217,0,52.4,31.4,22.2,72,3642,2,19922,32.8,2.37,5.41,15.5,0
277,19,31,2,22.27,104,97,0,25.7,35.0,22.3,62,4586,2,19903,33.2,2.39,8.34,71.7,1
277,20,31,2,23.85,74,87,20,27.8,25.7,20.8,65,6522,2,19990,40.8,2.38,5.46,1.9,1
277,21,31,2,24.96,103,167,0,60.2,26.1,20.3,71,5524,2,20265,40.4,2.35,4.22,2.5,0
277,22,31,2,24.28,81,214,0,37.8,32.4,22.0,72,4457,2,20265,41.4,2.47,4.92,4.2,0
277,23,31,2,24.79,81,268,0,38.0,29.6,22.1,73,5128,2,20265,41.0,2.45,4.49,3.7,0
277,24,31,2,24.94,82,187,44,45.2,25.7,21.3,71,5915,2,20265,42.9,2.56,4.59,2.7,0
277,25,31,2,23.66,83,188,0,29.3,34.4,21.4,69,3606,2,19088,43.0,2.57,6.88,3.3,0
277,27,31,2,25.33,68,154,99,46.6,35.5,22.0,67,7341,3,19667,38.1,2.69,4.22,14.4,0
277,28,31,2,24.06,100,218,16,52.8,26.8,23.3,71,5721,3,20925,39.1,2.78,4.98,15.1,0
277,29,31,2,25.76,92,205,0,44.8,25.0,21.5,73,5581,3,20472,39.3,2.86,3.6,14.5,0
277,30,31,2,24.48,60,207,0,38.8,31.6,21.1,73,4665,4,20472,39.3,2.85,4.91,13.1,0
277,31,31,2,25.02,102,235,20,36.1,33.9,20.9,75,4388,4,20472,39.9,2.86,4.26,10.7,0
277,34,31,2,23.9,83,124,0,52.5,28.1,21.8,62,5320,4,20668,42.7,2.93,5.37,17.0,0
277,35,31,2,24.13,67,190,115,29.6,29.3,21.9,70,7401,4,21663,42.7,2.94,5.48,16.0,0
277,36,31,2,22.56,67,231,107,36.5,35.5,22.0,71,9652,4,21663,42.4,2.85,6.94,16.4,0
277,37,31,2,23.81,71,261,23,43.5,35.7,21.6,75,5656,4,20815,39.9,2.71,5.52,17.8,0
277,38,31,2,24.72,90,209,0,40.7,34.9,22.2,73,4647,3,20815,38.9,2.63,4.37,19.3,0
278,14,35,2,23.88,58,106,19,41.1,35.4,21.9,65,10231,2,17703,52.1,1.28,5.68,22.2,0
278,15,35,2,24.08,22,83,0,36.8,32.3,20.9,67,7026,2,18157,51.3,1.28,5.74,20.8,0
278,16,35,2,23.46,36,109,20,20.7,35.7,20.9,65,6392,2,19137,52.0,1.32,6.27,21.3,0
278,17,35,2,23.98,52,97,51,42.2,34.0,21.9,67,8276,2,18468,51.1,1.28,5.71,21.3,0
278,20,35,2,24.04,17,3,51,26.0,38.2,21.7,60,7912,2,18275,50.1,1.33,5.92,29.9,0
278,21,35,2,24.2,56,93,0,43.0,32.9,20.7,66,7954,2,17273,50.2,1.34,5.49,29.9,0
278,22,35,2,24.36,47,130,90,35.0,33.7,22.3,67,8226,2,15853,50.3,1.36,5.4,32.4,0
278,23,35,2,23.87,14,113,0,32.5,31.2,21.1,64,6708,2,16552,50.7,1.37,5.99,31.3,0
278,24,35,2,24.03,31,186,120,36.9,34.9,21.5,69,11942,2,16828,51.2,1.4,5.93,30.6,0
278,27,35,2,23.29,28,52,77,36.6,43.0,21.7,63,9392,2,17505,51.6,1.42,6.57,31.3,0
278,28,35,2,23.6,50,85,35,32.2,37.4,22.2,62,6574,2,17089,50.8,1.37,6.17,32.0,0
278,29,35,2,23.49,22,70,0,37.4,32.4,19.9,63,6234,2,16754,50.7,1.33,6.38,31.5,0
278,30,35,2,23.76,42,110,0,32.0,32.0,21.7,67,5896,2,15962,50.1,1.29,6.06,29.1,0
278,31,35,2,23.63,48,119,110,30.6,36.7,22.0,70,8541,2,15866,50.6,1.3,6.34,29.1,0
278,34,35,2,23.78,58,51,95,31.9,37.5,22.3,61,10267,2,15990,51.7,1.33,6.13,19.0,1
278,35,35,2,24.04,38,93,24,42.2,31.1,21.4,64,6782,2,15621,51.5,1.31,5.64,18.3,0
278,36,35,2,23.68,20,122,0,33.3,30.3,22.6,67,5952,2,15535,51.3,1.3,6.02,15.6,0
278,37,35,2,24.24,59,164,70,40.4,38.6,23.0,66,7768,2,15030,50.6,1.26,5.48,16.4,0
278,38,35,2,24.01,39,159,0,21.7,40.5,22.5,68,5200,2,15030,50.8,1.29,5.66,17.5,0
279,14,44,0,21.56,39,53,0,49.1,31.9,22.1,63,5805,0,9788,71.0,0.7,7.92,74.7,0
279,15,44,0,22.56,47,53,0,47.4,34.2,23.0,61,4843,0,9093,69.8,0.65,6.92,73.4,0
279,16,44,0,21.6,51,14,58,56.4,33.4,23.3,64,6708,0,8159,69.8,0.66,7.63,73.6,0
279,17,44,0,21.64,54,22,73,59.4,31.9,22.8,62,7673,0,7172,69.0,0.66,7.93,74.1,1
279,18,44,0,22.88,47,30,105,47.5,30.8,21.9,63,6626,0,7321,68.3,0.6,7.78,75.0,1
279,19,44,0,21.7,52,22,0,47.3,28.2,23.1,63,3398,0,7548,67.1,0.68,8.27,81.5,1
279,20,44,0,22.26,48,76,56,47.4,27.8,22.7,59,9128,0,7453,71.2,0.68,7.29,87.1,1
279,21,44,0,22.19,57,37,43,26.1,36.9,22.0,58,5674,0,6920,71.4,0.6,7.63,87.1,1
279,22,44,0,22.86,67,52,4,70.9,28.7,22.8,63,8099,0,5793,71.4,0.56,6.36,88.3,0
279,23,44,0,20.98,55,49,0,52.7,35.5,21.6,63,5407,1,5955,72.5,0.69,8.67,86.9,0
279,24,44,0,22.25,51,20,78,58.3,30.9,23.3,63,9136,1,5740,71.0,0.6,7.23,85.9,0
279,27,44,0,21.09,45,39,84,64.9,33.9,23.4,61,7817,1,6180,81.3,0.54,7.99,69.9,0
279,28,44,0,22.09,44,33,18,56.8,32.0,22.6,60,4665,1,5731,78.5,0.51,7.54,69.9,1
279,29,44,0,21.63,41,36,33,43.9,30.8,23.0,61,6427,1,5805,79.0,0.54,7.85,70.4,1
279,30,44,0,21.56,41,48,0,44.6,29.8,23.7,62,7382,1,5419,78.8,0.47,7.79,71.9,1
279,31,44,0,21.85,78,26,53,51.6,28.9,24.0,61,8570,1,5434,78.9,0.46,7.47,73.9,1
279,34,44,0,22.83,76,31,0,65.1,37.9,23.3,65,4735,1,4861,73.1,0.51,6.5,74.2,0
279,35,44,0,23.16,67,72,0,66.4,32.8,23.8,62,5204,1,5366,73.0,0.56,6.25,73.2,0
279,36,44,0,21.88,31,122,0,45.4,31.9,25.1,67,11528,1,7254,72.6,0.66,7.19,72.4,1
279,37,44,0,22.81,48,72,0,63.5,28.2,23.1,67,5072,1,7680,72.0,0.6,6.44,71.5,0
279,38,44,0,21.74,51,95,0,48.6,33.2,23.9,64,4474,1,7249,73.2,0.76,7.52,71.2,1
280,14,22,2,23.69,130,110,0,61.7,32.9,17.7,64,7058,2,13258,65.6,1.59,6.89,74.6,0
280,15,22,2,24.38,123,99,58,38.0,33.0,17.8,64,7212,2,13316,63.6,1.49,6.56,72.2,1
280,16,22,2,24.3,146,108,0,57.5,30.3,18.2,66,5530,2,13496,63.8,1.52,6.69,74.0,0
280,17,22,2,24.69,134,121,41,50.3,34.0,18.6,64,7685,2,13453,63.7,1.44,6.35,72.9,0
280,18,22,2,23.68,166,89,63,56.8,32.5,18.3,66,6218,2,11998,63.9,1.42,8.31,72.5,1
280,20,22,2,24.86,114,96,0,62.5,25.2,17.7,63,8042,2,12294,75.5,1.47,5.84,40.8,1
280,21,22,2,23.0,134,126,0,45.2,33.3,18.1,66,5845,2,12614,75.8,1.55,8.01,39.0,1
280,22,22,2,24.44,88,71,61,45.6,34.8,17.6,60,5720,2,10895,73.3,1.4,6.78,41.3,1
280,23,22,2,24.56,129,54,0,36.8,39.6,18.3,61,5063,2,9133,74.1,1.24,6.23,40.6,1
280,24,22,2,24.75,151,90,0,51.9,28.1,18.3,62,5256,2,9206,74.5,1.17,5.97,41.5,0
280,27,22,2,25.1,138,34,19,33.6,35.4,17.5,58,4806,1,8956,61.4,1.1,5.69,45.2,0
280,28,22,2,23.97,127,60,0,49.0,40.4,17.7,65,4056,1,9244,61.7,1.13,6.64,47.6,1
280,29,22,2,23.91,104,107,88,42.2,30.9,16.7,64,6668,1,8934,62.3,1.14,7.03,47.0,0
280,30,22,2,24.54,166,74,0,38.9,32.7,17.2,64,5978,1,8887,61.8,1.11,6.06,48.6,1
280,31,22,2,25.11,134,117,0,49.3,38.7,17.8,60,4894,1,8144,61.6,1.15,5.55,49.5,1
280,34,22,2,25.95,149,75,37,44.9,25.1,18.0,61,3999,1,7711,53.8,1.18,4.97,23.6,1
280,35,22,2,24.38,121,142,24,29.4,33.5,17.6,68,6194,1,7476,54.0,1.25,6.42,20.6,0
280,36,22,2,25.17,127,103,42,43.8,32.1,18.3,65,3560,2,7987,56.1,1.36,5.66,20.6,0
280,37,22,2,22.63,122,133,113,33.6,29.3,17.4,68,7508,2,8690,56.4,1.44,8.42,21.1,1
280,38,22,2,25.46,138,115,30,65.4,38.9,16.6,63,4154,2,8413,53.1,1.28,4.88,21.1,0
281,14,33,0,22.62,101,72,21,41.9,31.7,20.4,50,8133,1,6536,80.4,0.08,7.88,92.4,1
281,15,33,0,22.08,84,88,73,41.0,34.3,20.7,49,8951,1,6847,80.5,0.08,8.54,92.4,1
281,16,33,0,22.27,81,85,75,46.1,39.3,21.1,55,7813,1,6923,81.4,0.03,8.35,92.4,1
281,17,33,0,22.55,97,76,40,62.0,25.8,20.3,53,6783,1,6337,82.6,-0.01,8.01,93.3,1
281,20,33,0,21.96,67,84,113,39.7,28.1,20.0,53,8322,0,6399,84.0,0.03,8.85,88.3,1
281,21,33,0,22.17,70,73,86,48.9,29.7,20.8,52,11535,0,6501,83.9,-0.03,8.4,88.2,1
281,22,33,0,22.07,57,66,53,35.8,32.4,19.5,53,10252,0,7030,83.9,-0.07,8.93,88.2,1
281,23,33,0,22.25,93,94,96,51.7,34.1,20.7,57,10338,0,6349,85.0,-0.18,7.8,88.3,1
281,24,33,0,22.3,83,60,47,58.9,32.7,20.2,54,12999,0,6101,84.6,-0.15,7.81,88.2,0
281,27,33,0,22.79,91,94,120,55.7,31.8,20.1,59,9096,0,6079,85.5,-0.09,7.15,93.9,0
281,28,33,0,22.25,85,80,57,54.7,37.0,20.9,51,8727,0,6493,87.4,-0.07,7.66,94.0,1
281,29,33,0,22.65,106,71,97,59.9,32.8,20.3,54,14186,0,6182,86.1,-0.05,7.81,94.0,1
281,30,33,0,22.13,110,103,16,43.7,36.9,21.4,55,8303,0,5949,86.3,0.0,8.6,94.0,1
281,31,33,0,22.63,88,58,0,47.4,29.5,20.4,53,11365,0,5909,86.3,-0.02,8.12,94.4,1
281,34,33,0,22.14,61,78,22,49.5,32.9,20.7,53,10987,0,6358,84.1,-0.09,7.67,90.5,0
281,35,33,0,22.59,89,43,113,42.3,40.2,21.4,57,12097,0,6024,82.6,-0.01,7.9,85.7,1
281,36,33,0,21.86,89,74,55,46.7,31.6,21.6,54,17407,0,5562,82.7,0.03,7.84,85.7,1
281,37,33,0,22.27,68,87,120,45.7,34.0,20.7,56,8766,0,5750,80.2,0.11,8.24,85.2,0
281,38,33,0,22.77,101,80,86,56.8,32.9,20.3,54,10015,0,6586,80.7,0.07,7.62,85.2,1
282,14,36,1,23.47,65,80,44,38.7,27.3,20.0,57,6076,0,6976,63.4,0.16,7.7,77.9,1
282,15,36,1,24.32,95,78,0,44.4,31.2,19.9,59,7591,0,7113,68.0,0.14,6.83,77.9,0
282,16,36,1,23.32,74,75,49,27.9,28.9,20.3,62,5809,0,7230,70.2,0.16,8.14,78.4,1
282,17,36,1,24.79,68,75,43,32.8,22.5,19.1,58,7928,0,6622,70.0,0.14,6.54,79.3,0
282,18,36,1,24.43,82,122,27,20.2,33.4,19.6,59,5544,0,7208,69.3,0.23,7.9,78.7,0
282,20,36,1,22.53,60,74,82,27.0,24.7,19.4,62,6743,0,6764,66.1,0.28,8.88,69.5,1
282,21,36,1,23.08,51,57,0,22.0,32.4,20.8,56,7322,1,6723,65.9,0.18,7.71,70.2,1
282,22,36,1,22.88,65,62,0,21.0,27.4,19.8,60,2981,1,6546,68.7,0.2,7.52,70.1,1
282,23,36,1,22.32,65,55,39,25.3,27.2,20.3,58,6283,1,6206,73.4,0.18,8.04,70.2,1
282,24,36,1,22.99,51,102,0,31.5,26.2,20.3,57,5149,1,5779,70.7,0.19,8.22,70.5,1
282,27,36,1,24.06,53,103,90,32.7,31.9,20.4,58,6595,1,5425,67.1,0.2,7.41,88.0,1
282,28,36,1,24.24,80,76,0,40.1,31.1,19.8,60,4448,1,5753,68.1,0.25,6.98,87.8,0
282,29,36,1,23.45,88,98,4,45.4,28.0,20.4,61,5148,1,5102,67.8,0.3,7.8,87.5,0
282,30,36,1,22.29,55,118,86,18.9,23.8,20.5,56,6411,1,4871,68.1,0.23,7.78,87.8,1
282,31,36,1,22.06,67,93,0,22.3,30.1,19.9,58,6031,1,5018,64.7,0.25,8.23,87.8,0
282,34,36,1,22.0,80,65,0,40.7,29.1,20.5,56,4229,1,4755,65.2,0.13,7.25,73.4,1
282,35,36,1,23.36,48,86,82,29.6,28.4,20.4,60,5367,0,4822,60.1,0.24,8.13,74.2,1
282,36,36,1,24.14,47,57,31,25.2,31.7,21.9,59,8989,0,4790,59.8,0.21,7.1,74.2,1
282,37,36,1,23.98,80,90,53,37.2,30.0,19.9,54,6715,0,4905,59.6,0.24,7.47,74.2,1
282,38,36,1,23.95,60,86,29,39.1,30.1,20.2,58,5137,0,5692,60.6,0.28,7.27,74.8,0
283,14,24,1,23.22,33,94,83,66.7,46.3,22.7,63,7715,1,9867,79.8,0.63,7.44,79.7,1
283,15,24,1,23.78,37,113,0,59.6,41.8,23.9,63,10132,1,9971,79.8,0.61,6.4,78.8,1
283,16,24,1,21.99,17,85,40,46.8,43.2,22.3,64,9768,1,10067,79.8,0.63,8.82,78.3,1
283,17,24,1,23.13,6,110,120,44.3,40.5,23.0,59,7550,0,9482,78.5,0.51,7.77,78.9,1
283,20,24,1,23.78,0,71,66,45.1,40.6,23.2,59,11408,0,9712,74.0,0.56,7.09,78.6,1
283,21,24,1,22.45,18,92,9,60.8,41.5,22.6,63,5630,0,9385,76.8,0.6,7.88,77.8,1
283,22,24,1,22.59,48,70,0,52.4,42.4,23.0,60,5872,0,9326,75.2,0.58,7.4,78.6,0
283,23,24,1,24.22,53,76,63,57.0,40.5,22.3,64,8820,0,8565,73.5,0.56,6.47,80.2,1
283,24,24,1,23.28,23,119,51,75.2,42.4,22.5,64,5719,1,7830,73.3,0.63,7.45,79.5,1
283,27,24,1,23.04,3,84,8,45.0,40.1,22.1,59,10211,1,5865,70.6,0.58,7.8,87.3,1
283,28,24,1,23.98,27,77,120,63.0,47.4,22.3,61,8672,1,6020,70.6,0.54,6.85,87.6,1
283,29,24,1,22.96,24,56,0,63.7,43.1,23.1,61,6948,0,6180,70.7,0.58,7.33,87.3,1
283,30,24,1,23.6,31,100,44,67.5,48.0,21.7,61,9493,1,6301,69.8,0.51,7.01,89.1,0
283,31,24,1,22.34,17,65,0,68.3,46.7,21.9,67,7676,1,7619,71.8,0.64,8.06,87.4,1
283,34,24,1,22.96,9,35,0,63.9,45.6,21.9,60,4616,1,7338,71.9,0.54,7.61,72.2,1
283,35,24,1,23.98,38,66,72,66.6,45.0,21.2,59,5995,1,7573,72.0,0.5,6.78,71.4,0
283,36,24,1,23.48,21,77,0,57.4,41.1,21.1,63,3901,1,7143,73.0,0.58,7.31,71.4,1
283,37,24,1,23.97,23,119,88,64.9,42.2,20.5,64,13346,1,7450,75.4,0.58,6.75,71.4,0
283,38,24,1,24.27,38,148,78,60.2,43.0,20.9,69,9924,1,6600,75.6,0.56,6.54,70.8,0
284,14,30,2,24.22,30,163,0,71.4,28.5,25.0,68,5086,2,11126,58.2,1.22,6.06,50.1,0
284,15,30,2,24.21,64,133,67,62.2,28.0,24.0,63,4901,2,12124,58.7,1.24,6.23,47.7,0
284,16,30,2,23.87,37,170,0,53.6,32.5,24.7,65,3242,2,11596,59.2,1.26,6.29,50.2,0
284,17,30,2,24.1,19,219,99,54.4,31.2,24.1,69,6197,2,12890,58.6,1.23,6.53,48.6,0
284,20,30,2,24.13,0,57,54,58.2,32.5,24.5,61,6421,2,13621,58.6,1.22,6.55,79.8,1
284,21,30,2,24.38,65,93,55,68.0,27.2,25.8,68,4679,2,13876,58.6,1.17,5.82,77.4,0
284,22,30,2,24.28,42,173,27,73.7,39.6,24.8,67,5170,2,12238,59.4,1.21,5.87,78.5,0
284,23,30,2,24.58,27,169,36,49.3,32.2,25.1,69,5429,2,13158,60.1,1.29,5.66,78.6,0
284,24,30,2,25.03,47,177,42,59.4,32.1,24.7,74,5565,2,14107,60.7,1.33,5.65,77.6,0
284,25,30,2,24.45,14,153,68,56.1,29.0,23.8,68,8167,2,15617,62.0,1.39,7.26,78.5,0
284,26,30,2,24.5,65,147,75,56.7,38.2,23.7,66,7312,2,16235,65.7,1.49,7.11,51.8,0
284,27,30,2,23.79,44,155,20,53.7,28.1,25.1,67,5104,2,16900,68.4,1.57,6.66,52.0,0
284,28,30,2,23.76,49,126,0,57.0,29.3,23.8,65,4925,3,17025,68.7,1.56,6.5,51.0,0
284,29,30,2,24.32,39,200,0,59.2,30.3,23.4,67,4365,3,16444,68.0,1.52,6.17,49.3,0
284,30,30,2,23.53,26,198,0,49.5,35.9,23.6,67,3740,3,16874,68.1,1.53,6.84,49.1,0
284,31,30,2,24.6,37,159,0,65.5,34.9,24.1,69,4957,3,16916,67.9,1.49,5.95,49.7,0
284,34,30,2,24.29,62,73,0,66.7,29.4,24.3,63,6728,3,16735,71.4,1.52,6.09,48.3,0
284,35,30,2,24.26,37,114,0,67.9,29.8,23.7,65,4149,2,17547,71.3,1.55,6.19,49.2,1
284,36,30,2,24.24,36,119,0,58.2,34.1,23.7,67,4169,2,19185,71.4,1.52,6.14,47.5,0
284,37,30,2,24.01,18,163,85,51.9,34.4,25.0,68,6163,2,17939,71.6,1.5,6.44,46.9,0
284,38,30,2,23.61,44,168,0,60.1,31.4,24.1,67,4411,2,17497,71.3,1.45,6.82,47.7,0
285,14,40,1,22.61,36,129,0,45.5,34.9,24.4,67,4035,0,7820,78.5,1.0,7.35,82.3,1
285,15,40,1,22.19,23,107,58,51.3,30.8,24.3,65,8107,0,7938,78.6,0.93,7.99,82.2,1
285,16,40,1,22.87,80,26,57,73.1,36.8,23.5,71,8969,0,7355,78.0,0.86,6.9,81.7,0
285,17,40,1,23.03,45,78,7,38.3,31.5,24.5,75,3861,0,8265,78.8,0.89,7.58,81.3,1
285,20,40,1,23.35,56,117,0,47.0,23.5,24.7,73,2791,0,7893,71.8,0.91,7.16,90.6,1
285,21,40,1,22.64,40,152,0,51.3,32.9,24.3,71,6242,0,7351,71.7,0.96,7.52,89.6,0
285,22,40,1,22.99,50,82,0,57.2,30.6,24.4,73,8247,1,7359,75.0,0.92,7.26,92.4,1
285,23,40,1,22.91,60,137,28,41.0,27.9,24.7,68,6008,1,6345,76.0,0.91,7.02,92.4,1
285,24,40,1,22.78,75,142,0,58.5,33.7,23.1,70,3983,1,6683,75.6,0.94,7.48,92.3,1
285,27,40,1,23.26,26,107,50,45.7,30.6,25.0,70,4640,1,6588,76.7,0.99,7.48,78.9,1
285,28,40,1,23.28,68,149,77,38.3,34.7,24.1,72,7361,1,8178,76.6,0.98,7.53,78.3,1
285,29,40,1,23.4,84,119,15,58.9,31.0,24.6,72,4257,1,8207,77.3,0.97,6.94,78.2,0
285,30,40,1,23.55,69,136,97,39.2,37.3,25.1,72,8086,1,8947,79.1,1.05,6.97,78.7,0
285,31,40,1,22.84,43,142,0,53.2,29.3,24.7,72,6242,1,8573,80.5,1.04,7.71,78.7,0
285,33,40,1,22.92,74,100,0,32.8,27.1,23.2,71,7294,1,9448,80.3,1.01,7.04,78.3,1
285,34,40,1,23.23,54,138,0,52.8,31.2,23.5,71,7000,1,9591,86.9,1.04,7.44,79.4,0
285,35,40,1,23.24,68,80,90,41.0,30.9,25.0,74,10136,1,9898,86.8,1.02,7.09,79.8,0
285,36,40,1,22.5,43,160,30,44.3,28.1,24.8,74,6042,1,10498,88.0,1.05,7.95,80.1,0
285,37,40,1,23.15,64,108,16,46.3,30.1,24.0,68,6805,1,10808,87.5,1.0,7.46,79.9,1
285,38,40,1,22.96,39,143,22,47.1,35.3,24.5,71,5983,1,10503,88.7,0.97,7.2,79.9,1
286,14,22,1,23.13,39,52,0,22.7,43.6,22.7,68,4783,1,9172,66.4,1.24,6.13,69.6,1
286,15,22,1,22.9,32,115,74,37.8,45.4,22.7,68,6660,1,9309,66.6,1.26,6.55,71.8,0
286,16,22,1,22.69,37,86,0,38.0,48.5,22.0,72,7254,1,9081,66.4,1.24,6.63,70.1,1
286,17,22,1,22.37,17,44,47,29.2,47.8,23.0,67,6889,1,9366,65.8,1.25,6.95,69.6,0
286,19,22,1,23.37,38,25,0,13.1,42.0,23.5,63,7451,1,10414,67.9,1.27,7.36,54.0,1
286,20,22,1,22.68,47,51,0,21.6,54.6,21.4,65,5313,1,10620,71.1,1.26,6.56,54.2,1
286,21,22,1,23.11,56,36,100,27.4,46.9,22.0,65,8405,1,11009,70.4,1.25,6.29,54.9,1
286,22,22,1,22.72,19,132,22,25.1,46.8,22.0,66,5191,1,9469,70.4,1.26,6.88,54.1,1
286,23,22,1,22.86,39,90,95,46.0,44.5,22.9,67,5600,1,9222,70.4,1.23,6.79,55.6,1
286,24,22,1,23.21,64,60,0,22.2,45.9,22.5,67,8766,1,8900,70.8,1.21,6.16,54.9,1
286,27,22,1,22.77,15,71,0,36.7,45.0,22.1,68,4878,1,8376,67.6,1.2,6.61,71.5,1
286,28,22,1,22.56,20,72,21,27.1,48.0,23.5,67,5902,1,8574,67.9,1.19,6.79,70.7,1
286,29,22,1,22.93,32,57,0,30.7,55.7,22.2,67,6401,1,8583,67.4,1.14,6.36,70.0,0
286,30,22,1,23.05,25,89,0,38.3,40.1,23.3,64,4545,1,8284,67.3,1.15,6.25,69.6,1
286,31,22,1,22.41,19,113,0,21.1,42.1,22.0,69,5961,1,7599,67.7,1.18,7.04,70.8,1
286,34,22,1,22.73,23,67,32,19.2,50.7,22.5,64,4525,1,7239,67.9,1.22,6.79,53.1,1
286,35,22,1,23.6,59,85,9,40.4,44.6,22.4,68,6705,1,7028,68.3,1.21,5.68,53.1,0
286,36,22,1,23.53,47,123,79,33.7,50.2,23.3,69,11465,0,7799,68.5,1.25,5.87,53.9,0
286,37,22,1,23.12,50,112,54,28.6,46.1,23.7,71,12254,0,9053,68.9,1.32,6.26,54.6,0
286,38,22,1,23.2,41,103,0,37.9,52.0,22.0,68,4913,1,9680,68.9,1.36,5.98,54.1,0
287,14,32,2,24.57,35,140,67,72.0,29.0,23.4,70,7929,2,17592,46.2,1.94,4.63,17.1,0
287,15,32,2,24.77,42,146,51,95.1,27.4,22.8,73,12568,3,18495,45.9,1.92,4.58,13.8,0
287,16,32,2,24.38,31,175,120,66.1,30.0,21.5,73,11616,3,19023,45.8,1.91,5.26,12.8,0
287,17,32,2,24.43,62,136,31,66.9,30.3,21.6,71,7647,3,19960,46.1,1.9,4.73,12.0,0
287,18,32,2,24.51,45,110,25,52.8,34.1,23.7,69,7199,3,19960,45.6,1.88,5.87,11.5,0
287,20,32,2,23.69,44,50,24,84.4,33.0,23.9,66,6043,3,20901,50.1,2.07,5.48,48.8,0
287,21,32,2,24.17,13,67,120,71.7,26.6,21.4,67,14049,3,19999,48.9,2.05,5.46,48.2,0
287,22,32,2,24.33,45,108,0,69.2,35.0,23.4,70,6218,3,19442,49.6,2.06,4.75,50.5,0
287,23,32,2,23.79,22,182,0,78.5,27.5,23.0,73,4279,3,20375,49.1,2.03,5.3,49.9,0
287,24,32,2,24.41,16,129,34,75.1,25.1,23.2,70,6204,3,20375,48.0,1.93,4.84,50.7,0
287,25,32,2,24.38,64,114,0,64.6,20.6,21.9,71,8467,3,20375,50.2,2.06,6.1,50.7,0
287,27,32,2,23.12,41,62,0,76.8,29.7,22.0,69,3819,4,22091,54.0,2.21,6.19,27.7,0
287,28,32,2,24.26,40,99,50,69.5,28.4,23.0,67,6594,4,22253,52.1,2.04,4.88,26.3,0
287,29,32,2,23.37,16,167,120,83.0,29.4,22.7,72,10934,4,22244,51.8,2.02,6.11,27.1,0
287,30,32,2,24.13,48,156,64,74.2,25.5,23.4,70,7802,3,21649,50.9,1.91,5.24,28.5,0
287,31,32,2,24.54,55,144,0,75.0,29.4,22.8,67,8930,3,21649,50.6,1.91,4.5,25.7,0
287,32,32,2,24.69,62,156,0,74.0,27.9,22.9,72,6046,3,21649,50.6,1.93,5.71,25.6,0
287,34,32,2,24.19,37,59,23,68.4,20.0,23.5,66,10584,3,22315,56.7,1.93,4.9,23.5,0
287,35,32,2,24.15,28,111,54,77.4,24.7,24.5,69,7739,3,22125,57.2,1.97,4.85,25.2,0
287,36,32,2,23.8,28,143,0,82.4,33.3,22.2,72,6027,3,22683,56.7,2.02,5.39,23.5,0
287,37,32,2,24.65,36,176,82,69.3,29.0,23.3,69,9777,3,22683,56.4,1.97,4.45,23.5,0
287,38,32,2,23.56,34,139,0,73.5,27.2,24.0,71,6197,3,22683,57.1,2.03,5.35,26.9,0
288,14,40,0,22.13,27,125,0,51.3,41.1,19.6,65,7573,0,5792,65.5,0.34,7.45,65.9,1
288,15,40,0,21.54,45,156,10,60.8,34.0,20.0,64,5939,0,5858,66.0,0.37,7.9,65.9,1
288,16,40,0,22.34,65,112,0,57.2,40.9,19.6,61,4346,0,6085,65.9,0.32,6.77,65.9,1
288,17,40,0,21.71,4,158,0,79.9,33.3,19.3,68,7812,0,6349,68.8,0.34,8.26,65.8,0
288,18,40,0,21.4,61,113,0,66.1,34.4,18.7,64,5667,0,6597,69.2,0.31,6.95,64.8,0
288,20,40,0,21.52,30,139,29,59.8,33.7,20.2,62,4759,0,6780,59.7,0.32,7.74,82.9,1
288,21,40,0,21.42,0,104,0,44.7,41.1,19.2,62,6811,0,6652,62.8,0.27,7.86,82.6,1
288,22,40,0,21.46,17,152,0,64.5,33.9,19.1,64,5848,0,6558,62.5,0.28,7.42,82.9,1
288,23,40,0,21.69,22,90,0,64.7,39.1,19.9,64,4196,0,6105,64.3,0.26,7.2,82.9,0
288,24,40,0,22.88,16,189,0,62.7,38.9,19.5,66,8026,0,5916,64.0,0.3,7.39,82.9,1
288,27,40,0,21.64,23,168,0,56.8,33.7,19.5,65,5757,0,5728,55.9,0.28,7.8,85.9,1
288,28,40,0,22.23,22,143,0,61.7,36.3,20.0,65,5205,0,6503,57.1,0.25,7.79,85.9,1
288,29,40,0,21.04,20,130,0,72.2,43.7,19.9,65,4806,0,6382,57.0,0.23,7.42,85.9,1
288,30,40,0,20.22,48,142,0,67.1,41.0,19.5,66,5231,0,6241,54.6,0.26,7.74,85.9,0
288,31,40,0,22.39,30,152,0,61.4,35.6,19.3,65,6501,0,5759,48.9,0.19,7.37,85.0,1
288,34,40,0,20.83,25,104,29,60.5,35.3,18.4,65,9306,0,5161,57.5,0.23,7.21,72.0,1
288,35,40,0,20.89,31,206,16,65.2,40.3,18.9,63,4478,0,5170,54.2,0.27,6.96,72.0,0
288,36,40,0,22.9,26,175,33,62.3,40.5,19.4,63,5743,0,5336,51.1,0.33,7.26,72.0,1
288,37,40,0,22.44,42,165,70,55.0,35.7,19.1,66,4193,0,5956,50.4,0.35,7.95,72.1,1
288,38,40,0,22.55,49,144,30,64.0,40.5,19.5,65,5827,0,6117,50.2,0.29,7.77,72.3,0
289,14,22,0,22.2,50,93,8,73.6,49.5,18.8,60,4186,1,7998,68.1,0.42,6.85,63.5,0
289,15,22,0,21.61,46,50,93,58.2,46.0,19.1,59,6539,1,8664,68.7,0.45,7.61,64.0,1
289,16,22,0,22.36,66,93,60,77.3,48.7,19.3,59,7632,1,8547,68.1,0.42,6.56,66.0,0
289,17,22,0,22.91,46,120,0,66.8,44.5,19.0,62,6601,1,8822,67.7,0.43,6.19,66.0,0
289,19,22,0,22.84,68,9,74,45.2,50.3,18.6,55,10283,1,9060,70.6,0.39,7.07,61.4,1
289,20,22,0,22.68,65,90,0,50.2,40.9,18.5,57,4840,1,9468,75.0,0.43,6.52,61.8,1
289,21,22,0,22.02,24,92,0,59.9,45.4,19.1,62,5373,1,9158,75.5,0.46,7.09,63.5,0
289,22,22,0,22.75,51,91,0,64.0,38.7,19.1,60,9053,1,9160,75.1,0.43,6.47,63.5,0
289,23,22,0,22.0,41,103,31,59.0,38.0,18.9,61,6903,1,9290,76.0,0.5,7.23,62.1,1
289,24,22,0,22.36,26,79,40,43.2,39.8,19.1,62,10215,1,9745,75.6,0.42,6.93,62.1,0
289,27,22,0,22.65,49,56,97,54.5,41.3,19.0,62,8515,1,9107,69.5,0.5,6.76,75.2,0
289,28,22,0,22.78,48,88,0,70.7,41.4,19.4,61,3806,1,10055,69.5,0.5,6.47,73.9,0
289,29,22,0,22.14,28,99,0,65.0,39.4,18.2,63,7134,1,10059,70.2,0.53,6.89,73.3,1
289,30,22,0,21.96,52,85,0,76.7,36.1,19.2,60,9869,2,9953,70.9,0.58,7.29,73.9,0
289,31,22,0,21.85,36,78,0,58.5,44.6,18.7,62,5036,2,9640,70.8,0.53,7.13,73.3,0
289,32,22,0,22.99,42,74,0,56.8,41.6,19.9,60,5794,2,10408,69.3,0.46,7.25,74.3,0
289,34,22,0,22.51,46,93,45,54.0,39.0,18.3,56,6025,1,9408,71.7,0.44,6.64,58.9,0
289,35,22,0,22.75,47,85,18,66.5,47.3,17.5,60,6081,1,9339,71.6,0.43,6.26,60.0,0
289,36,22,0,21.55,28,80,35,48.3,40.0,17.6,62,6477,1,9675,72.3,0.49,7.66,60.0,0
289,37,22,0,22.12,33,83,80,57.5,44.9,18.0,61,6435,1,9428,70.8,0.4,7.18,59.3,1
289,38,22,0,21.95,45,86,0,64.4,39.6,18.1,57,5191,1,9670,71.1,0.41,7.16,60.0,0
290,14,44,1,22.62,23,54,0,8.5,48.3,16.3,60,9322,1,8161,71.0,1.04,7.37,87.3,1
290,15,44,1,22.54,12,74,56,20.9,54.2,16.9,60,8573,1,8467,72.4,1.0,7.37,83.9,0
290,16,44,1,23.11,69,85,28,9.8,47.0,15.4,60,8570,1,8447,72.0,1.0,6.66,83.4,0
290,17,44,1,22.11,0,65,102,28.2,41.9,16.0,63,9484,1,8732,72.9,1.06,8.13,82.4,1
290,20,44,1,23.23,44,55,0,18.6,49.5,16.1,60,10089,1,9027,78.3,1.07,6.42,68.0,0
290,21,44,1,23.32,36,76,24,22.0,46.9,16.2,65,11957,1,9322,78.3,1.1,6.51,67.6,0
290,22,44,1,22.89,9,105,79,26.0,38.7,15.2,64,9131,2,10826,78.8,1.13,7.17,67.2,0
290,23,44,1,22.55,2,75,11,23.1,47.1,16.6,64,7758,1,10178,80.3,1.19,7.26,68.0,0
290,24,44,1,23.02,45,68,46,27.5,52.9,16.5,64,9070,1,10330,79.7,1.19,6.9,68.0,0
290,27,44,1,23.02,43,0,106,35.9,52.9,15.7,54,11782,1,9735,77.6,1.06,6.94,79.7,0
290,28,44,1,22.37,19,45,56,4.9,39.9,16.1,60,9631,1,9951,77.9,1.13,7.78,79.7,1
290,29,44,1,22.87,53,65,0,24.6,45.6,16.4,60,8642,1,9607,77.8,1.1,7.11,79.7,0
290,30,44,1,22.1,12,82,26,31.4,44.5,15.5,59,8770,1,11380,78.3,1.12,7.77,78.7,0
290,31,44,1,22.52,46,29,22,16.3,40.0,16.6,63,8273,1,12152,76.8,1.04,7.69,79.3,1
290,34,44,1,22.81,16,54,24,15.2,47.6,15.9,62,8755,1,11073,73.6,1.09,7.15,75.6,0
290,35,44,1,22.17,29,20,0,7.0,47.3,16.6,62,9736,1,12457,73.5,1.04,7.8,74.9,1
290,36,44,1,22.48,10,40,0,9.5,40.4,15.9,62,4744,1,10726,72.5,0.94,7.76,74.9,1
290,37,44,1,23.03,50,59,57,11.7,44.2,16.8,62,7986,1,10446,72.3,0.9,7.13,75.6,0
290,38,44,1,23.04,27,69,26,21.9,48.4,17.8,60,6996,1,10020,73.0,0.91,7.03,75.1,1
291,14,23,2,24.41,54,179,0,55.3,39.8,19.8,63,4505,2,8985,66.4,0.7,6.22,57.2,1
291,15,23,2,23.92,57,96,0,57.2,35.9,19.0,63,6837,2,9077,67.5,0.8,6.56,58.0,0
291,16,23,2,23.17,74,161,81,43.6,33.7,20.8,63,8171,2,10135,68.2,0.85,7.47,58.6,1
291,17,23,2,24.47,64,109,31,36.1,37.8,19.6,62,9134,2,9900,66.7,0.82,6.26,61.4,0
291,19,23,2,25.25,68,71,42,39.3,35.8,19.5,54,4812,1,8513,65.3,0.65,6.95,72.0,1
291,20,23,2,23.07,45,24,61,54.6,39.4,19.7,58,9037,2,8755,62.9,0.76,7.5,60.5,0
291,21,23,2,24.17,36,119,84,57.6,41.2,20.6,58,7245,2,8374,61.0,0.65,6.82,60.5,1
291,22,23,2,24.63,68,98,56,59.7,34.3,19.2,61,6259,2,7036,61.3,0.67,6.12,60.5,0
291,23,23,2,24.53,56,126,0,59.3,37.9,20.5,61,5506,2,7018,61.5,0.7,6.07,58.7,1
291,24,23,2,25.01,36,112,75,55.6,36.3,21.3,64,8365,2,7706,61.9,0.76,6.05,56.2,0
291,27,23,2,25.32,32,90,0,43.3,33.8,20.5,55,5775,2,8695,68.5,0.75,5.6,52.7,0
291,28,23,2,24.53,34,117,13,32.1,35.0,20.8,61,10898,2,8891,68.2,0.8,6.44,53.7,1
291,29,23,2,23.25,81,153,0,39.7,40.4,20.1,63,5477,2,8925,68.5,0.78,7.28,54.3,1
291,30,23,2,23.17,42,139,103,51.0,41.5,20.9,60,7869,2,8270,67.1,0.73,7.69,55.8,1
291,31,23,2,25.58,40,93,0,49.2,40.5,20.9,58,5596,2,8992,67.6,0.72,5.39,57.5,1
291,34,23,2,24.44,48,74,0,50.4,44.8,20.8,61,4699,1,10050,64.2,0.72,6.07,57.5,1
291,35,23,2,24.13,37,106,0,41.5,41.2,21.7,58,6045,1,10637,66.8,0.82,6.67,55.6,0
291,36,23,2,24.82,72,118,0,47.5,43.0,20.6,63,8423,1,11734,66.5,0.83,5.46,54.3,0
291,37,23,2,25.06,53,173,51,53.6,40.7,20.6,63,6099,1,13057,66.3,0.88,5.71,54.6,1
291,38,23,2,23.43,32,184,17,47.2,31.0,21.1,66,8367,1,12438,66.7,0.91,7.43,54.1,1
292,14,28,1,23.37,43,78,0,53.6,42.8,18.6,67,6966,0,7579,81.6,0.78,7.06,78.0,0
292,15,28,1,22.37,6,61,0,46.1,40.1,18.4,70,8237,1,8330,84.1,0.77,7.65,78.0,1
292,16,28,1,23.06,17,64,120,69.4,39.3,17.8,67,8065,1,8681,82.2,0.8,7.17,78.0,1
292,17,28,1,23.11,26,25,0,59.8,37.9,18.8,69,5330,0,8511,83.5,0.8,7.48,78.7,1
292,19,28,1,23.51,28,28,77,59.4,43.8,18.2,68,6216,0,9885,85.3,0.77,7.67,78.8,1
292,20,28,1,22.88,38,64,16,59.2,40.6,18.3,65,5007,1,9782,86.7,0.79,7.33,83.4,0
292,21,28,1,22.82,29,73,0,66.9,41.6,18.2,67,4530,1,9253,86.2,0.83,7.35,83.8,0
292,22,28,1,22.52,13,88,0,39.6,36.5,19.1,69,7755,1,9653,85.8,0.83,7.53,82.9,0
292,23,28,1,23.15,17,85,26,66.9,42.2,19.2,67,4717,1,9697,84.5,0.85,6.93,82.1,0
292,24,28,1,22.41,3,88,0,65.3,39.4,19.0,68,7528,1,11125,84.6,0.87,8.19,82.1,1
292,27,28,1,22.95,42,53,75,54.4,42.7,18.4,67,7668,1,10284,76.5,0.8,7.05,87.6,0
292,28,28,1,22.94,6,93,0,70.6,32.0,17.9,69,7811,1,10056,76.3,0.81,7.65,87.2,1
292,29,28,1,22.74,19,35,58,46.1,36.3,19.3,69,6694,1,9222,76.3,0.77,7.86,87.2,1
292,30,28,1,22.98,5,55,0,54.8,38.4,17.8,68,8856,1,9626,77.8,0.75,7.56,87.6,1
292,31,28,1,23.09,35,71,48,54.2,41.5,17.8,69,5895,1,9622,77.9,0.72,7.17,87.0,1
292,34,28,1,22.77,34,30,0,41.0,36.2,18.9,66,5368,1,7930,77.4,0.73,7.79,86.1,0
292,35,28,1,23.27,55,65,38,58.2,41.8,18.2,66,7358,1,7788,77.6,0.7,7.17,86.1,1
292,36,28,1,22.86,32,57,0,64.7,40.6,18.8,72,6431,1,6902,78.2,0.71,7.41,86.1,1
292,37,28,1,22.83,11,93,24,47.2,35.8,18.3,67,8569,1,6941,79.2,0.72,7.65,85.4,0
292,38,28,1,23.11,27,31,11,53.3,41.6,18.8,67,4045,1,5208,79.3,0.67,7.55,85.9,1
293,14,19,1,22.66,3,114,100,28.6,46.3,20.5,58,10294,0,5977,80.0,0.23,8.34,75.0,1
293,15,19,1,23.67,42,94,0,47.7,36.8,19.8,59,5465,0,6027,80.1,0.19,7.34,75.0,1
293,16,19,1,22.56,24,111,0,27.3,38.7,21.4,59,7289,0,6196,81.2,0.21,7.69,74.4,1
293,17,19,1,24.28,41,58,47,48.5,37.4,19.8,61,6568,0,6766,80.3,0.22,6.9,74.4,1
293,20,19,1,23.37,43,125,0,17.5,40.5,21.8,58,5605,0,6751,70.3,0.23,7.79,75.0,1
293,21,19,1,23.14,36,109,12,39.5,44.0,21.8,57,5652,0,6606,70.2,0.23,7.77,75.0,0
293,22,19,1,22.46,30,75,46,38.3,38.1,21.1,58,5944,0,6287,70.9,0.25,8.7,73.1,1
293,23,19,1,22.66,28,71,38,27.8,42.1,20.5,57,7153,0,5918,75.6,0.19,7.82,72.3,0
293,24,19,1,23.57,29,129,0,48.2,34.3,21.1,58,5368,0,5483,74.9,0.21,7.5,72.2,1
293,27,19,1,23.64,32,111,44,25.1,35.7,21.2,61,6319,0,5469,72.3,0.28,7.58,75.3,1
293,28,19,1,22.05,16,120,39,43.9,43.3,22.2,62,6565,0,5278,73.1,0.29,7.55,75.3,0
293,29,19,1,23.83,22,136,120,54.6,50.3,22.7,63,8717,1,5377,68.2,0.35,7.2,75.4,0
293,30,19,1,23.39,33,80,49,15.1,40.3,20.7,63,8238,1,5796,68.1,0.36,7.91,75.4,1
293,31,19,1,23.01,42,124,0,22.9,44.8,22.5,62,4702,1,4942,69.4,0.34,7.7,75.3,1
293,32,19,1,23.18,11,90,64,27.9,37.5,21.0,59,6112,1,4763,70.3,0.28,8.16,74.6,1
293,34,19,1,21.77,35,74,94,29.4,44.2,21.4,60,7046,1,4692,76.2,0.31,7.79,85.5,0
293,35,19,1,22.99,3,149,0,28.2,41.0,20.2,61,6001,1,4649,71.2,0.31,7.95,85.3,1
293,36,19,1,22.85,18,90,18,32.6,45.8,21.9,59,6933,1,4329,71.2,0.3,7.22,84.6,1
293,37,19,1,23.21,7,72,0,19.7,35.4,22.1,59,8260,1,4358,70.8,0.4,7.84,84.6,1
293,38,19,1,22.49,4,122,0,38.2,41.4,21.7,61,6994,1,4305,70.8,0.4,7.62,84.6,1
294,14,19,2,24.5,89,111,120,32.6,33.2,17.4,57,12679,1,7700,68.6,1.07,6.7,79.8,1
294,15,19,2,24.28,64,154,42,28.5,38.0,18.3,59,9043,1,8367,69.8,1.09,6.93,79.4,1
294,16,19,2,24.4,64,144,13,41.9,34.4,17.0,59,9226,1,8289,69.7,1.05,6.61,79.4,1
294,17,19,2,23.9,75,104,34,37.4,31.1,17.9,62,9941,1,7812,69.6,1.03,7.14,80.7,0
294,20,19,2,24.27,61,97,14,20.9,34.9,17.4,59,7247,2,8017,78.4,1.07,6.92,79.2,1
294,21,19,2,23.69,65,120,5,31.3,34.8,17.8,65,7089,2,7937,79.1,1.07,7.43,79.2,1
294,22,19,2,24.43,63,125,30,26.6,32.7,19.3,58,6520,1,7376,78.4,1.03,6.83,79.6,0
294,23,19,2,23.68,77,143,56,33.9,34.0,19.3,61,11574,1,7557,79.8,1.06,7.64,79.6,0
294,24,19,2,23.6,72,114,38,44.0,35.4,18.4,59,7022,1,6947,79.4,0.98,7.36,78.5,1
294,27,19,2,24.19,70,122,16,37.5,37.0,19.2,60,5852,1,6142,77.9,0.92,7.06,81.2,0
294,28,19,2,23.72,103,125,86,50.8,40.8,18.8,57,15246,1,6790,78.7,0.94,7.27,81.2,0
294,29,19,2,23.73,56,177,0,37.5,39.6,19.2,57,9663,1,6499,77.7,0.9,7.45,81.2,0
294,30,19,2,23.91,60,134,0,44.9,31.6,19.5,64,13542,1,6542,77.2,0.86,7.37,81.2,1
294,31,19,2,24.26,46,130,0,47.6,40.7,17.6,60,14424,1,6721,77.0,0.81,6.92,81.9,0
294,34,19,2,24.38,58,129,0,25.9,35.1,18.5,58,10496,1,6790,78.9,0.77,6.7,70.3,1
294,35,19,2,24.13,65,173,43,27.8,35.7,18.8,58,6907,1,6794,78.9,0.78,7.28,70.3,0
294,36,19,2,24.1,62,115,73,26.1,37.2,18.3,58,7764,1,7122,79.6,0.79,7.08,69.0,1
294,37,19,2,24.74,51,118,47,35.1,33.2,18.6,62,10995,1,7344,79.4,0.77,6.68,70.1,0
294,38,19,2,23.7,52,160,54,27.8,32.7,19.6,60,12686,1,7434,79.6,0.84,7.5,69.0,1
295,14,34,2,24.57,64,114,0,52.2,31.6,21.5,67,5717,1,11807,77.2,1.11,6.04,49.6,0
295,15,34,2,25.89,53,163,0,67.8,31.2,21.6,67,5427,2,12708,77.1,1.15,4.88,49.1,0
295,16,34,2,23.93,31,206,0,60.2,31.8,21.9,65,5485,2,12969,76.6,1.29,6.86,46.7,0
295,17,34,2,23.73,43,170,82,55.1,33.4,23.1,65,6528,2,11990,75.9,1.23,7.01,47.4,0
295,19,34,2,24.35,29,123,105,65.9,30.5,23.2,61,6947,2,12363,65.7,1.09,7.84,56.3,1
295,20,34,2,23.68,59,113,0,74.4,34.9,21.9,64,6158,2,13091,66.6,1.02,7.11,47.5,1
295,21,34,2,24.24,57,124,23,66.1,35.8,22.6,65,5072,2,13350,65.7,0.98,6.52,48.6,0
295,22,34,2,23.21,46,156,42,66.9,34.2,21.7,66,7756,2,12657,66.8,1.04,7.81,48.0,1
295,23,34,2,23.55,46,122,100,56.7,29.9,21.1,63,7729,1,11637,66.1,0.88,7.51,48.0,1
295,24,34,2,24.81,48,82,0,67.1,29.0,22.5,65,8353,1,12814,67.5,0.88,6.02,47.9,1
295,27,34,2,23.76,67,89,0,76.2,24.2,20.9,62,7320,1,12507,59.1,0.92,7.12,70.4,1
295,28,34,2,22.65,31,91,0,66.4,32.5,22.2,63,4793,2,11291,58.2,0.84,7.84,69.6,1
295,29,34,2,23.81,58,66,68,56.6,25.1,22.3,62,6083,1,10297,54.7,0.71,6.9,69.6,0
295,30,34,2,22.02,52,123,106,68.3,37.6,21.0,62,8906,1,9942,54.6,0.57,8.42,71.2,1
295,31,34,2,23.63,53,69,0,45.2,33.6,22.2,57,8377,1,9702,50.5,0.46,6.99,72.4,1
295,32,34,2,24.06,70,104,0,44.5,30.0,20.8,59,5971,1,9336,50.3,0.46,8.01,71.3,1
295,34,34,2,24.81,48,92,23,63.5,34.8,21.9,62,5284,1,8084,55.6,0.5,5.91,61.3,1
295,35,34,2,23.55,45,121,0,40.4,31.6,21.7,62,5174,1,7763,55.9,0.59,7.02,61.3,0
295,36,34,2,24.72,55,95,33,74.8,24.8,20.4,61,7485,1,7831,55.3,0.55,6.13,61.3,0
295,37,34,2,24.88,32,109,0,54.1,33.9,20.4,67,4940,1,8356,55.9,0.67,6.06,60.2,0
295,38,34,2,24.11,63,127,0,51.9,34.8,20.8,66,7349,1,8919,56.1,0.78,6.62,59.6,1
296,14,18,2,24.53,90,123,0,48.5,45.1,24.5,69,4694,2,14132,65.4,1.85,5.25,60.1,0
296,15,18,2,23.88,70,163,0,56.4,44.6,23.8,76,4571,2,15054,65.4,1.86,5.95,57.0,0
296,16,18,2,24.52,91,149,0,58.3,44.8,24.1,72,6855,2,15020,64.3,1.77,5.1,59.3,0
296,17,18,2,24.1,94,203,26,52.9,48.8,24.4,70,6487,2,15317,64.0,1.73,5.65,56.6,0
296,20,18,2,24.83,107,125,49,53.0,40.3,25.6,66,8000,2,16582,63.6,1.79,4.86,59.4,0
296,21,18,2,24.47,92,173,0,44.1,44.3,22.9,73,8202,2,15967,66.2,1.91,5.39,58.7,0
296,22,18,2,23.22,74,153,0,49.3,46.5,23.6,71,9263,2,14995,65.8,1.87,6.58,60.8,0
296,23,18,2,23.9,75,177,0,52.9,49.3,23.9,70,5329,2,13803,63.2,1.71,5.88,57.8,0
296,24,18,2,24.45,86,162,70,38.2,47.4,23.2,69,7059,2,14824,62.7,1.68,5.52,59.7,0
296,27,18,2,24.78,79,96,16,52.9,45.7,22.9,66,9103,2,14720,61.7,1.64,5.18,58.8,1
296,28,18,2,25.24,95,140,0,42.2,51.1,24.0,69,6601,2,15169,61.6,1.67,4.49,60.4,0
296,29,18,2,23.84,83,148,120,61.4,46.5,23.7,76,12179,2,15966,61.9,1.72,6.16,59.1,0
296,30,18,2,23.36,66,177,41,42.8,43.2,23.4,71,8457,2,15702,62.1,1.71,6.74,62.1,0
296,31,18,2,24.95,76,154,35,49.5,44.4,22.6,71,7289,2,14303,61.2,1.59,5.13,60.6,0
296,32,18,2,25.3,76,165,0,42.1,45.2,23.1,70,3153,2,12927,62.0,1.62,5.88,59.9,0
296,34,18,2,24.24,67,143,23,62.5,48.7,24.0,70,4579,2,14614,64.4,1.71,5.39,54.0,0
296,35,18,2,24.51,52,157,0,35.3,52.1,23.7,70,6495,2,15256,63.8,1.67,5.24,51.8,0
296,36,18,2,24.89,89,190,70,47.7,45.2,24.0,71,7710,2,15375,63.7,1.68,5.04,52.4,0
296,37,18,2,24.4,82,202,22,40.0,48.8,23.1,71,6895,2,15805,66.2,1.79,5.46,52.4,0
296,38,18,2,24.26,73,171,48,55.3,45.9,23.2,71,7493,2,14942,67.1,1.82,5.91,53.7,0
297,14,22,2,23.44,26,150,0,34.1,42.9,21.5,53,6987,1,9683,70.1,0.65,7.21,58.8,0
297,15,22,2,24.0,56,117,92,26.2,42.3,19.9,53,9567,1,9650,68.8,0.58,6.79,59.5,1
297,16,22,2,24.11,41,126,0,25.6,34.3,21.1,55,9379,1,9332,68.7,0.53,6.79,58.4,0
297,17,22,2,24.15,58,148,84,38.9,33.3,21.1,54,8477,1,7812,69.4,0.53,6.8,59.0,1
297,18,22,2,24.09,36,114,65,28.7,36.5,21.9,56,6299,1,8451,71.5,0.6,7.87,58.4,1
297,20,22,2,23.15,34,89,0,34.9,30.6,21.0,51,6907,1,7052,70.2,0.44,7.71,54.3,1
297,21,22,2,23.9,16,98,0,27.8,37.4,20.7,51,9253,1,5409,68.7,0.33,6.83,54.3,1
297,22,22,2,24.17,58,108,97,26.5,34.5,20.7,50,6497,1,5713,68.8,0.37,6.7,54.3,1
297,23,22,2,24.25,50,161,0,26.5,34.6,20.3,53,8495,0,6600,68.8,0.38,6.34,55.4,0
297,24,22,2,24.24,55,184,46,36.0,35.6,20.8,55,8982,0,6687,68.8,0.42,6.57,55.9,0
297,26,22,2,24.68,83,76,0,35.6,39.6,20.8,51,6836,0,6970,65.7,0.41,7.18,23.4,1
297,27,22,2,23.85,49,141,46,44.6,43.6,21.6,51,8618,0,7040,69.5,0.52,6.76,22.7,1
297,28,22,2,23.66,31,144,62,39.1,38.7,19.6,53,9973,0,7101,68.9,0.51,7.33,23.4,1
297,29,22,2,24.53,33,81,38,30.4,34.4,20.3,55,5900,0,6952,69.8,0.5,6.49,22.7,0
297,30,22,2,24.77,31,138,0,36.3,44.8,20.4,53,7146,0,6941,70.1,0.52,5.71,21.4,0
297,31,22,2,24.89,68,185,0,42.4,39.4,20.5,56,7544,1,8429,70.2,0.6,5.9,21.3,0
297,34,22,2,23.75,36,67,0,33.1,36.4,19.9,49,7287,1,8810,52.0,0.59,7.26,71.5,1
297,35,22,2,23.4,41,129,0,41.2,42.9,20.1,51,6713,1,9407,53.1,0.63,7.23,70.9,0
297,36,22,2,23.51,22,109,20,26.0,38.7,19.9,50,7057,1,9052,52.2,0.6,7.47,70.9,1
297,37,22,2,23.85,50,86,41,37.1,38.0,19.9,53,7930,1,8016,51.6,0.54,6.89,72.2,1
297,38,22,2,23.86,46,140,65,29.9,38.4,18.4,50,7938,1,7797,51.3,0.5,7.05,71.6,1
298,14,35,0,22.68,43,153,56,31.9,34.0,20.9,68,7035,0,5048,71.0,0.99,7.06,93.1,0
298,15,35,0,21.56,12,174,0,46.3,38.5,21.8,67,4730,1,5482,70.4,0.99,7.58,93.1,1
298,16,35,0,22.17,44,129,0,33.7,34.1,21.4,67,9184,1,5493,70.0,1.02,7.59,93.1,1
298,17,35,0,22.85,43,139,0,36.5,43.5,22.3,66,11012,1,5545,70.2,1.01,6.51,92.7,1
298,20,35,0,21.33,18,150,90,13.8,38.8,21.7,66,6555,0,6057,71.8,1.01,8.28,58.1,1
298,21,35,0,21.5,50,128,19,47.5,38.7,21.9,69,3818,0,6613,71.5,0.95,7.42,58.5,0
298,22,35,0,21.77,19,159,0,65.6,32.6,21.7,68,6577,0,7105,70.4,0.95,6.56,58.2,0
298,23,35,0,21.15,44,170,0,42.3,33.1,21.3,70,9263,0,8351,69.8,1.01,8.33,58.5,1
298,24,35,0,22.3,19,106,24,37.6,34.2,22.5,69,6297,0,8774,69.3,1.0,7.4,58.4,1
298,27,35,0,21.06,23,141,78,30.0,32.0,22.5,66,8304,0,8638,70.6,0.96,7.61,91.2,1
298,28,35,0,22.0,37,171,69,28.0,34.1,21.5,66,8699,0,7893,68.0,0.97,7.6,90.5,1
298,29,35,0,20.7,34,195,95,33.2,34.9,21.8,66,8871,0,7584,68.6,0.93,7.68,92.3,0
298,30,35,0,23.13,35,206,91,53.2,36.3,22.1,71,9358,0,7868,65.3,0.92,6.52,90.8,0
298,31,35,0,22.21,46,210,22,39.7,32.8,22.1,66,7731,0,7716,64.2,1.0,7.24,90.8,0
298,34,35,0,21.65,36,185,79,38.4,29.7,22.2,66,7270,1,8067,64.0,1.0,8.0,86.9,1
298,35,35,0,22.1,36,166,18,45.4,33.6,22.6,66,7154,1,7594,64.1,1.02,7.18,87.3,0
298,36,35,0,21.87,10,187,67,39.5,34.7,23.7,70,8925,1,6986,64.8,1.03,7.67,87.3,0
298,37,35,0,22.09,39,169,44,25.2,38.5,21.4,67,7320,1,6114,66.2,0.96,7.52,88.0,1
298,38,35,0,22.51,69,123,15,45.9,38.3,23.3,68,6016,1,5501,66.9,1.01,6.96,88.0,0
299,14,35,0,21.83,8,82,0,27.2,34.2,19.3,59,5183,0,5371,72.2,0.35,8.18,78.6,1
299,15,35,0,21.28,19,54,40,20.1,26.2,20.5,54,8077,0,5562,72.1,0.29,8.17,78.3,1
299,16,35,0,21.7,25,25,30,11.2,31.2,18.7,56,10643,0,5916,70.6,0.28,7.87,78.6,1
299,17,35,0,20.73,41,12,0,16.7,25.7,19.3,53,7869,0,6460,70.5,0.25,7.13,78.6,1
299,20,35,0,21.82,30,31,0,23.2,30.5,19.6,55,8798,0,5778,62.6,0.29,7.84,74.1,1
299,21,35,0,20.62,26,23,0,23.3,32.0,20.3,55,7751,0,5560,63.0,0.26,7.1,74.4,1
299,22,35,0,20.81,40,45,43,23.7,34.5,19.8,57,8805,0,5768,57.5,0.33,8.08,74.4,1
299,23,35,0,21.32,53,47,0,18.3,27.4,19.2,58,8983,0,5913,56.2,0.32,7.57,74.1,1
299,24,35,0,21.78,22,54,34,12.3,32.4,19.4,59,7399,0,5490,56.1,0.28,8.11,74.1,1
299,25,35,0,22.68,31,0,0,21.1,35.1,20.2,56,8564,1,4964,56.6,0.24,6.91,73.9,0
299,27,35,0,22.1,62,2,0,22.2,23.9,19.2,55,8796,1,5052,61.6,0.32,7.19,82.7,1
299,28,35,0,21.51,38,24,0,14.8,35.0,19.6,52,8284,1,5045,62.9,0.32,7.48,81.9,1
299,29,35,0,21.34,34,32,90,18.2,28.3,19.5,58,8158,1,5275,63.2,0.37,8.31,81.9,1
299,30,35,0,22.99,25,6,0,15.7,32.2,19.3,55,5991,1,5393,63.2,0.36,6.87,81.9,1
299,31,35,0,21.11,27,41,77,11.0,26.9,19.3,55,9810,1,5035,61.3,0.44,8.3,81.9,1
299,34,35,0,21.61,51,15,92,25.2,26.7,18.6,57,9124,0,4893,68.9,0.42,8.09,86.3,1
299,35,35,0,20.74,37,48,0,23.8,42.0,19.2,56,7956,1,4977,69.0,0.4,7.61,86.3,1
299,36,35,0,20.32,18,13,95,13.3,32.1,18.5,56,8346,1,5158,71.7,0.36,8.12,86.5,1
299,37,35,0,22.42,33,17,66,33.6,33.3,18.6,59,7993,1,5580,69.1,0.36,7.63,86.5,0
299,38,35,0,22.02,34,34,47,26.1,27.5,18.4,55,11279,1,5951,68.3,0.35,7.3,86.3,1
300,14,24,0,21.71,46,125,88,39.8,31.4,20.3,55,8505,1,5875,73.0,0.33,8.68,83.3,1
300,15,24,0,21.85,39,95,78,59.5,24.2,19.5,54,11579,1,6751,76.8,0.24,7.97,84.2,1
300,16,24,0,22.45,45,86,107,55.7,28.1,19.7,52,12780,1,6927,75.6,0.3,8.43,84.7,1
300,17,24,0,23.34,55,39,53,56.6,26.1,20.5,51,9426,1,6408,75.6,0.22,8.07,84.7,1
300,20,24,0,23.78,20,58,104,36.8,30.9,20.5,51,6464,1,7439,69.7,0.24,8.03,63.3,1
300,21,24,0,20.96,11,54,0,41.2,24.9,20.7,52,6049,1,7570,68.7,0.2,8.03,63.3,1
300,22,24,0,20.87,22,64,28,62.3,28.4,20.1,50,6598,1,7568,60.8,0.23,8.25,63.3,1
300,23,24,0,21.1,19,99,0,50.0,30.0,19.6,51,6847,1,7680,55.8,0.25,8.13,63.3,1
300,24,24,0,23.16,25,111,38,45.3,31.2,20.8,51,10186,1,7437,52.5,0.23,8.69,63.4,1
300,25,24,0,21.87,32,26,54,32.1,25.4,20.8,49,5735,1,7218,50.6,0.17,7.9,63.4,1
300,27,24,0,21.18,66,93,120,50.4,20.0,20.1,51,12124,1,7547,51.6,0.18,8.22,38.7,1
300,28,24,0,21.97,42,69,0,45.3,26.7,20.6,53,6532,1,7872,49.5,0.12,7.88,38.7,1
300,29,24,0,21.29,62,53,110,47.4,26.4,20.0,58,10297,0,6390,49.4,0.18,8.57,38.7,1
300,30,24,0,21.77,43,94,54,41.3,31.2,19.3,52,8989,0,6281,48.8,0.14,8.12,38.1,1
300,31,24,0,22.38,52,52,0,60.9,32.2,20.8,48,8510,0,6507,48.6,0.16,7.48,38.1,0
300,34,24,0,21.61,39,64,56,43.3,28.0,20.7,52,9583,0,6133,56.6,0.19,8.55,65.7,1
300,35,24,0,24.05,39,85,22,39.3,22.5,20.5,51,10582,0,6047,65.5,0.16,7.81,65.7,1
300,36,24,0,22.18,24,43,35,35.1,24.3,20.3,52,7094,0,6160,57.3,0.17,8.22,66.2,1
300,37,24,0,20.34,20,65,0,27.9,27.6,20.9,52,5719,0,6104,59.3,0.18,8.07,66.8,1
300,38,24,0,21.16,16,66,99,56.4,30.5,19.8,52,7664,0,6241,55.2,0.18,8.79,66.8,1
301,14,26,2,24.35,39,116,32,97.5,35.8,21.8,58,9341,2,18069,54.4,1.57,6.42,47.7,0
301,15,26,2,23.81,46,132,98,79.5,33.8,23.0,61,11118,2,17993,54.2,1.58,7.1,47.7,0
301,16,26,2,23.67,23,141,120,76.2,40.5,22.8,56,9937,2,17575,53.8,1.53,7.32,47.2,0
301,17,26,2,24.95,26,161,120,80.3,34.2,23.4,61,14563,2,16367,53.4,1.45,5.93,48.4,0
301,20,26,2,23.96,54,48,30,97.7,32.9,21.6,54,9571,2,14911,59.0,1.35,6.81,34.5,0
301,21,26,2,24.45,47,119,0,85.2,37.2,23.8,60,10778,1,14771,58.6,1.32,6.08,36.2,1
301,22,26,2,25.02,49,148,56,87.5,35.5,23.1,58,10286,2,12957,58.5,1.34,5.65,35.7,0
301,23,26,2,24.27,41,200,44,95.0,43.5,22.6,63,8752,2,11905,59.1,1.4,6.49,34.1,0
301,24,26,2,24.44,59,152,76,89.3,38.5,23.4,59,10976,2,12356,60.2,1.43,6.16,33.5,0
301,27,26,2,24.47,70,105,39,77.7,36.6,22.9,60,7961,2,12963,58.5,1.35,6.28,33.1,0
301,28,26,2,24.22,37,126,62,69.3,39.5,23.4,58,7823,2,12882,59.0,1.33,6.51,33.1,0
301,29,26,2,24.21,54,119,84,81.4,37.9,23.6,59,10627,2,13199,58.8,1.33,6.46,32.6,0
301,30,26,2,23.59,64,165,61,78.1,37.6,21.9,61,10776,1,14470,59.0,1.37,7.19,32.5,0
301,31,26,2,24.01,48,177,32,90.1,45.2,22.1,58,7716,1,14929,58.5,1.38,6.72,33.1,0
301,34,26,2,23.66,50,78,90,86.6,40.4,24.4,53,10349,1,14995,50.5,1.37,6.8,56.0,0
301,35,26,2,24.36,50,90,120,94.1,41.4,23.0,61,13868,2,14646,49.5,1.37,6.45,55.2,0
301,36,26,2,23.65,46,132,54,80.5,35.7,23.8,61,9829,1,14802,49.7,1.34,6.95,55.8,1
301,37,26,2,24.59,35,148,16,85.1,40.5,23.5,61,8615,1,14307,48.3,1.25,5.67,58.6,0
301,38,26,2,24.16,39,195,21,77.6,34.8,23.2,62,7679,1,14728,48.1,1.31,6.64,58.6,0
302,14,47,1,22.52,49,66,0,47.2,31.6,24.7,59,8115,1,6306,59.5,0.89,7.47,66.7,0
302,15,47,1,23.28,22,45,34,48.2,36.2,25.9,61,6531,1,6439,59.5,0.81,6.96,66.7,1
302,16,47,1,22.67,27,36,0,72.1,32.9,25.3,66,5087,1,5787,63.7,0.76,6.75,67.2,1
302,17,47,1,25.1,42,35,0,56.6,30.5,26.1,60,4962,0,5917,64.3,0.75,5.07,66.5,0
302,20,47,1,23.38,40,64,82,44.5,22.3,24.7,58,7174,1,6013,51.8,0.84,7.33,79.1,1
302,21,47,1,21.84,32,83,120,54.2,31.1,24.1,62,8121,1,6084,51.4,0.84,7.75,79.4,1
302,22,47,1,22.75,29,52,0,60.0,29.7,25.9,59,8720,1,6189,53.8,0.77,6.45,79.4,0
302,23,47,1,22.62,11,62,0,57.5,28.0,25.2,64,4752,1,5975,53.1,0.84,7.35,79.2,1
302,24,47,1,23.98,17,68,79,49.3,26.7,25.3,61,5933,1,5707,53.2,0.82,6.49,79.2,0
302,27,47,1,23.24,11,84,0,47.3,32.2,25.5,63,3767,0,6145,59.5,0.78,7.07,73.0,1
302,28,47,1,22.11,34,72,0,30.5,27.7,24.5,60,6316,0,6169,60.2,0.78,7.22,73.0,1
302,29,47,1,23.96,15,42,0,49.3,32.3,25.6,62,3849,0,6158,58.0,0.8,6.5,73.9,1
302,30,47,1,22.44,29,67,0,50.2,25.9,24.6,61,5603,0,7144,57.9,0.83,6.96,73.9,1
302,31,47,1,23.62,40,115,0,40.8,31.3,25.8,59,4568,0,7136,57.4,0.81,6.51,73.9,0
302,33,47,1,23.08,56,71,0,51.9,35.3,25.0,62,4256,0,6674,61.9,0.79,7.63,74.7,1
302,34,47,1,23.11,30,108,0,61.1,29.0,25.2,61,8459,0,6841,65.2,0.79,6.5,79.8,1
302,35,47,1,22.79,0,85,37,47.7,29.9,25.9,64,7038,0,6876,65.1,0.85,7.61,79.4,1
302,36,47,1,22.69,33,8,31,49.9,30.1,24.4,59,5274,1,6992,67.8,0.86,7.25,79.0,1
302,37,47,1,23.33,31,43,118,39.5,32.3,25.1,57,5309,0,6755,69.0,0.81,7.34,79.5,1
302,38,47,1,23.31,48,64,35,64.5,34.3,24.7,58,5132,0,6856,69.7,0.81,7.03,80.0,1
303,14,27,0,22.44,13,150,53,56.3,36.0,21.1,59,6373,1,5746,83.2,0.46,7.16,80.8,1
303,15,27,0,21.82,0,139,17,56.3,32.8,20.5,66,7215,1,5616,83.1,0.44,7.56,80.1,1
303,16,27,0,22.01,3,161,23,53.7,37.0,20.4,62,8968,1,5246,82.9,0.47,7.66,79.6,1
303,17,27,0,21.87,11,172,53,52.3,38.8,20.9,60,7999,1,4519,84.1,0.44,7.69,79.6,1
303,18,27,0,22.56,30,126,30,41.9,29.4,20.8,61,5524,1,4617,85.3,0.44,8.18,79.6,1
303,20,27,0,21.56,0,116,120,58.2,32.7,21.1,60,11779,1,4421,82.5,0.41,6.95,86.3,0
303,21,27,0,21.6,17,175,98,45.1,33.2,20.4,62,10612,1,4571,79.4,0.47,7.61,86.3,0
303,22,27,0,21.77,21,161,0,57.3,42.6,20.3,62,7713,1,4955,79.6,0.47,7.19,86.3,1
303,23,27,0,21.73,0,188,0,40.5,34.6,20.3,61,6708,1,4925,78.8,0.52,7.87,86.3,1
303,24,27,0,21.86,8,167,17,68.7,36.3,20.6,60,7810,1,4907,78.7,0.49,7.54,86.3,1
303,27,27,0,21.77,19,143,27,56.0,42.1,21.0,61,7030,0,4645,78.7,0.5,7.15,79.5,1
303,28,27,0,21.97,11,182,32,37.2,29.5,20.1,62,9214,0,4479,77.9,0.54,7.73,79.4,1
303,29,27,0,21.97,9,156,38,67.8,38.9,20.8,60,13466,0,4604,78.2,0.5,7.53,79.4,0
303,30,27,0,21.94,0,165,120,34.7,31.7,19.8,58,10346,0,5649,78.3,0.51,7.89,79.9,1
303,31,27,0,21.42,1,143,10,52.3,35.0,21.4,62,13274,0,5865,78.2,0.49,8.01,79.9,1
303,33,27,0,21.65,4,108,58,44.9,36.9,21.2,62,14495,0,5987,80.5,0.55,7.88,77.4,1
303,34,27,0,22.63,19,145,0,53.1,34.4,20.6,62,6914,0,5925,81.1,0.55,6.85,79.9,1
303,35,27,0,22.18,37,205,0,41.8,28.2,20.8,61,7207,0,6011,82.8,0.56,7.35,79.8,1
303,36,27,0,21.85,0,193,0,44.6,34.9,21.0,59,9787,0,5649,83.4,0.58,7.92,80.0,1
303,37,27,0,22.33,0,149,74,61.3,34.8,19.7,60,7386,0,5692,84.5,0.53,7.18,79.8,1
303,38,27,0,21.68,4,160,72,53.1,39.9,21.7,63,10773,0,6048,84.6,0.58,8.04,79.8,0
304,14,66,0,21.14,6,106,42,36.3,30.7,20.6,57,6763,0,5795,0.0,0.64,8.14,57.6,1
304,15,66,0,21.48,8,129,0,24.6,34.3,20.6,55,5791,0,5518,0.0,0.53,7.14,57.7,1
304,16,66,0,21.42,23,125,81,45.5,34.8,19.0,57,11206,0,5000,0.0,0.52,7.73,57.7,1
304,17,66,0,21.45,23,85,15,44.8,38.9,21.2,55,9785,0,5101,0.0,0.5,7.5,57.7,1
304,18,66,0,21.69,43,81,77,58.0,30.2,19.8,60,8715,0,4872,65.4,0.48,7.18,57.7,1
304,20,66,0,21.49,26,119,78,41.7,30.7,20.4,57,10181,0,4884,66.1,0.53,7.82,52.0,0
304,21,66,0,21.21,30,77,0,40.2,32.1,19.9,49,6149,1,4732,69.8,0.5,6.98,53.4,1
304,22,66,0,21.94,37,142,53,42.4,38.2,21.4,57,13233,0,4875,68.7,0.53,7.14,53.4,0
304,23,66,0,21.71,33,124,0,38.6,33.8,20.7,57,8115,0,5559,68.7,0.58,7.52,53.4,1
304,24,66,0,22.33,9,109,82,37.1,34.9,21.1,56,8787,0,4930,80.6,0.57,7.13,52.8,1
304,27,66,0,22.52,20,128,4,60.1,29.9,20.0,57,8248,0,5336,79.4,0.64,7.92,48.4,0
304,28,66,0,20.88,8,127,0,19.9,32.3,20.9,54,6421,0,5181,76.6,0.57,7.35,47.8,1
304,29,66,0,21.05,37,110,70,23.0,35.3,20.4,57,7169,0,5032,74.0,0.63,7.88,46.4,1
304,30,66,0,22.09,35,116,27,54.4,28.5,20.5,55,11392,0,5274,73.9,0.58,6.7,45.8,1
304,31,66,0,21.15,18,146,42,33.9,34.4,21.7,57,8274,0,5712,73.9,0.65,7.97,45.1,1
304,34,66,0,22.22,35,123,119,36.4,32.7,21.8,56,13623,0,5573,73.2,0.59,6.8,78.8,1
304,35,66,0,20.0,28,106,81,38.2,36.6,21.3,57,6821,0,5705,73.0,0.67,7.28,78.2,1
304,36,66,0,21.74,8,161,76,34.3,31.3,21.5,56,7261,0,5724,0.0,0.64,7.89,78.2,1
304,37,66,0,21.74,14,64,0,53.1,29.8,21.0,55,9345,0,5342,0.0,0.59,7.16,77.7,1
304,38,66,0,21.69,17,129,0,40.2,29.6,20.7,58,8923,1,5370,0.0,0.62,6.78,77.5,0
305,14,30,0,21.88,29,74,120,32.0,32.2,21.2,61,8187,0,6634,78.6,0.43,7.96,73.8,0
305,15,30,0,21.85,28,48,70,20.6,34.1,21.8,61,9905,0,6505,78.1,0.39,7.12,72.9,1
305,16,30,0,21.74,0,73,51,13.7,34.7,21.4,58,6667,0,6759,78.1,0.38,7.93,72.9,1
305,17,30,0,22.4,18,10,99,39.6,27.7,22.3,57,10313,0,6926,78.3,0.34,6.75,73.5,0
305,18,30,0,22.41,13,55,0,20.5,34.3,22.5,58,8545,0,7566,78.1,0.35,7.39,74.1,1
305,19,30,0,21.99,24,9,0,14.1,31.4,21.2,60,5454,0,7488,77.3,0.37,7.36,63.9,1
305,20,30,0,21.43,0,53,120,38.7,32.9,20.8,57,7574,0,7513,77.6,0.34,7.65,63.8,0
305,21,30,0,22.21,30,67,29,53.4,32.2,22.5,60,7626,0,7287,77.5,0.31,7.14,63.8,1
305,22,30,0,21.44,36,72,0,27.8,33.1,23.1,62,6157,0,6741,78.5,0.36,6.75,63.8,1
305,23,30,0,21.12,1,78,6,27.3,33.8,21.0,61,5119,0,6746,77.9,0.37,7.31,63.7,1
305,24,30,0,22.03,1,54,0,35.6,33.2,22.3,60,7850,0,6869,80.0,0.37,7.5,63.8,1
305,26,30,0,21.88,29,96,0,11.5,32.0,22.7,60,5841,0,6980,80.6,0.33,7.63,73.5,0
305,27,30,0,21.91,0,41,23,20.5,35.1,22.0,63,7094,0,7799,80.5,0.3,7.31,56.2,1
305,28,30,0,21.23,29,63,0,32.9,31.6,22.7,61,5288,0,7801,81.2,0.29,7.12,56.0,0
305,29,30,0,21.31,0,73,0,22.9,32.7,22.6,59,8219,0,7826,79.2,0.35,7.73,56.0,1
305,30,30,0,21.6,0,38,70,37.4,36.4,22.2,61,9088,0,7601,78.8,0.3,7.12,56.2,1
305,31,30,0,21.57,5,25,0,28.6,35.6,22.6,60,7637,0,8161,78.6,0.36,7.37,56.2,1
305,32,30,0,22.42,19,41,7,34.1,37.6,22.2,62,11974,0,7599,79.0,0.32,7.54,56.2,1
305,34,30,0,21.45,6,55,0,18.9,38.9,22.5,59,12987,0,7529,78.8,0.33,7.07,55.0,0
305,35,30,0,22.26,16,61,0,35.9,31.6,22.2,60,4510,0,8016,78.2,0.37,7.62,55.0,1
305,36,30,0,21.61,27,44,0,24.7,30.8,21.7,60,4917,0,8081,76.9,0.33,7.04,54.4,1
305,37,30,0,22.57,47,85,26,31.2,33.3,22.3,63,6000,0,7713,78.1,0.31,7.41,54.3,1
305,38,30,0,21.79,0,97,0,25.7,33.9,22.3,61,4858,0,7980,77.4,0.31,7.51,54.3,1
306,14,34,0,23.23,23,46,32,43.1,44.6,23.5,63,7073,1,4650,76.2,0.39,7.16,71.3,0
306,15,34,0,22.12,5,56,72,42.0,43.4,22.5,66,7390,1,4189,73.0,0.4,7.78,72.0,0
306,16,34,0,21.28,20,69,0,50.9,42.6,24.1,67,5670,1,4281,73.1,0.36,7.47,72.0,1
306,17,34,0,22.7,17,55,102,56.1,39.4,23.1,63,9029,1,4136,72.1,0.39,7.93,72.2,1
306,20,34,0,21.16,17,24,27,32.3,47.2,22.3,61,5951,1,4821,64.5,0.38,6.97,87.6,1
306,21,34,0,22.19,33,35,120,60.7,45.4,23.1,63,8852,1,5030,64.8,0.41,7.54,88.5,1
306,22,34,0,20.95,0,24,60,31.6,45.3,23.6,63,6828,1,6656,65.0,0.43,7.95,88.5,1
306,23,34,0,22.67,24,52,0,40.5,49.6,22.9,65,6203,1,7118,62.7,0.41,7.15,88.8,1
306,24,34,0,22.38,0,48,29,41.7,46.4,24.1,63,5202,1,6947,62.7,0.41,7.86,88.8,1
306,27,34,0,21.7,18,51,20,32.7,39.5,22.6,65,6063,1,8283,60.3,0.44,8.67,79.0,1
306,28,34,0,22.28,22,32,14,30.6,39.5,22.7,61,7344,1,8416,60.4,0.35,7.39,79.0,0
306,29,34,0,22.0,11,20,20,44.3,43.3,23.1,63,7660,1,8416,61.5,0.34,7.93,79.1,1
306,30,34,0,21.45,21,15,66,29.5,41.9,23.0,58,11930,1,8233,61.5,0.33,7.97,79.1,0
306,31,34,0,20.65,3,0,51,37.6,43.2,22.5,65,5828,0,8254,63.2,0.29,7.71,79.1,1
306,34,34,0,22.17,25,0,21,50.7,46.5,23.4,64,5806,0,8630,57.3,0.29,8.48,57.2,1
306,35,34,0,21.75,26,28,17,47.3,47.6,22.6,62,10698,0,8386,61.2,0.19,7.95,56.9,1
306,36,34,0,21.88,20,26,51,46.2,46.1,22.5,63,5541,0,7131,61.0,0.16,8.01,56.5,1
306,37,34,0,21.73,15,0,73,57.3,43.0,22.9,61,8102,0,7686,64.3,0.15,7.28,56.5,1
306,38,34,0,21.75,28,51,54,33.2,43.7,23.5,64,4679,0,8255,62.9,0.14,7.21,56.2,1
307,14,51,0,21.84,28,145,15,52.0,29.0,19.3,59,6696,0,4485,80.9,0.19,8.25,77.8,1
307,15,51,0,21.5,29,125,0,51.6,32.3,19.3,59,8077,0,4258,82.3,0.16,7.53,78.0,1
307,16,51,0,21.59,7,139,6,37.2,34.7,18.3,55,7170,0,4064,81.3,0.19,7.95,78.0,1
307,17,51,0,21.84,26,132,86,46.2,27.8,19.6,54,11562,0,4308,80.9,0.27,8.43,78.1,1
307,19,51,0,22.38,29,78,22,23.6,32.4,18.6,54,5338,0,4110,80.6,0.24,8.3,78.4,1
307,20,51,0,21.44,6,120,78,53.5,26.5,18.2,57,11227,0,4097,79.7,0.22,7.39,82.9,1
307,21,51,0,22.44,34,122,104,43.9,29.3,19.3,57,12099,0,4327,78.3,0.24,8.03,83.4,1
307,22,51,0,21.73,40,128,46,32.0,27.5,17.7,55,12675,0,4290,77.3,0.23,7.73,83.4,1
307,23,51,0,21.8,34,160,41,39.3,40.9,19.4,56,7896,0,4266,76.8,0.26,7.52,83.9,1
307,24,51,0,22.13,27,161,27,52.0,32.1,19.0,56,8798,0,4218,77.5,0.29,8.0,83.4,1
307,27,51,0,21.19,33,155,32,31.5,25.5,18.3,53,6644,0,4621,75.5,0.24,8.14,92.0,1
307,28,51,0,20.78,31,96,0,13.1,29.3,19.8,55,7781,0,4972,73.9,0.23,7.55,92.0,1
307,29,51,0,21.83,22,143,16,38.1,27.3,19.1,54,8021,0,5238,68.7,0.28,7.67,92.2,1
307,30,51,0,21.73,19,111,76,40.8,31.0,19.4,56,5781,1,5308,69.5,0.28,8.28,92.2,1
307,31,51,0,21.71,28,89,44,40.1,28.4,17.8,53,6873,1,5707,69.7,0.25,8.14,92.2,0
307,34,51,0,21.62,4,113,0,35.7,35.1,18.6,57,4934,1,5641,70.0,0.29,8.6,83.9,0
307,35,51,0,21.8,31,133,9,44.0,34.2,18.9,54,6801,1,5003,71.6,0.2,7.74,83.8,1
307,36,51,0,21.93,20,122,40,62.2,33.9,17.5,56,7597,1,5020,72.5,0.22,7.59,83.3,1
307,37,51,0,21.87,48,147,120,39.5,29.8,17.6,56,10454,1,5660,72.7,0.23,8.23,83.3,0
307,38,51,0,21.97,25,116,0,39.6,31.4,18.5,58,6177,0,5673,73.0,0.18,7.66,83.3,1
308,14,32,0,23.46,37,62,0,64.3,31.2,22.0,59,7653,1,5632,71.5,0.06,7.26,70.7,1
308,15,32,0,24.01,30,41,0,64.5,33.7,23.6,60,8738,1,5981,72.8,0.05,6.68,71.5,0
308,16,32,0,21.88,65,89,0,63.8,38.5,22.7,60,4818,1,5871,70.4,0.13,8.23,71.8,1
308,17,32,0,22.85,38,49,0,69.8,35.6,23.1,57,8794,1,5899,69.8,0.07,7.78,72.2,1
308,20,32,0,21.98,9,18,0,63.4,32.0,22.8,62,5857,1,5843,70.1,0.14,7.87,94.5,1
308,21,32,0,22.77,34,42,0,65.3,31.1,22.4,56,4713,1,5804,69.1,0.08,8.02,94.5,1
308,22,32,0,21.82,20,20,0,60.2,35.0,22.3,59,9533,0,5652,68.9,0.04,7.41,94.5,1
308,23,32,0,24.14,25,47,88,68.4,30.3,22.1,61,10758,0,5393,66.8,0.1,6.82,94.4,1
308,24,32,0,23.13,46,79,31,86.8,34.0,21.5,61,8061,0,5592,64.3,0.17,7.64,94.3,1
308,27,32,0,22.74,58,28,23,82.5,38.7,22.2,60,6609,0,6047,66.1,0.21,7.54,88.8,1
308,28,32,0,22.18,32,77,64,56.9,34.2,21.8,58,5318,0,6087,68.7,0.25,8.21,88.8,1
308,29,32,0,20.76,15,22,89,69.0,39.0,22.3,56,7762,0,6410,68.9,0.18,8.32,86.8,1
308,30,32,0,21.21,29,27,0,66.4,36.4,22.5,57,7274,0,5967,64.0,0.06,7.77,87.4,1
308,31,32,0,22.02,63,33,39,64.4,39.0,22.5,59,6657,0,5580,60.4,0.09,7.33,86.8,1
308,34,32,0,20.81,13,12,11,60.0,34.4,22.5,59,6383,0,5255,62.7,0.09,8.07,72.4,1
308,35,32,0,23.2,36,0,0,62.8,33.6,22.4,55,6616,0,5000,58.3,0.08,7.6,72.4,1
308,36,32,0,22.0,28,58,70,69.6,31.5,22.1,58,10134,0,5327,57.7,0.11,7.99,73.3,1
308,37,32,0,22.62,52,17,0,60.7,39.0,21.5,59,5220,0,5495,58.8,0.06,7.77,72.7,1
308,38,32,0,21.46,31,19,0,81.9,33.5,22.7,59,7083,0,5340,62.5,-0.0,8.21,73.3,0
309,14,24,2,24.08,51,47,52,29.5,25.9,19.7,57,9390,0,4538,56.1,0.15,7.62,81.0,1
309,15,24,2,23.69,54,3,0,35.1,27.9,19.6,56,5125,0,4420,62.5,0.17,8.18,80.2,1
309,16,24,2,24.45,51,19,37,17.2,36.1,20.3,58,5302,0,4427,62.6,0.18,7.37,79.4,1
309,17,24,2,24.56,47,55,33,40.5,35.0,18.9,55,8815,0,4855,62.9,0.17,7.1,78.7,1
309,19,24,2,23.73,56,0,0,30.0,35.6,18.7,55,4084,0,4791,64.3,0.18,8.08,72.6,1
309,20,24,2,23.4,57,0,0,35.5,30.0,19.6,56,4351,0,4825,73.8,0.17,8.01,78.0,0
309,21,24,2,23.87,37,15,0,42.5,29.1,19.2,54,5755,1,4554,73.2,0.12,7.8,77.5,1
309,22,24,2,22.91,34,0,120,20.2,33.4,19.9,54,7353,1,4794,74.6,0.14,8.13,77.5,0
309,23,24,2,23.07,54,0,16,41.3,29.2,18.8,55,7780,1,5322,77.0,0.09,7.43,77.5,1
309,24,24,2,23.65,31,40,0,40.5,31.1,18.2,56,4835,1,5815,74.5,0.04,7.95,77.5,1
309,27,24,2,24.01,26,66,0,41.5,33.5,18.8,54,6800,0,6155,74.8,0.03,7.78,55.6,1
309,28,24,2,22.08,41,58,38,45.2,34.1,20.1,57,6625,0,6198,74.8,0.01,7.81,55.7,1
309,29,24,2,23.54,47,36,0,19.8,32.9,19.5,55,6672,0,6527,65.6,0.0,8.05,55.6,1
309,30,24,2,23.27,51,8,0,25.6,32.8,20.1,56,3999,0,6425,65.6,0.01,8.1,56.2,1
309,31,24,2,23.91,31,0,115,31.4,30.8,19.5,55,12234,0,6260,66.0,-0.04,8.07,56.8,1
309,34,24,2,22.44,32,23,88,33.5,34.4,19.1,56,10318,0,5821,50.9,-0.12,9.07,67.2,1
309,35,24,2,24.2,31,16,0,32.8,31.7,20.9,50,4464,0,6494,50.0,-0.2,7.54,67.9,1
309,36,24,2,25.06,32,31,13,31.2,32.3,19.7,53,3968,0,6450,49.9,-0.18,6.7,67.9,0
309,37,24,2,24.95,49,33,0,23.7,26.9,20.3,58,4087,0,6272,50.8,-0.08,6.78,67.2,1
309,38,24,2,24.21,43,53,17,23.4,24.7,18.7,61,7132,0,5903,53.1,-0.03,7.61,67.8,0
310,14,30,2,23.49,81,131,29,65.1,35.8,22.3,61,9065,1,11168,62.1,0.85,7.3,62.5,0
310,15,30,2,24.31,52,98,47,76.8,39.2,22.8,61,8336,1,11032,61.6,0.83,6.56,64.0,0
310,16,30,2,23.61,82,114,24,58.2,31.6,23.3,59,9391,1,11786,63.1,0.89,6.86,63.7,1
310,17,30,2,24.84,57,101,78,78.1,35.4,23.0,62,7284,1,11875,62.6,0.91,6.04,62.1,0
310,20,30,2,23.81,22,81,83,56.1,38.7,22.8,56,6793,1,11346,68.2,0.96,7.23,65.7,1
310,21,30,2,23.89,29,86,0,69.6,40.5,23.1,59,7509,1,11306,69.6,0.95,6.81,65.7,1
310,22,30,2,24.47,71,97,0,58.4,38.0,23.2,64,11313,1,11623,69.1,0.95,6.25,65.7,0
310,23,30,2,23.8,32,137,86,62.7,36.0,22.2,60,7016,1,11126,69.1,0.93,7.26,65.7,0
310,24,30,2,24.32,49,98,88,48.7,39.9,22.6,62,7686,1,10737,68.8,0.87,6.6,69.0,0
310,26,30,2,25.62,67,112,93,42.3,34.5,22.7,59,9330,1,9687,70.4,0.86,6.62,53.8,0
310,27,30,2,24.64,82,106,0,79.9,39.7,23.3,61,3844,2,11250,67.3,0.94,6.02,54.3,1
310,28,30,2,24.06,49,123,0,72.5,35.6,22.4,61,5430,2,11366,67.2,0.97,6.63,53.4,0
310,29,30,2,24.37,40,130,0,68.4,38.6,22.9,65,7257,2,12206,68.0,1.02,6.29,53.0,0
310,30,30,2,24.99,52,121,68,65.1,35.2,22.6,62,6675,2,12357,67.9,1.04,5.97,51.9,0
310,31,30,2,23.28,44,100,30,64.1,29.4,22.8,64,7882,2,13242,69.9,1.1,7.61,51.8,0
310,33,30,2,24.02,46,33,0,53.3,38.1,22.4,55,4377,2,12920,63.6,0.97,7.51,54.4,1
310,34,30,2,24.73,50,52,70,55.5,32.7,22.5,57,6216,2,13447,63.8,0.99,6.36,52.2,0
310,35,30,2,24.36,53,66,0,67.0,34.1,24.2,62,5346,2,13490,64.4,1.05,6.26,53.8,1
310,36,30,2,24.18,53,122,35,61.0,35.5,22.1,60,7812,2,13162,64.9,1.09,6.64,53.8,0
310,37,30,2,25.05,46,98,0,66.8,39.4,23.2,62,6953,2,12754,64.7,1.06,5.61,53.9,0
310,38,30,2,24.08,55,97,92,68.0,38.3,21.8,65,10616,2,11929,65.4,1.18,6.88,52.9,0
311,14,30,1,23.19,37,111,27,26.8,36.8,18.6,69,6380,1,8256,66.9,1.03,7.03,56.1,0
311,15,30,1,23.58,61,158,48,35.5,31.5,18.9,68,14180,1,8372,68.4,1.06,6.48,54.4,1
311,16,30,1,23.27,40,163,51,26.0,38.9,18.5,72,4895,1,8391,68.4,1.09,7.03,55.7,1
311,17,30,1,23.29,37,162,52,38.7,43.7,19.0,70,7365,1,9372,68.6,1.09,6.89,55.7,1
311,20,30,1,23.48,39,99,35,34.1,36.9,19.1,66,9208,1,9502,65.6,1.1,6.86,72.2,1
311,21,30,1,22.71,40,147,120,41.7,37.5,18.9,70,8929,1,9377,66.0,1.13,7.63,71.5,0
311,22,30,1,22.89,29,140,0,35.3,32.8,19.7,67,4743,1,9889,65.8,1.13,7.33,72.7,0
311,23,30,1,22.79,68,165,30,39.7,33.2,19.1,70,10163,1,9861,66.4,1.21,7.44,72.7,1
311,24,30,1,22.65,32,135,87,21.8,39.2,20.6,66,10416,1,9215,69.5,1.15,7.9,72.7,0
311,26,30,1,23.67,53,127,33,36.7,34.4,18.5,62,8964,1,8969,69.4,1.11,7.82,75.4,1
311,27,30,1,23.51,29,80,0,25.5,38.3,19.3,65,9905,1,8646,70.5,1.15,6.89,67.8,1
311,28,30,1,22.81,29,139,27,24.2,38.4,19.3,63,10021,1,9029,71.1,1.17,7.64,67.8,0
311,29,30,1,22.4,53,146,70,26.5,33.9,18.9,65,6248,1,9437,70.9,1.12,8.06,67.8,1
311,30,30,1,23.47,60,126,88,30.2,29.0,20.6,68,7054,1,9179,70.0,1.01,6.91,67.2,0
311,31,30,1,23.63,31,141,67,31.1,28.3,20.1,67,9301,1,8590,70.1,1.02,6.93,66.4,1
311,32,30,1,23.98,59,77,69,24.9,28.6,19.0,68,8315,1,8263,70.4,1.02,7.51,66.7,1
311,34,30,1,22.38,35,113,95,31.0,36.8,19.3,65,9556,1,8444,75.8,1.05,8.24,63.0,1
311,35,30,1,23.25,32,113,38,27.4,40.6,20.1,66,9036,1,8228,75.0,0.95,7.04,63.0,1
311,36,30,1,22.4,38,103,17,36.4,36.5,19.3,69,7860,1,8525,75.6,0.99,7.77,62.0,1
311,37,30,1,23.32,39,167,0,27.1,36.4,19.9,64,7278,1,8445,74.5,0.96,7.0,62.0,1
311,38,30,1,22.93,28,167,114,32.5,33.7,20.0,69,10732,1,9239,75.2,0.99,7.6,62.6,1
312,14,23,0,22.4,12,32,118,67.0,31.1,16.3,65,7011,1,9420,76.5,0.51,7.4,77.7,0
312,15,23,0,21.89,38,32,0,68.5,39.1,17.6,61,5599,1,9339,76.5,0.46,6.81,77.6,0
312,16,23,0,22.14,44,73,74,53.5,27.0,16.1,64,6468,1,8423,77.5,0.49,7.41,77.3,1
312,17,23,0,22.04,28,67,0,68.9,33.9,15.8,61,4310,1,8384,78.8,0.48,6.34,77.0,0
312,18,23,0,22.88,44,37,0,47.2,36.2,16.5,64,5725,1,8587,77.8,0.49,7.86,76.9,1
312,20,23,0,22.07,39,14,0,46.7,34.0,17.3,62,4963,1,7781,73.3,0.37,7.61,68.2,1
312,21,23,0,21.48,12,27,0,48.6,35.5,15.8,62,6013,1,7574,73.4,0.33,6.84,68.2,1
312,22,23,0,21.75,55,34,0,62.7,34.3,17.0,64,5621,1,6580,72.3,0.28,6.18,68.2,0
312,23,23,0,21.96,7,55,24,45.6,34.0,17.0,65,4973,1,7286,68.9,0.37,7.93,67.6,0
312,24,23,0,22.43,36,27,11,62.2,36.0,17.4,66,6425,1,7365,69.0,0.27,6.62,68.1,1
312,26,23,0,22.5,40,67,0,51.8,37.4,16.8,64,5988,1,6299,69.7,0.36,7.44,78.0,1
312,27,23,0,22.27,20,68,68,61.3,34.1,17.9,65,4820,1,6589,70.7,0.32,8.2,61.8,0
312,28,23,0,21.6,18,22,120,53.2,32.8,17.0,67,7745,1,6718,71.1,0.25,6.97,61.4,1
312,29,23,0,21.94,43,66,0,47.5,41.2,16.4,65,6621,1,6698,69.8,0.28,6.66,61.1,0
312,30,23,0,22.83,58,50,49,60.6,31.2,16.8,67,11300,1,6636,69.7,0.29,7.15,62.4,1
312,31,23,0,21.57,7,27,0,51.9,36.0,17.1,63,5958,1,6756,68.6,0.31,7.25,63.5,1
312,34,23,0,21.93,26,89,20,45.8,32.1,16.8,62,4406,1,6879,70.5,0.32,7.07,67.5,0
312,35,23,0,22.58,47,63,0,54.0,36.9,17.2,63,4678,1,7198,70.4,0.36,7.06,66.7,1
312,36,23,0,22.01,31,47,0,55.7,37.0,17.2,64,4869,1,6827,72.2,0.35,6.95,67.3,1
312,37,23,0,22.25,28,73,120,66.9,26.7,16.0,64,6550,1,6077,75.1,0.29,7.16,67.9,0
312,38,23,0,21.73,0,43,0,52.2,32.4,17.7,66,5035,1,5973,75.1,0.35,7.73,67.9,1
313,14,29,0,21.42,34,62,62,18.3,45.2,23.3,60,5777,0,6224,71.0,0.71,7.37,79.3,1
313,15,29,0,21.47,21,77,29,23.0,45.6,23.7,58,4788,0,6265,70.0,0.68,7.91,79.4,1
313,16,29,0,21.31,27,98,95,23.7,41.7,23.2,61,11381,0,5992,70.7,0.65,7.43,79.4,0
313,17,29,0,21.3,35,92,9,19.1,39.3,23.8,56,5250,0,6499,69.4,0.63,7.88,79.9,1
313,18,29,0,21.47,44,61,0,21.4,42.8,23.7,61,5949,0,6986,69.0,0.57,7.12,79.9,1
313,20,29,0,22.65,29,83,70,22.5,42.7,24.3,58,5970,0,6366,70.0,0.59,6.43,68.0,0
313,21,29,0,22.44,40,120,0,26.2,34.6,23.1,64,7113,0,6447,69.8,0.68,6.74,68.7,1
313,22,29,0,21.32,35,114,0,5.8,47.5,24.0,62,4508,0,6659,70.3,0.76,7.64,67.4,1
313,23,29,0,22.4,41,90,0,16.8,42.9,23.2,61,8831,0,6606,69.7,0.71,6.72,67.4,0
313,24,29,0,21.84,33,93,17,2.5,42.6,21.8,62,9782,0,6592,70.4,0.74,7.42,66.8,1
313,25,29,0,21.2,66,95,16,20.8,41.2,23.4,62,5297,0,6360,70.4,0.7,7.55,67.4,0
313,27,29,0,21.39,20,87,0,21.9,43.5,21.7,60,4553,1,7389,77.5,0.74,7.91,66.5,0
313,28,29,0,20.86,14,53,76,17.9,39.5,23.1,56,6825,1,7776,77.5,0.7,8.24,65.8,1
313,29,29,0,21.8,49,58,62,7.7,38.6,23.1,57,7384,1,7367,77.1,0.64,7.63,65.8,1
313,30,29,0,20.97,31,91,0,12.5,43.8,23.2,55,7026,1,7540,77.0,0.66,7.35,66.5,1
313,31,29,0,21.45,18,83,0,16.4,33.6,22.1,56,4530,1,7816,75.2,0.67,6.99,66.4,1
313,33,29,0,22.53,37,56,28,7.3,45.5,23.0,59,5962,1,8028,66.8,0.65,7.43,76.1,1
313,34,29,0,21.9,48,76,110,37.3,40.6,23.3,61,8094,1,8189,65.7,0.69,7.59,72.4,1
313,35,29,0,21.73,42,71,30,15.8,35.8,22.3,56,7851,1,8312,65.9,0.61,7.65,72.9,1
313,36,29,0,21.48,0,91,0,10.1,41.3,22.8,61,6915,0,8267,66.0,0.54,7.54,74.0,1
313,37,29,0,22.6,46,95,93,6.6,36.2,22.5,56,8037,0,8213,66.2,0.55,6.92,74.0,1
313,38,29,0,22.22,19,85,0,29.7,41.5,22.9,61,6054,0,8262,65.8,0.54,7.17,75.5,1
314,14,26,2,24.38,30,94,120,46.6,25.5,22.5,60,9801,2,12036,52.5,1.43,6.09,63.4,0
314,15,26,2,24.23,58,98,72,63.7,28.3,23.6,63,6918,2,12787,56.3,1.43,5.78,65.0,1
314,16,26,2,23.42,74,132,87,41.5,30.6,23.7,60,5236,2,14315,56.7,1.46,6.75,67.0,0
314,17,26,2,23.04,51,107,33,48.1,29.5,24.1,61,7422,2,14689,55.7,1.43,6.88,67.6,1
314,20,26,2,23.33,31,57,51,58.1,33.0,24.1,58,13880,2,14680,55.8,1.38,6.69,73.7,1
314,21,26,2,24.74,34,7,16,42.5,29.5,23.7,57,7852,2,13144,54.5,1.31,5.4,71.9,0
314,22,26,2,23.67,37,140,0,47.2,28.8,24.6,61,4995,2,11636,54.5,1.29,5.84,70.9,0
314,23,26,2,25.21,54,174,40,50.9,27.3,23.6,65,9673,2,11206,53.6,1.29,4.62,68.2,0
314,24,26,2,22.91,89,147,84,72.1,29.3,23.2,65,10942,2,11939,54.1,1.38,6.92,68.1,0
314,27,26,2,24.08,23,59,107,59.6,26.3,23.4,58,10207,2,10984,69.0,1.45,6.27,29.4,0
314,28,26,2,23.64,64,61,0,40.9,28.1,24.7,58,11104,2,11943,69.0,1.39,6.27,29.4,0
314,29,26,2,23.16,66,88,120,55.0,29.7,23.6,59,10183,2,10678,68.6,1.37,7.09,31.0,1
314,30,26,2,24.63,39,90,0,62.1,34.7,23.9,59,6304,2,9122,67.9,1.28,5.21,32.5,0
314,31,26,2,24.42,60,121,37,45.8,23.2,22.9,65,5554,2,9509,68.4,1.39,5.65,32.5,0
314,33,26,2,23.16,55,22,37,38.5,25.4,24.6,58,8428,2,10659,53.7,1.43,7.37,41.9,1
314,34,26,2,23.78,36,48,120,58.1,34.7,24.7,56,8508,2,10533,55.2,1.4,6.25,36.4,0
314,35,26,2,25.41,40,120,62,59.4,31.4,24.2,60,12300,2,10573,55.7,1.43,4.6,37.2,0
314,36,26,2,25.76,37,170,54,53.7,26.2,24.7,66,6759,2,12080,55.4,1.49,4.16,35.3,0
314,37,26,2,24.95,45,175,51,53.1,31.3,24.8,63,6328,2,13715,56.2,1.61,4.96,35.9,0
314,38,26,2,24.43,54,133,36,57.8,32.6,25.0,68,8225,2,14114,56.2,1.58,5.35,34.6,0
315,14,40,0,24.13,68,46,92,40.6,33.7,20.1,59,8639,0,6049,60.6,0.32,5.84,79.5,1
315,15,40,0,22.9,87,39,120,52.5,30.5,20.0,59,8601,0,6715,59.2,0.42,7.15,79.1,1
315,16,40,0,22.61,72,81,0,37.2,29.8,20.0,61,11935,0,6957,58.8,0.41,7.1,78.7,1
315,17,40,0,22.72,79,39,0,42.1,28.3,19.2,60,4938,0,8645,59.3,0.46,7.17,78.4,0
315,19,40,0,23.09,86,45,120,19.8,25.1,19.5,56,9124,1,7589,59.4,0.46,8.15,79.6,1
315,20,40,0,22.97,70,37,0,35.4,26.3,20.4,56,10191,1,7667,58.5,0.46,6.92,83.6,1
315,21,40,0,21.56,70,20,90,34.0,22.8,19.2,60,11427,1,7629,62.8,0.46,7.5,84.2,1
315,22,40,0,21.56,47,51,0,35.2,30.0,19.4,58,10886,1,7855,61.5,0.51,7.69,84.2,1
315,23,40,0,22.65,73,88,63,43.2,26.5,19.6,57,7814,1,7407,63.8,0.5,7.28,83.6,1
315,24,40,0,24.02,66,97,86,47.2,23.0,19.1,58,13035,0,7345,63.8,0.54,6.19,83.6,1
315,27,40,0,21.17,80,12,0,29.2,32.3,19.5,57,6662,0,7729,68.8,0.52,6.92,70.8,0
315,28,40,0,22.29,69,56,33,40.4,29.7,19.0,57,7829,0,7678,63.3,0.56,7.43,70.8,1
315,29,40,0,22.59,85,75,0,50.9,30.4,20.0,58,8530,0,7019,65.6,0.45,7.29,70.8,1
315,30,40,0,20.84,46,30,81,35.1,23.9,19.1,56,9948,0,6874,66.0,0.44,7.62,70.2,1
315,31,40,0,23.2,90,35,42,48.9,31.0,18.4,61,9513,0,5137,61.6,0.4,6.52,70.2,0
315,32,40,0,22.23,97,84,0,40.5,28.6,18.3,63,9759,0,5211,61.3,0.45,7.25,70.2,0
315,34,40,0,22.99,79,54,14,50.5,29.4,20.2,58,8684,0,5447,62.6,0.46,6.81,58.6,1
315,35,40,0,22.32,81,92,0,41.7,21.3,18.3,60,7680,0,5395,62.7,0.47,7.18,58.6,1
315,36,40,0,22.62,58,60,97,37.1,30.7,19.4,58,9077,0,5414,63.7,0.49,7.62,58.5,1
315,37,40,0,21.07,80,67,48,34.6,33.1,18.9,58,16490,0,5499,64.0,0.5,7.42,58.5,1
315,38,40,0,22.4,59,26,76,30.8,27.3,18.5,59,7117,0,5870,60.9,0.49,7.31,58.5,1
316,14,31,1,21.98,12,141,0,26.2,30.9,21.6,61,6635,1,10237,58.4,0.94,7.31,55.7,1
316,15,31,1,22.86,28,223,0,18.3,31.6,22.3,58,7649,1,11173,59.0,0.94,6.23,57.2,1
316,16,31,1,21.73,14,235,31,23.5,31.0,22.8,61,7009,1,11204,58.6,0.94,7.33,59.1,1
316,17,31,1,22.62,14,164,64,22.4,27.4,22.3,58,7452,1,10408,56.8,0.85,6.71,61.2,1
316,19,31,1,23.59,0,138,11,16.8,28.9,22.7,55,6915,1,9720,57.7,0.85,6.5,55.4,1
316,20,31,1,23.19,20,197,0,18.8,32.5,21.4,60,9016,1,10424,61.2,0.95,5.69,49.4,0
316,21,31,1,23.32,49,197,16,29.6,34.7,21.8,62,6778,1,9801,61.3,0.99,5.72,47.7,1
316,22,31,1,22.89,45,281,5,22.9,28.2,21.5,64,7746,1,10889,61.3,0.98,6.17,45.9,0
316,23,31,1,23.2,85,252,85,33.6,30.0,20.9,66,14182,2,11677,61.2,1.0,5.78,43.0,0
316,24,31,1,22.67,17,238,63,8.3,32.5,22.2,62,11182,2,11119,63.5,1.11,6.51,41.6,0
316,27,31,1,22.14,12,127,0,12.7,34.6,21.2,59,6495,2,12570,63.5,1.03,7.11,49.0,1
316,28,31,1,21.75,4,136,94,27.2,28.6,20.9,57,8779,2,12614,63.3,0.99,7.56,48.4,1
316,29,31,1,22.97,23,153,65,16.1,29.0,21.9,57,8782,2,12189,62.9,0.97,6.28,50.2,1
316,30,31,1,22.36,3,166,0,13.5,34.4,22.4,61,10716,2,12003,63.1,0.97,6.69,50.9,1
316,31,31,1,23.19,47,206,0,17.4,29.4,21.5,60,9208,2,12063,64.2,1.02,5.79,52.4,1
316,34,31,1,22.86,30,144,0,15.1,28.5,20.8,57,7288,2,11819,62.4,1.0,6.22,55.9,0
316,35,31,1,23.09,30,179,0,26.2,26.5,21.5,59,5975,1,12370,62.3,0.96,6.08,56.8,0
316,36,31,1,23.6,32,223,34,31.8,28.1,21.8,61,8363,1,11182,62.3,0.93,5.51,55.3,0
316,37,31,1,23.06,19,255,83,9.7,34.5,20.6,64,8458,1,9662,62.7,0.98,6.11,55.9,0
316,38,31,1,22.11,34,264,78,14.3,31.4,21.4,64,10078,1,9954,62.7,0.96,7.13,54.6,1
317,14,28,0,22.94,18,84,50,18.0,38.8,25.0,63,4394,0,6582,62.9,0.49,7.41,54.1,1
317,15,28,0,21.58,20,27,88,41.7,32.6,24.7,63,5506,0,6859,60.2,0.54,7.91,54.1,1
317,16,28,0,21.43,23,60,62,27.7,33.5,25.4,60,6837,0,6389,61.6,0.54,7.69,54.4,1
317,17,28,0,22.62,7,65,0,29.2,41.8,24.8,63,4187,0,5244,63.2,0.49,7.29,53.7,1
317,18,28,0,23.49,32,92,26,33.7,33.3,25.8,62,6085,0,5618,62.2,0.57,7.33,53.2,0
317,20,28,0,22.13,14,60,0,24.7,32.0,24.5,63,4052,0,6360,57.7,0.6,8.12,77.8,1
317,21,28,0,21.55,34,75,46,31.1,39.8,25.0,62,4745,0,5968,57.7,0.59,8.14,79.1,0
317,22,28,0,21.51,1,62,29,29.5,34.1,25.4,65,4835,0,5304,62.3,0.52,7.73,79.1,1
317,23,28,0,21.05,46,50,104,45.9,31.1,25.0,63,6544,0,5131,62.7,0.54,7.41,79.1,1
317,24,28,0,22.94,42,80,35,38.3,31.9,26.3,63,4708,0,5055,61.4,0.59,7.2,78.6,1
317,25,28,0,22.22,9,70,24,24.8,34.0,25.4,63,2808,0,5665,59.9,0.61,8.07,78.2,1
317,27,28,0,20.37,28,54,0,30.7,34.1,25.3,61,4965,0,5461,58.1,0.56,7.61,71.5,0
317,28,28,0,20.97,16,43,0,17.1,41.6,24.7,60,5633,0,5156,54.8,0.53,7.42,72.8,1
317,29,28,0,20.92,39,63,0,38.6,31.5,24.7,62,5423,0,4912,53.6,0.53,7.96,72.8,1
317,30,28,0,21.2,24,47,33,32.3,34.9,26.0,61,4030,0,5006,52.4,0.53,7.73,72.3,1
317,31,28,0,21.08,0,42,0,17.1,40.8,25.9,61,3678,0,5269,52.0,0.53,8.06,72.8,1
317,34,28,0,20.64,21,95,0,28.9,34.6,25.0,64,5585,1,4798,55.8,0.47,7.61,93.1,1
317,35,28,0,21.82,21,56,0,14.7,43.6,25.8,63,2961,1,5045,54.3,0.5,7.36,93.4,0
317,36,28,0,21.21,0,84,0,22.9,35.9,27.2,66,5164,1,5802,54.4,0.56,7.52,93.9,0
317,37,28,0,22.91,19,57,0,36.2,35.8,25.6,60,5307,1,6130,54.0,0.57,7.36,87.7,0
317,38,28,0,21.22,29,79,0,34.2,33.7,25.1,64,3642,0,6151,52.7,0.58,7.64,87.8,1
318,14,30,2,23.71,54,195,12,58.6,38.4,24.4,59,14334,3,24371,60.5,2.08,5.95,12.6,0
318,15,30,2,22.68,31,195,51,45.3,32.1,24.0,63,8852,3,24471,60.7,2.08,6.95,12.6,0
318,16,30,2,23.27,46,169,60,48.5,37.4,23.9,61,13378,3,23157,57.7,1.95,6.55,14.3,0
318,17,30,2,24.7,65,219,0,68.6,37.7,24.2,63,9222,3,21907,56.8,1.85,4.72,15.7,0
318,19,30,2,25.16,38,94,0,38.5,37.0,24.3,54,11801,3,19180,46.0,1.58,5.73,26.6,0
318,20,30,2,23.59,40,186,0,47.1,31.6,23.9,61,8949,3,17826,45.5,1.61,6.13,7.5,0
318,21,30,2,23.67,35,215,55,52.5,38.3,24.2,60,7420,2,17059,44.4,1.46,6.07,7.5,0
318,22,30,2,24.39,7,215,68,42.0,35.8,24.2,66,6725,2,16287,44.2,1.44,5.51,8.9,0
318,23,30,2,23.68,69,248,0,57.9,37.1,24.6,66,12031,2,16287,44.2,1.43,5.73,9.5,0
318,24,30,2,24.88,35,248,109,66.2,37.8,25.4,63,16513,2,16767,43.1,1.37,4.93,10.7,0
318,27,30,2,23.36,37,122,49,42.3,41.7,23.4,56,9063,2,16940,39.2,1.49,6.54,0.0,0
318,28,30,2,23.2,41,125,88,58.1,39.7,25.5,59,7736,2,17041,38.7,1.44,6.53,0.0,0
318,29,30,2,24.2,33,198,119,52.6,35.5,25.4,62,8434,2,16657,38.2,1.4,5.48,0.0,0
318,30,30,2,24.57,55,213,26,37.8,37.3,25.1,67,9543,2,17971,40.3,1.51,4.97,0.0,0
318,31,30,2,24.59,40,242,71,32.9,42.6,25.0,62,8929,3,18817,41.4,1.62,5.0,0.0,0
318,34,30,2,23.71,62,109,0,62.3,37.9,24.7,59,7546,2,19498,32.7,1.4,5.89,0.0,0
318,35,30,2,25.19,53,135,31,48.8,36.8,25.4,59,16021,2,19807,32.6,1.42,4.28,0.0,0
318,36,30,2,24.3,51,225,77,65.6,37.8,24.8,68,6868,2,20579,33.8,1.55,5.37,0.0,0
318,37,30,2,24.33,56,230,36,59.7,35.3,24.0,64,12971,2,20579,33.5,1.56,5.19,0.0,0
318,38,30,2,23.63,39,254,22,57.3,40.6,24.6,64,6847,2,20579,34.5,1.6,5.98,0.0,0
319,14,32,0,22.26,25,61,0,57.0,28.5,21.0,58,7168,0,5347,75.3,0.69,7.3,73.7,1
319,15,32,0,21.7,35,28,0,62.3,29.1,21.0,56,8186,0,5356,75.8,0.64,7.64,73.7,1
319,16,32,0,22.4,22,28,26,51.7,20.2,20.1,60,6715,0,5477,76.1,0.63,7.44,74.4,1
319,17,32,0,22.12,18,37,53,41.7,22.6,21.0,56,8387,0,5643,76.1,0.61,7.52,75.6,0
319,18,32,0,22.27,22,53,0,27.3,22.7,21.1,57,6503,0,5691,76.1,0.65,7.97,76.5,1
319,19,32,0,22.78,72,44,86,40.8,24.8,21.3,52,6312,0,6015,76.7,0.61,7.27,76.4,1
319,20,32,0,22.11,51,21,0,37.7,27.8,19.8,57,5348,0,6393,75.2,0.66,7.58,67.1,1
319,21,32,0,22.47,58,65,0,55.7,25.6,19.6,57,4807,0,6716,75.3,0.68,6.62,66.6,1
319,22,32,0,21.68,19,46,88,45.4,34.2,20.8,59,8587,0,6745,79.4,0.71,7.59,66.6,1
319,23,32,0,22.51,60,91,41,52.5,34.0,20.3,58,9342,0,7004,84.4,0.7,7.03,65.8,1
319,24,32,0,22.25,55,79,0,74.7,26.6,20.7,60,8356,0,6565,86.5,0.68,7.39,65.4,0
319,25,32,0,22.56,75,63,93,60.0,31.4,20.4,58,5433,0,6879,87.7,0.63,7.51,65.4,0
319,27,32,0,22.25,46,0,0,56.7,28.1,19.9,60,4703,0,7280,76.8,0.54,7.41,81.0,1
319,28,32,0,22.25,54,44,0,45.2,27.4,19.9,58,5724,0,7353,77.0,0.58,7.35,80.9,0
319,29,32,0,21.58,43,45,60,37.3,22.2,19.7,54,7841,0,6977,77.0,0.57,7.54,80.9,0
319,30,32,0,21.74,32,40,66,58.6,29.3,19.6,55,7695,0,6830,76.2,0.58,7.28,80.9,1
319,31,32,0,22.22,25,32,0,45.6,26.9,19.6,59,5862,1,6834,74.7,0.59,7.52,80.6,0
319,34,32,0,22.05,30,17,46,52.3,33.4,19.1,55,11356,1,6492,73.2,0.58,7.16,88.2,1
319,35,32,0,21.26,8,44,65,52.0,29.8,18.2,55,9434,1,6125,72.8,0.61,7.62,88.4,1
319,36,32,0,21.39,26,20,49,41.4,34.3,19.8,57,5827,1,6525,70.4,0.54,6.85,88.4,1
319,37,32,0,22.46,29,31,7,70.8,23.7,19.9,61,3707,1,6268,67.5,0.59,7.09,88.4,0
319,38,32,0,21.97,39,62,8,47.2,22.9,18.6,60,6714,0,6512,67.5,0.59,7.47,88.4,1
320,14,36,1,22.57,14,156,58,7.8,36.6,20.6,56,11798,0,5633,74.2,0.68,7.79,70.1,1
320,15,36,1,22.93,14,141,27,33.2,38.1,21.9,57,6474,0,5478,73.8,0.63,7.44,70.1,1
320,16,36,1,23.2,13,133,0,4.2,35.2,20.8,57,5351,0,5867,74.0,0.65,7.2,70.1,1
320,17,36,1,22.33,20,155,62,21.0,40.9,20.9,57,10371,0,5654,74.1,0.59,7.91,70.1,1
320,20,36,1,22.65,8,129,0,22.0,39.8,20.6,56,6804,0,5888,74.9,0.62,7.54,52.4,1
320,21,36,1,22.29,24,140,0,19.8,34.3,21.6,56,6093,0,5864,74.8,0.62,8.05,52.4,1
320,22,36,1,22.71,11,96,0,26.5,39.7,21.2,56,4902,0,5345,74.4,0.55,7.64,52.4,0
320,23,36,1,22.96,23,103,32,15.4,41.4,20.6,55,13618,0,5874,75.0,0.58,7.36,51.8,0
320,24,36,1,23.25,16,120,48,7.5,44.4,21.9,54,7910,0,6113,75.1,0.62,7.26,52.9,1
320,26,36,1,22.19,18,70,0,0.0,38.9,20.7,53,9338,0,6287,66.5,0.57,7.62,70.0,1
320,27,36,1,23.0,14,101,0,11.4,37.7,21.5,56,9452,0,6220,64.7,0.61,7.32,73.3,1
320,28,36,1,22.86,28,157,99,10.6,34.7,21.1,53,12326,0,6359,64.7,0.59,7.45,73.3,1
320,29,36,1,23.59,0,141,5,15.8,37.8,21.2,58,4916,0,6750,64.9,0.61,6.91,72.8,0
320,30,36,1,22.27,7,157,35,6.0,35.3,21.3,57,9379,0,6666,64.9,0.65,8.02,72.8,1
320,31,36,1,23.05,35,154,0,22.4,37.5,21.2,54,8362,0,6258,64.1,0.59,7.27,72.2,0
320,34,36,1,22.24,29,114,82,25.6,38.4,19.6,53,8444,1,6922,66.8,0.64,8.25,78.2,1
320,35,36,1,21.62,8,128,0,12.1,37.2,21.7,51,11559,1,6930,66.7,0.59,7.5,78.2,1
320,36,36,1,22.63,7,88,120,36.7,37.5,21.1,57,13810,0,7149,62.3,0.63,7.98,78.2,1
320,37,36,1,23.21,0,107,51,0.0,42.0,20.9,53,8991,0,6878,62.3,0.61,7.24,78.2,1
320,38,36,1,22.54,5,133,83,23.8,38.3,19.7,56,9143,0,6650,62.3,0.62,7.82,78.7,1
321,14,24,2,24.54,86,137,3,50.4,28.7,21.1,68,5972,2,14148,59.0,2.04,6.25,56.4,1
321,15,24,2,23.68,66,157,45,64.2,34.7,20.3,70,6308,2,15736,59.1,2.03,7.02,56.4,1
321,16,24,2,24.65,57,157,0,48.4,35.4,19.8,68,6526,2,16392,58.1,1.99,6.11,57.4,1
321,17,24,2,24.18,69,157,55,50.0,40.8,19.9,66,5823,2,16392,58.8,2.0,6.58,58.8,1
321,19,24,2,24.04,73,89,38,41.8,36.0,20.1,67,5095,2,15559,59.7,1.94,7.89,68.2,1
321,20,24,2,24.1,64,25,48,69.3,39.0,20.7,64,8344,1,15897,60.9,1.79,6.63,60.2,1
321,21,24,2,24.23,78,120,97,62.0,21.5,20.2,64,7873,1,15757,60.4,1.76,6.57,59.3,0
321,22,24,2,24.44,61,83,45,55.8,30.7,20.1,70,4119,1,15220,60.0,1.65,6.11,60.5,0
321,23,24,2,23.91,50,102,0,58.9,32.4,20.4,70,5499,1,15238,59.8,1.64,6.78,60.5,0
321,24,24,2,23.08,82,147,0,49.3,36.7,20.2,67,4924,1,13307,59.1,1.52,7.61,60.7,1
321,27,24,2,23.16,74,76,0,39.8,28.4,21.3,68,4585,1,12182,67.1,1.4,7.3,52.3,1
321,28,24,2,24.36,59,78,89,56.7,34.3,20.6,61,7239,1,11947,64.8,1.3,6.46,54.2,1
321,29,24,2,24.74,73,93,49,63.4,27.4,20.6,67,4548,1,11243,64.7,1.28,5.96,54.2,0
321,30,24,2,24.5,89,125,37,47.1,35.7,21.0,71,6454,1,10159,65.5,1.36,6.18,52.6,0
321,31,24,2,24.34,63,112,0,69.4,33.0,19.7,72,4860,2,9647,65.5,1.35,6.47,50.5,0
321,34,24,2,24.98,67,81,22,43.3,32.3,21.5,68,8809,2,9567,62.5,1.38,5.81,37.8,0
321,35,24,2,25.01,77,131,59,43.1,38.2,19.6,68,4659,2,9957,62.9,1.44,5.61,37.3,0
321,36,24,2,24.43,86,127,0,51.5,29.8,21.9,69,8851,2,10401,63.2,1.51,6.19,37.3,1
321,37,24,2,24.44,65,131,68,58.1,29.6,21.0,69,4611,2,10871,63.3,1.5,6.14,38.3,1
321,38,24,2,24.42,74,208,33,65.1,31.4,20.8,73,4538,1,11456,63.8,1.55,6.15,39.4,0
322,14,24,2,23.66,20,135,0,52.2,41.7,24.0,54,10131,2,16211,60.3,1.57,6.45,32.5,0
322,15,24,2,23.8,0,131,0,34.7,48.0,24.2,59,7558,2,17075,62.3,1.57,6.24,31.3,0
322,16,24,2,22.76,60,178,74,60.8,50.7,24.8,62,7392,2,16863,61.6,1.5,7.06,30.6,0
322,17,24,2,24.88,42,140,0,33.9,49.2,23.7,58,6155,2,15375,59.2,1.43,5.18,29.7,1
322,20,24,2,24.08,24,98,33,34.6,46.4,23.8,53,7408,2,14131,52.2,1.42,6.18,43.3,0
322,21,24,2,23.65,9,154,106,14.6,45.3,23.8,56,13461,2,13594,52.1,1.4,6.89,44.4,0
322,22,24,2,23.76,18,164,10,42.8,50.3,24.5,56,4388,2,14202,51.9,1.35,6.3,43.6,0
322,23,24,2,24.63,27,148,33,41.1,48.7,22.1,58,7296,1,14374,52.7,1.37,5.55,44.7,1
322,24,24,2,23.99,36,195,0,41.7,49.1,23.5,67,7792,2,14397,52.7,1.4,5.9,45.2,0
322,26,24,2,24.7,62,88,81,39.7,50.0,24.1,54,6740,1,15499,51.8,1.43,6.27,69.3,0
322,27,24,2,24.24,35,167,119,43.4,45.6,23.3,59,8845,1,15905,51.6,1.49,6.06,49.4,0
322,28,24,2,23.87,0,181,106,33.9,49.8,24.2,60,8903,1,15249,51.9,1.51,6.13,48.1,0
322,29,24,2,22.54,0,193,92,22.5,52.0,23.0,59,9807,1,15565,52.0,1.54,7.62,50.3,0
322,30,24,2,24.6,5,109,0,37.6,49.0,23.9,57,11386,1,14760,50.1,1.44,5.63,48.9,0
322,31,24,2,24.49,38,186,48,43.1,42.2,24.1,60,7509,1,15956,53.1,1.54,5.81,48.9,0
322,32,24,2,23.61,33,137,0,22.0,50.0,23.3,61,9745,1,16096,53.1,1.49,7.87,49.5,1
322,34,24,2,24.12,21,97,35,30.9,46.7,23.9,52,8172,2,16127,59.4,1.53,6.05,45.1,1
322,35,24,2,24.39,54,200,37,58.9,44.8,22.6,58,8351,2,16766,59.3,1.54,5.6,44.2,0
322,36,24,2,23.78,30,204,66,29.4,44.0,22.2,56,9182,2,16391,59.5,1.63,6.62,43.7,0
322,37,24,2,23.37,7,202,0,45.5,49.1,22.9,59,11329,2,14721,59.9,1.61,6.75,45.0,0
322,38,24,2,24.12,20,182,78,39.4,44.4,22.6,59,8913,2,13228,58.7,1.53,6.27,43.7,0
323,14,43,0,21.93,4,68,0,17.8,35.9,20.6,62,5543,0,5341,69.4,0.14,7.58,80.6,1
323,15,43,0,21.25,12,23,0,51.1,35.9,20.1,62,3951,0,5504,70.4,0.12,7.71,80.6,0
323,16,43,0,21.13,0,33,0,22.5,37.6,20.8,63,6992,0,5544,69.6,0.15,7.76,80.1,1
323,17,43,0,22.23,4,21,0,26.5,42.3,20.4,61,6750,0,4962,67.2,0.17,7.54,80.1,1
323,19,43,0,21.27,44,7,0,22.7,35.0,20.4,62,4809,0,5138,69.2,0.18,7.4,80.1,1
323,20,43,0,21.03,0,56,50,42.3,33.1,21.8,65,6295,0,5137,67.8,0.2,8.35,80.1,1
323,21,43,0,21.95,7,58,14,38.3,37.5,21.2,66,4135,0,4713,68.0,0.1,7.08,79.3,1
323,22,43,0,20.79,8,47,3,26.7,41.4,19.9,66,8664,0,4513,67.9,0.18,7.72,78.7,1
323,23,43,0,21.71,3,26,0,9.3,33.5,21.6,64,7023,1,4409,64.8,0.19,7.94,79.4,1
323,24,43,0,21.15,19,21,0,27.1,37.2,20.5,62,3767,1,4452,66.1,0.19,7.79,79.4,1
323,26,43,0,21.18,0,0,120,13.3,38.8,21.1,60,8529,1,5059,63.9,0.12,7.13,79.3,0
323,27,43,0,21.46,19,45,18,22.6,44.6,19.8,62,7219,1,4889,66.2,0.17,7.97,76.7,1
323,28,43,0,21.77,10,0,0,31.4,37.6,20.6,62,6157,1,4637,68.7,0.14,7.44,76.7,1
323,29,43,0,21.64,34,53,0,43.6,37.5,20.7,63,9552,0,4485,68.9,0.15,7.24,76.7,1
323,30,43,0,21.68,2,32,9,19.8,41.8,19.5,64,6916,0,4133,69.2,0.19,7.64,76.4,1
323,31,43,0,23.06,23,29,0,19.9,33.6,21.1,61,4134,0,4246,69.8,0.2,7.05,76.4,0
323,33,43,0,22.51,29,3,20,23.9,37.0,19.7,65,4878,0,4216,67.3,0.26,8.07,75.9,1
323,34,43,0,21.35,1,56,98,28.5,34.4,19.9,64,6319,1,4459,65.9,0.21,8.25,95.4,1
323,35,43,0,21.0,7,36,0,10.6,34.5,20.0,63,4223,0,4815,66.4,0.22,7.39,95.4,1
323,36,43,0,21.51,0,11,76,26.1,35.7,20.9,65,7188,0,5145,64.2,0.2,7.26,95.4,1
323,37,43,0,22.0,7,22,120,37.5,39.3,20.0,66,9153,0,5131,66.0,0.23,8.27,94.8,1
323,38,43,0,21.82,27,21,0,15.5,36.9,20.4,62,7554,0,5037,65.4,0.21,7.92,94.8,1
324,14,28,2,24.47,26,52,31,15.4,46.4,22.3,60,8084,1,11365,58.0,1.08,6.32,74.3,0
324,15,28,2,23.9,3,64,70,30.9,43.1,23.7,65,7258,1,12123,58.0,1.02,6.75,73.8,0
324,16,28,2,23.72,23,90,0,28.5,52.2,22.1,61,4386,1,11907,58.7,1.05,6.88,74.3,0
324,17,28,2,23.43,45,85,0,23.8,36.5,22.4,65,4591,1,13197,58.3,0.97,7.32,73.9,1
324,19,28,2,24.1,48,23,0,13.0,39.5,22.9,59,7774,1,12924,62.3,0.77,7.6,59.0,0
324,20,28,2,23.58,21,75,0,45.5,40.2,23.6,61,4823,1,13192,75.5,0.91,6.95,47.3,1
324,21,28,2,23.33,8,84,25,29.3,48.7,22.5,63,6851,1,13430,76.3,0.97,7.18,47.3,0
324,22,28,2,24.55,20,99,85,16.9,48.0,22.8,67,6540,1,12333,75.4,0.87,6.12,47.9,0
324,23,28,2,23.64,32,133,0,34.2,47.8,21.4,64,4292,1,11196,77.6,0.97,6.69,47.9,0
324,24,28,2,24.03,38,129,8,24.2,49.6,22.3,67,3957,1,11011,76.6,0.9,6.44,48.5,0
324,27,28,2,23.71,14,38,120,22.2,48.8,22.1,62,9204,1,9998,64.9,0.89,7.13,67.6,1
324,28,28,2,23.78,47,101,0,33.8,43.3,22.3,64,5045,1,10002,65.7,0.93,6.82,68.5,1
324,29,28,2,23.6,5,85,0,27.7,42.9,23.3,62,4728,1,9346,65.4,0.89,7.08,67.0,0
324,30,28,2,23.43,20,139,102,41.2,45.9,23.6,64,6096,1,9561,65.1,0.87,7.04,66.5,0
324,31,28,2,24.06,27,71,54,32.5,54.6,22.7,64,5493,1,9191,64.6,0.86,6.62,66.0,0
324,34,28,2,23.65,26,24,0,36.1,43.9,20.7,59,4504,1,10819,63.2,0.8,6.84,62.4,1
324,35,28,2,22.86,21,89,0,25.1,48.4,21.9,62,4906,1,10667,63.3,0.81,7.5,63.3,1
324,36,28,2,24.37,49,68,82,23.2,44.4,23.1,62,4116,1,10645,62.1,0.79,6.34,63.3,0
324,37,28,2,23.02,0,63,0,24.0,47.7,22.2,66,4740,1,10250,62.1,0.77,7.67,63.3,0
324,38,28,2,23.92,27,46,50,31.9,40.3,21.6,64,8768,1,9350,61.8,0.7,6.83,64.6,1
325,14,23,0,22.75,26,9,0,62.8,35.9,18.2,60,2505,1,7938,72.4,0.75,6.89,87.1,1
325,15,23,0,22.75,23,46,58,51.4,46.5,19.7,62,5443,1,8462,73.3,0.82,7.1,87.6,1
325,16,23,0,22.51,44,96,19,62.4,43.8,18.7,62,4957,1,8007,73.3,0.8,7.15,87.6,1
325,17,23,0,22.97,28,83,97,72.7,45.9,18.5,61,5062,1,8085,73.3,0.78,6.8,87.2,0
325,20,23,0,21.86,33,65,63,39.5,49.1,18.2,62,6064,1,6884,74.6,0.84,7.73,67.9,1
325,21,23,0,21.77,27,19,3,48.0,48.8,17.1,59,3745,1,6658,74.2,0.76,7.55,67.9,0
325,22,23,0,20.85,4,55,0,40.2,39.5,19.3,58,3260,1,6325,73.4,0.74,7.41,66.5,0
325,23,23,0,22.75,24,51,13,50.2,52.6,19.0,59,4260,1,6221,67.4,0.75,6.69,66.5,0
325,24,23,0,22.44,30,80,20,61.4,37.7,18.3,62,4778,1,6515,71.2,0.83,7.23,65.8,0
325,26,23,0,23.02,58,13,0,57.5,46.9,18.8,59,3584,1,6587,67.3,0.78,7.45,73.1,1
325,27,23,0,22.02,30,7,57,50.8,42.2,17.9,59,5328,1,7035,69.2,0.77,7.71,76.9,1
325,28,23,0,21.91,29,35,0,64.4,42.1,17.7,56,3280,1,7334,69.4,0.76,7.41,76.3,1
325,29,23,0,21.66,11,65,18,45.2,41.6,17.6,58,4153,1,7125,68.9,0.72,7.82,76.3,1
325,30,23,0,21.68,60,87,120,50.9,42.7,18.7,57,6229,1,6870,68.6,0.67,7.65,77.0,1
325,31,23,0,22.44,40,1,0,52.7,40.3,18.3,60,3633,1,6411,68.1,0.63,7.1,77.5,0
325,32,23,0,23.16,30,12,16,42.7,42.2,18.8,60,4192,1,7003,68.6,0.61,7.76,77.5,0
325,34,23,0,21.49,7,84,0,54.0,39.6,18.0,62,3315,1,7831,65.5,0.65,8.11,76.3,1
325,35,23,0,21.59,27,38,65,49.5,42.4,18.2,59,5399,1,8274,65.2,0.62,7.45,76.3,1
325,36,23,0,21.65,43,70,0,65.4,43.3,17.6,57,3263,1,8106,64.5,0.63,7.26,76.8,1
325,37,23,0,22.84,23,72,0,45.9,42.1,18.3,62,4210,1,8539,68.7,0.64,6.66,76.3,0
325,38,23,0,22.41,31,88,0,61.5,48.4,18.3,62,3710,1,8280,68.7,0.64,7.05,76.0,1
326,14,35,2,24.29,42,117,39,39.9,34.3,22.9,64,4458,1,13559,70.4,1.03,6.0,35.6,0
326,15,35,2,23.75,39,160,0,44.0,29.3,22.8,65,4679,1,13967,71.0,1.06,6.26,36.6,0
326,16,35,2,24.44,51,206,44,46.9,35.0,23.7,71,7838,1,13278,70.5,1.02,5.41,35.9,1
326,17,35,2,23.64,43,184,32,48.1,33.1,23.6,71,5533,1,13141,70.5,1.02,6.06,35.9,0
326,20,35,2,24.08,46,81,0,29.1,27.2,22.6,62,4077,1,11619,62.6,0.96,6.17,53.4,1
326,21,35,2,24.22,70,174,0,48.5,40.9,24.0,67,6138,1,11720,63.0,0.96,5.52,53.3,0
326,22,35,2,23.45,73,148,0,35.2,32.2,23.3,68,3505,1,12072,64.2,1.08,6.37,53.6,0
326,23,35,2,23.48,52,142,0,33.0,29.9,23.0,67,4281,1,12532,63.1,1.06,6.43,55.6,1
326,24,35,2,23.93,55,119,40,40.8,37.8,22.2,66,4702,1,12465,62.6,1.06,6.16,57.9,0
326,27,35,2,24.42,47,147,0,50.6,26.6,23.0,65,4431,1,13530,60.3,1.03,5.47,51.7,0
326,28,35,2,24.09,65,171,0,43.0,34.1,24.3,64,5841,1,12815,60.7,1.09,5.65,50.8,0
326,29,35,2,23.75,55,172,49,44.6,32.1,23.0,70,6471,2,12611,60.2,1.12,6.2,50.6,0
326,30,35,2,24.26,20,159,0,39.3,33.0,22.5,68,3010,2,12618,60.1,1.12,5.8,50.2,0
326,31,35,2,23.84,32,168,46,44.2,33.8,23.9,71,4638,2,13935,60.1,1.09,6.02,49.4,0
326,32,35,2,25.02,77,134,24,38.2,33.0,23.5,69,3918,2,14323,60.7,1.1,6.18,50.9,0
326,34,35,2,24.28,34,111,0,45.5,35.9,23.6,61,5057,2,16095,65.0,1.24,5.68,35.5,0
326,35,35,2,24.26,35,100,5,40.2,37.3,24.0,64,3691,2,16553,65.0,1.27,5.52,35.5,0
326,36,35,2,23.65,57,160,0,48.1,29.8,24.0,67,3643,2,17846,65.0,1.27,6.19,33.3,0
326,37,35,2,24.39,61,177,18,46.3,35.7,24.0,70,4046,2,17548,65.4,1.29,5.24,33.7,0
326,38,35,2,24.25,76,214,0,43.3,28.5,24.4,73,4339,2,17917,66.3,1.37,5.4,33.7,0
327,14,35,0,20.67,0,93,120,30.7,41.6,22.8,54,7673,0,5907,69.5,0.18,7.5,62.5,1
327,15,35,0,21.56,0,125,0,27.5,47.6,23.0,56,5391,0,5400,66.7,0.17,7.87,62.0,1
327,16,35,0,20.74,18,105,0,39.8,41.2,22.7,54,6565,0,5347,67.5,0.13,7.4,62.0,1
327,17,35,0,22.14,5,119,33,34.2,43.1,23.6,54,6412,0,5769,65.7,0.15,6.62,63.2,1
327,20,35,0,21.49,0,78,32,17.9,40.7,22.6,52,9298,0,6457,68.1,0.2,7.13,73.8,1
327,21,35,0,21.76,0,90,36,22.9,39.0,22.9,56,8551,0,6353,67.9,0.23,7.97,73.8,0
327,22,35,0,21.49,14,65,0,30.8,37.8,23.5,50,6864,0,6213,67.6,0.18,6.39,74.3,1
327,23,35,0,21.75,0,116,4,19.8,46.6,22.3,55,11654,0,6135,68.5,0.23,8.29,74.3,1
327,24,35,0,22.25,14,83,0,26.1,37.6,22.8,54,4657,0,6213,68.0,0.13,7.35,74.3,1
327,27,35,0,21.76,24,97,36,31.3,37.1,22.5,53,5073,0,5774,61.7,0.17,7.86,80.2,1
327,28,35,0,20.69,0,84,0,23.0,34.6,22.2,53,7364,0,5719,61.7,0.1,7.25,80.2,1
327,29,35,0,21.48,0,62,40,32.2,41.9,21.6,54,6010,0,6093,61.1,0.12,7.47,80.2,1
327,30,35,0,22.01,0,62,0,15.8,41.3,22.0,53,7041,0,5966,60.8,0.15,7.34,79.4,1
327,31,35,0,22.69,0,68,0,39.8,44.3,22.7,56,7185,0,5300,64.0,0.15,7.36,78.6,1
327,34,35,0,22.06,0,52,107,28.9,38.4,22.4,51,8941,0,4967,64.3,0.09,7.85,69.5,1
327,35,35,0,22.03,15,97,0,31.2,36.0,22.0,53,13170,0,4981,65.6,0.04,6.96,69.5,1
327,36,35,0,22.17,31,112,120,33.1,38.6,21.6,51,9296,0,4940,65.4,0.11,8.25,69.5,1
327,37,35,0,22.54,0,85,95,25.3,41.8,21.6,53,12611,0,5011,68.7,-0.02,7.77,70.2,1
327,38,35,0,21.49,0,98,49,25.7,42.2,21.6,52,10325,0,4439,68.1,0.01,7.53,71.0,0
328,14,22,1,22.46,43,93,0,36.9,26.9,21.0,65,5579,2,14980,49.0,1.32,6.41,31.3,0
328,15,22,1,22.1,24,66,0,37.5,33.7,20.8,60,5527,2,13696,48.3,1.26,6.78,31.3,1
328,16,22,1,22.28,1,71,0,24.2,37.5,20.4,65,9152,2,14427,48.3,1.25,6.73,32.6,1
328,17,22,1,24.15,20,71,70,22.4,30.5,20.6,61,10297,1,12496,46.6,1.09,4.91,33.3,0
328,20,22,1,23.88,39,43,38,31.9,39.7,19.8,59,9916,1,12643,50.9,1.14,5.11,41.4,0
328,21,22,1,22.51,33,87,78,39.7,34.4,20.8,68,6206,1,11733,50.8,1.11,6.54,41.4,1
328,22,22,1,22.28,34,90,0,41.5,35.1,22.3,62,5637,1,11745,50.5,1.07,6.47,40.1,0
328,23,22,1,22.51,15,62,0,31.8,34.3,20.1,60,10936,1,11510,49.2,0.88,6.38,38.2,0
328,24,22,1,24.12,28,92,0,44.0,31.6,21.0,62,8935,1,9849,49.3,0.87,4.86,39.1,0
328,25,22,1,23.36,59,67,120,15.8,36.3,20.3,60,8330,1,10058,50.1,0.98,6.81,39.1,0
328,27,22,1,23.06,0,65,33,23.6,30.7,21.5,60,8458,1,10820,50.4,0.97,5.85,47.3,1
328,28,22,1,22.16,5,87,39,32.9,37.4,21.5,63,8312,1,10407,50.0,0.91,6.82,46.7,1
328,29,22,1,23.81,10,42,0,22.5,37.0,20.7,57,6396,1,10488,49.7,0.88,5.23,47.4,1
328,30,22,1,23.92,42,105,0,54.4,28.6,20.4,65,7691,1,10283,51.5,0.99,4.8,47.4,0
328,31,22,1,23.44,23,153,33,38.9,33.0,21.6,67,9242,1,10956,52.9,1.13,5.48,46.4,0
328,34,22,1,23.63,38,54,0,22.7,31.6,20.9,60,9933,1,10777,59.1,1.08,5.41,42.8,1
328,35,22,1,22.57,55,85,115,35.8,32.6,20.4,59,9455,1,10073,59.1,1.06,6.27,42.8,1
328,36,22,1,21.09,27,109,120,27.0,28.1,20.9,61,8048,1,9834,58.8,1.08,7.83,42.0,1
328,37,22,1,22.7,45,45,16,40.3,31.4,22.0,59,4345,1,9012,56.3,0.98,6.01,42.8,1
328,38,22,1,22.6,18,101,41,28.6,30.9,22.7,61,10063,1,8823,56.3,1.01,6.33,42.8,1
329,14,32,1,22.84,61,18,25,22.1,47.0,21.5,66,3940,1,6914,59.9,0.78,7.17,67.1,1
329,15,32,1,22.31,73,10,30,35.6,50.1,20.5,65,6225,1,6546,60.2,0.78,7.71,68.1,1
329,16,32,1,23.52,46,48,0,29.4,46.1,20.1,61,3683,1,6071,59.3,0.72,6.67,67.2,0
329,17,32,1,23.09,51,44,59,35.9,49.9,20.7,65,5603,1,6301,59.4,0.74,7.11,66.6,1
329,19,32,1,24.78,54,25,45,20.2,51.8,20.9,63,4003,1,6100,62.2,0.72,6.42,76.1,1
329,20,32,1,23.2,44,50,58,33.0,50.0,20.2,68,5766,1,6426,60.2,0.77,7.09,73.1,1
329,21,32,1,23.08,68,62,0,37.3,53.3,20.7,64,6323,1,6257,60.3,0.81,6.64,73.7,0
329,22,32,1,21.85,62,100,0,30.4,52.7,19.6,67,5620,1,6402,62.5,0.8,7.86,73.4,1
329,23,32,1,22.36,51,60,0,32.5,52.0,20.8,65,4750,1,5644,60.6,0.76,7.85,75.0,1
329,24,32,1,22.75,81,80,0,34.5,46.9,21.8,63,3551,1,6056,62.1,0.75,7.05,75.7,0
329,25,32,1,23.78,77,39,0,5.8,55.2,21.4,60,6107,1,5894,62.1,0.83,7.32,75.7,1
329,27,32,1,23.97,69,22,0,44.4,45.3,20.6,62,4886,1,6298,64.4,0.75,6.03,88.1,1
329,28,32,1,23.96,70,99,51,39.9,47.3,21.2,65,5084,1,6406,64.5,0.8,6.08,86.6,0
329,29,32,1,23.18,47,98,31,14.3,57.2,20.9,69,5131,1,7007,65.0,0.87,6.81,85.6,0
329,30,32,1,22.44,61,51,0,41.4,50.6,21.7,69,4262,1,8293,66.1,0.94,7.55,85.6,1
329,31,32,1,23.35,91,82,42,46.8,39.2,19.7,64,5146,1,8239,64.9,0.88,6.92,84.9,0
329,34,32,1,23.01,55,38,0,34.4,53.9,19.7,65,3777,1,8313,74.6,0.82,6.91,76.7,1
329,35,32,1,22.89,70,95,30,42.9,44.4,21.3,66,5059,1,8409,74.4,0.83,7.15,77.6,1
329,36,32,1,23.36,59,4,53,13.1,50.2,21.4,62,4474,1,7967,74.5,0.79,6.79,78.5,1
329,37,32,1,23.49,43,60,19,33.1,45.0,20.3,66,4049,1,8035,78.1,0.87,6.81,77.1,1
329,38,32,1,22.59,50,75,0,31.9,48.9,20.5,65,2964,1,7892,79.2,0.95,7.45,77.1,0
330,14,38,0,21.35,73,128,102,28.6,31.0,23.4,70,9229,1,5394,78.3,0.65,7.92,70.9,1
330,15,38,0,23.03,54,164,0,41.1,38.7,23.4,67,5285,1,5656,77.7,0.59,6.11,70.9,0
330,16,38,0,21.81,65,167,50,26.5,40.2,23.9,71,7931,1,6394,78.0,0.71,7.8,69.4,1
330,17,38,0,21.98,75,173,0,31.2,32.5,24.1,64,7771,1,6372,78.0,0.68,7.51,69.4,1
330,19,38,0,22.85,68,116,0,38.7,38.2,24.3,66,5403,1,6176,74.8,0.64,6.89,73.0,1
330,20,38,0,21.35,66,161,81,36.7,27.9,23.4,66,7093,1,6590,74.5,0.69,8.24,77.4,1
330,21,38,0,22.47,63,135,54,35.3,31.7,23.3,64,5352,1,7215,74.6,0.63,7.2,78.5,0
330,22,38,0,21.18,53,168,0,33.9,29.6,23.7,67,6367,1,7429,76.8,0.64,8.07,77.7,1
330,23,38,0,22.47,81,104,0,50.9,39.3,23.6,62,4021,1,7833,74.9,0.62,6.86,77.7,1
330,24,38,0,22.44,72,152,21,30.7,33.5,23.2,66,8759,1,8179,74.9,0.69,6.76,78.1,0
330,25,38,0,22.34,49,154,0,38.0,36.9,23.6,65,2701,1,8024,74.8,0.71,8.26,78.1,1
330,27,38,0,21.71,56,105,42,34.8,33.5,24.5,67,7526,1,8546,73.0,0.72,7.6,86.0,0
330,28,38,0,22.38,41,140,74,37.0,33.7,24.9,68,8248,1,8044,72.3,0.62,7.03,85.0,1
330,29,38,0,22.03,56,168,49,36.7,36.1,23.6,67,7732,1,8048,73.8,0.69,7.47,85.7,1
330,30,38,0,22.36,56,138,96,47.9,34.8,23.5,66,6421,1,7374,73.7,0.59,7.35,85.8,1
330,31,38,0,22.51,69,157,103,24.3,35.1,24.4,65,10537,1,7894,74.0,0.62,7.07,84.9,1
330,34,38,0,22.07,47,99,0,54.6,32.9,23.8,68,6204,1,7640,77.9,0.62,7.29,76.5,1
330,35,38,0,22.4,29,154,0,26.4,36.8,23.7,66,10229,1,6680,78.7,0.69,7.18,77.2,0
330,36,38,0,22.23,52,148,0,33.5,36.2,23.3,70,3231,1,6723,78.8,0.69,7.34,77.2,0
330,37,38,0,22.36,59,140,0,37.0,30.0,23.2,66,5011,1,6541,81.7,0.74,7.22,78.0,1
330,38,38,0,21.82,43,115,0,51.1,38.2,24.0,68,6051,0,7001,81.8,0.72,7.46,78.0,0
331,14,34,1,22.55,50,3,19,20.6,41.3,21.1,60,8071,0,6430,77.6,-0.03,7.75,74.1,1
331,15,34,1,22.63,53,0,113,8.1,36.7,20.3,58,7900,0,5914,77.2,-0.05,7.41,74.1,1
331,16,34,1,22.86,61,65,68,14.9,34.4,19.4,62,6643,0,5972,77.6,-0.02,7.41,74.1,1
331,17,34,1,22.34,46,12,28,15.9,44.1,20.4,58,7653,0,6182,77.6,-0.01,8.2,74.1,1
331,19,34,1,23.86,47,10,0,11.2,35.2,20.5,57,8373,0,5649,80.0,-0.02,7.09,73.5,1
331,20,34,1,22.54,39,53,23,23.3,39.1,19.1,59,10769,0,5337,78.5,0.01,7.69,78.6,1
331,21,34,1,22.73,48,8,0,8.5,40.7,20.5,61,4779,0,5451,78.9,-0.05,7.33,78.6,1
331,22,34,1,22.8,29,55,0,20.4,41.9,20.6,61,6347,0,4941,78.4,0.01,7.63,78.6,1
331,23,34,1,22.91,47,7,19,18.9,35.3,19.6,58,7488,0,4916,78.7,0.02,7.93,79.1,1
331,24,34,1,22.99,56,31,88,44.4,44.9,19.6,58,7065,0,4923,78.6,0.02,7.04,79.1,0
331,27,34,1,22.66,43,3,25,9.7,37.9,19.6,61,9439,0,5170,74.3,0.02,7.91,79.2,1
331,28,34,1,22.24,39,0,0,20.8,40.8,19.4,59,3946,0,5351,74.4,0.03,7.37,79.2,1
331,29,34,1,23.05,56,24,61,37.2,43.3,19.0,60,8881,0,5585,72.4,0.05,6.66,79.2,1
331,30,34,1,23.31,55,68,70,28.3,40.9,19.3,62,9559,0,5778,72.5,0.11,7.52,78.9,1
331,31,34,1,22.7,51,38,107,8.9,35.7,19.5,59,10590,0,5837,72.4,0.1,8.22,78.9,1
331,33,34,1,23.31,55,28,43,7.1,34.2,19.2,59,8664,0,5685,72.9,0.09,7.64,73.8,1
331,34,34,1,23.39,30,6,42,20.8,42.2,19.1,59,5952,0,5370,73.7,0.05,7.48,79.7,0
331,35,34,1,23.55,75,35,59,14.2,35.0,19.2,60,8731,0,6108,74.1,0.07,7.13,79.7,1
331,36,34,1,22.79,47,52,33,13.6,33.1,20.1,61,10171,0,6219,74.8,0.08,8.15,80.2,0
331,37,34,1,22.3,31,51,0,10.5,34.0,20.7,58,6270,0,6792,75.2,0.05,8.4,80.8,1
331,38,34,1,23.25,30,33,0,23.3,35.3,19.7,62,6604,0,6987,74.6,0.01,7.47,81.4,1
332,14,37,2,23.99,34,161,11,23.8,53.3,23.2,61,5920,2,19714,59.7,1.85,5.19,38.6,0
332,15,37,2,23.78,26,148,63,10.6,50.4,24.2,61,6843,2,21422,60.1,1.9,5.46,39.3,0
332,16,37,2,23.35,7,125,0,15.7,55.6,25.1,64,5504,2,21217,60.2,1.92,5.67,40.4,0
332,17,37,2,24.16,42,140,0,0.0,52.1,23.5,64,6907,2,20396,59.3,1.9,4.97,40.9,0
332,19,37,2,24.19,22,113,48,4.8,51.3,23.7,58,7415,2,17852,51.5,1.88,6.31,48.4,1
332,20,37,2,23.39,14,116,0,17.6,48.3,25.0,60,6806,2,18631,55.2,2.08,5.53,48.2,0
332,21,37,2,23.64,4,136,0,10.5,51.0,24.8,64,6426,2,17499,54.8,2.11,5.63,48.8,0
332,22,37,2,24.05,48,151,120,13.7,48.5,24.3,67,10086,2,17176,55.1,2.12,5.34,50.1,0
332,23,37,2,24.01,36,157,0,12.5,53.1,24.7,64,5832,3,16550,55.5,2.15,5.03,48.8,0
332,24,37,2,23.21,17,141,61,22.1,49.7,24.6,64,6623,3,17951,55.5,2.22,6.2,45.2,1
332,27,37,2,23.81,11,74,28,16.0,50.5,25.7,60,6432,3,18018,58.9,2.15,5.31,27.8,0
332,28,37,2,23.48,6,136,0,13.9,46.1,25.7,63,4642,3,18352,58.6,2.14,5.67,28.6,0
332,29,37,2,23.63,29,98,0,8.9,51.2,25.3,62,4214,3,17114,58.1,2.1,5.24,28.1,0
332,30,37,2,23.67,0,162,0,18.8,52.9,25.1,64,4552,3,16534,57.5,2.12,5.27,28.1,0
332,31,37,2,23.51,12,152,58,14.8,51.8,25.0,67,5113,3,17354,57.8,2.15,5.85,30.6,0
332,34,37,2,24.1,21,34,42,18.6,51.4,25.6,59,6986,2,16948,55.8,1.9,4.92,41.1,0
332,35,37,2,23.53,3,113,0,13.2,47.5,25.3,62,7214,2,16579,56.8,1.94,5.64,38.8,0
332,36,37,2,23.74,18,121,115,3.2,50.6,25.6,63,7959,3,15772,56.6,1.94,5.29,37.6,1
332,37,37,2,24.0,28,155,0,14.3,58.9,27.0,65,6628,2,16398,56.0,1.94,4.65,36.2,0
332,38,37,2,23.59,5,203,45,23.8,50.5,25.2,65,5004,2,15813,55.6,1.97,5.78,34.9,0
333,14,23,2,23.78,58,72,0,21.3,37.2,19.9,53,6857,2,10643,72.4,1.25,6.52,35.0,1
333,15,23,2,23.01,27,104,16,29.5,42.8,20.0,58,7136,2,11087,72.0,1.22,7.36,34.6,0
333,16,23,2,23.56,62,105,39,33.5,36.5,20.8,61,7064,2,11629,71.8,1.22,6.88,36.5,0
333,17,23,2,24.05,34,33,56,21.3,42.1,19.1,54,9111,2,11772,71.5,1.23,6.41,38.8,1
333,20,23,2,24.11,60,18,67,27.8,42.9,19.7,55,7938,2,10555,58.0,1.03,6.37,46.7,0
333,21,23,2,24.55,43,111,0,36.0,42.3,18.9,53,10468,2,9898,57.9,0.9,5.64,46.7,0
333,22,23,2,24.46,59,106,0,31.1,40.1,19.5,56,4954,2,9293,58.4,0.98,5.76,45.8,0
333,23,23,2,23.48,33,136,35,33.8,38.1,19.0,56,7945,2,9704,58.4,1.01,6.92,43.0,0
333,24,23,2,24.36,40,151,38,41.7,34.2,19.2,54,9077,2,10143,58.5,0.99,6.01,42.1,0
333,27,23,2,23.23,16,0,0,22.0,37.0,18.1,48,7623,2,9371,52.3,1.09,7.11,20.1,1
333,28,23,2,24.58,56,40,0,47.3,40.0,18.6,52,8238,2,8824,51.2,1.01,5.74,21.3,0
333,29,23,2,23.86,47,108,0,37.0,34.2,18.8,56,11266,2,9145,51.9,1.06,6.6,20.7,0
333,30,23,2,23.87,42,76,35,23.9,36.9,19.3,55,4827,2,8575,53.3,1.12,6.5,20.7,1
333,31,23,2,24.15,39,125,28,37.1,43.8,18.7,56,10675,2,8289,53.6,1.14,6.15,19.6,0
333,33,23,2,24.52,36,31,103,7.5,38.9,19.1,51,11610,2,8603,47.9,1.13,7.28,68.7,1
333,34,23,2,24.37,67,50,0,34.3,37.6,18.0,51,8598,2,8722,48.4,1.18,5.73,63.8,0
333,35,23,2,24.53,30,77,0,17.1,40.2,18.8,55,6987,2,8869,48.3,1.22,5.77,62.1,0
333,36,23,2,23.54,56,89,0,25.2,42.1,16.9,55,8200,2,9044,48.4,1.21,6.5,62.6,1
333,37,23,2,24.95,37,122,77,28.0,43.4,17.5,57,6231,2,8104,47.1,1.16,5.06,61.9,0
333,38,23,2,22.4,40,128,71,30.5,43.1,18.8,59,6365,2,8104,48.1,1.29,7.86,62.4,1
334,14,33,0,20.82,22,125,34,58.2,33.1,23.8,61,7524,1,6531,71.1,0.89,8.38,79.1,1
334,15,33,0,22.11,48,109,0,58.5,32.0,23.2,61,8310,1,7044,67.7,0.84,7.84,78.0,1
334,16,33,0,23.13,39,95,9,33.2,28.7,24.7,61,3228,1,7260,68.5,0.79,6.38,77.0,0
334,17,33,0,22.13,47,135,93,47.3,34.1,23.9,68,6526,1,6979,68.4,0.84,7.83,76.4,0
334,19,33,0,22.55,84,97,0,44.2,29.5,24.3,62,5360,1,7122,68.2,0.84,7.3,63.6,1
334,20,33,0,22.38,66,118,22,66.8,28.1,24.8,63,5181,1,7727,68.6,0.92,6.95,64.5,1
334,21,33,0,20.66,78,158,40,62.2,39.7,23.6,65,6171,1,7900,70.9,0.95,8.16,64.5,1
334,22,33,0,22.2,62,93,120,50.2,26.9,24.5,64,5820,1,7968,65.6,0.83,7.71,64.9,1
334,23,33,0,22.25,58,78,16,50.0,33.1,25.5,62,5490,1,8269,65.9,0.86,7.05,65.7,1
334,24,33,0,21.84,58,151,0,69.5,33.0,25.5,63,5093,1,8993,65.7,0.86,7.47,65.2,1
334,27,33,0,22.14,60,131,102,60.7,34.9,24.2,63,9162,1,8216,66.7,0.81,7.49,68.7,1
334,28,33,0,23.12,39,132,0,63.3,30.3,24.5,67,5398,1,8857,66.7,0.82,6.38,68.0,1
334,29,33,0,22.69,53,143,0,52.3,30.5,25.0,62,4869,1,8779,69.4,0.96,6.79,66.9,1
334,30,33,0,23.0,69,155,0,50.2,33.4,25.2,65,2900,1,8499,69.4,1.03,6.68,66.3,1
334,31,33,0,21.83,65,171,0,45.6,33.8,25.3,67,3508,1,8835,69.3,1.01,7.51,67.1,1
334,34,33,0,22.17,49,140,29,59.4,41.6,24.4,64,8419,1,7885,61.4,0.99,7.2,81.7,1
334,35,33,0,22.88,62,147,0,71.5,33.1,25.1,64,8701,1,8129,61.2,0.97,6.59,81.7,0
334,36,33,0,22.98,49,173,48,73.0,35.6,25.4,63,4296,1,7839,66.7,1.09,6.5,80.9,0
334,37,33,0,21.59,33,157,0,66.1,29.7,25.0,67,6096,1,7974,66.8,1.17,7.95,80.0,0
334,38,33,0,22.03,53,170,37,48.7,35.2,23.9,62,7675,1,8056,66.1,1.11,7.69,80.0,0
335,14,28,1,22.5,3,134,56,40.0,25.2,24.2,58,8742,0,6488,65.7,0.77,7.53,56.1,1
335,15,28,1,23.82,56,133,51,48.7,31.6,24.4,54,15370,0,5936,65.3,0.75,7.14,55.9,0
335,16,28,1,22.64,0,88,120,25.4,24.5,24.2,54,13055,0,6088,64.4,0.74,8.01,56.1,1
335,17,28,1,23.08,13,84,0,48.5,29.4,24.2,52,8151,0,6075,65.2,0.69,6.93,56.1,1
335,20,28,1,23.02,30,155,67,25.3,30.1,24.5,51,8194,0,6271,68.9,0.71,7.14,79.1,1
335,21,28,1,23.29,10,122,66,55.0,29.9,23.7,55,7494,0,6206,69.0,0.76,7.17,79.2,1
335,22,28,1,22.64,40,111,70,35.9,29.7,24.5,54,8491,0,6580,69.0,0.8,7.9,79.2,1
335,23,28,1,22.44,39,79,120,39.7,33.8,24.5,54,8847,0,6116,68.9,0.72,6.7,79.6,1
335,24,28,1,22.82,18,115,18,54.8,28.5,24.4,57,11153,0,5599,66.4,0.77,6.83,79.6,0
335,26,28,1,23.77,58,90,85,46.6,31.0,24.8,51,7277,0,5338,65.8,0.78,7.04,71.7,1
335,27,28,1,23.01,22,75,43,53.4,27.7,24.3,54,13121,0,5450,67.6,0.82,7.64,75.9,1
335,28,28,1,22.46,10,97,120,43.6,34.8,24.0,53,13726,0,5623,67.8,0.79,6.97,75.4,0
335,29,28,1,23.45,45,92,66,47.3,27.2,25.2,54,7914,0,5901,66.7,0.83,7.3,76.9,1
335,30,28,1,22.88,39,152,0,41.5,26.2,25.1,55,8224,0,6266,67.7,0.82,7.14,76.9,0
335,31,28,1,23.03,35,127,64,57.8,32.7,24.6,54,10111,0,5988,67.6,0.88,7.45,76.9,0
335,34,28,1,22.83,47,119,0,41.8,28.9,26.2,55,8207,0,5765,79.6,0.88,6.89,71.5,1
335,35,28,1,23.38,46,115,49,42.6,33.2,25.8,57,11723,1,6236,79.1,0.9,6.83,72.3,1
335,36,28,1,21.92,20,156,104,40.7,32.0,25.0,53,13414,0,5647,79.2,0.92,7.98,73.2,1
335,37,28,1,23.57,60,115,81,46.1,25.1,25.3,56,10543,1,5739,77.4,0.92,6.89,73.2,1
335,38,28,1,23.71,15,108,0,38.8,33.4,24.4,54,8686,1,5663,79.4,0.91,7.2,73.2,1
336,14,23,2,24.62,58,137,66,61.3,33.6,20.8,68,11290,2,8904,72.0,0.59,6.43,65.0,1
336,15,23,2,25.5,16,134,0,46.9,25.0,20.6,67,3317,2,9049,72.3,0.63,5.54,65.0,0
336,16,23,2,23.77,36,179,41,61.6,30.8,20.0,74,5172,2,10521,72.4,0.74,7.27,64.7,0
336,17,23,2,23.97,47,173,85,47.2,33.0,20.7,67,5200,2,11529,71.6,0.7,7.19,64.7,0
336,18,23,2,25.71,73,187,80,35.7,28.7,19.4,68,7358,1,11494,71.3,0.62,6.38,67.3,0
336,20,23,2,24.06,55,136,24,71.3,33.3,20.1,69,8623,2,11913,73.2,0.7,6.58,53.5,0
336,21,23,2,24.25,21,142,0,54.7,25.8,20.4,70,5780,2,12037,72.5,0.68,6.84,52.6,1
336,22,23,2,24.17,35,160,0,41.6,32.2,20.6,65,5310,1,11292,72.5,0.65,6.94,53.8,0
336,23,23,2,24.26,47,178,0,34.8,29.6,20.0,68,4762,1,10311,72.4,0.6,6.41,52.9,1
336,24,23,2,24.31,61,201,0,59.0,30.9,19.1,72,8232,1,10378,72.1,0.6,6.47,53.3,0
336,27,23,2,24.54,55,120,0,49.4,26.4,19.8,65,6494,2,10904,65.6,0.67,6.37,77.5,0
336,28,23,2,25.03,26,165,0,56.4,33.2,18.9,67,8267,2,11884,66.7,0.77,6.02,77.4,0
336,29,23,2,23.8,28,182,0,33.8,26.5,20.0,67,3926,2,11783,66.8,0.8,7.34,77.4,0
336,30,23,2,24.18,31,149,46,61.1,24.8,20.2,71,5294,2,10194,66.5,0.67,6.71,77.5,0
336,31,23,2,23.93,31,149,45,29.6,28.8,19.0,68,8930,2,10935,66.8,0.71,7.13,75.5,0
336,33,23,2,24.56,17,106,0,49.0,25.8,19.9,71,4582,2,10607,69.5,0.58,7.65,63.7,1
336,34,23,2,23.18,29,143,120,64.3,31.2,18.9,65,10511,2,10820,70.1,0.63,7.72,53.2,1
336,35,23,2,23.96,33,153,33,61.9,31.5,19.0,66,6325,1,10305,68.9,0.55,7.03,52.5,0
336,36,23,2,23.18,32,163,0,53.1,34.2,20.4,66,2958,2,10054,68.7,0.53,7.66,51.3,0
336,37,23,2,23.69,28,136,15,39.3,29.8,20.0,66,4280,1,10849,67.0,0.48,7.21,51.3,1
336,38,23,2,24.35,34,130,0,63.7,28.8,20.0,67,5999,1,10466,66.7,0.42,6.57,51.3,0
337,14,39,0,22.36,80,198,0,42.5,36.4,24.7,61,6249,1,9552,73.3,1.17,6.17,63.0,1
337,15,39,0,22.17,56,165,42,33.0,32.9,26.4,63,7552,2,9876,73.2,1.21,6.29,62.7,0
337,16,39,0,22.31,54,221,120,59.0,38.6,25.7,67,6499,1,10371,73.8,1.25,6.59,63.6,0
337,17,39,0,21.76,48,177,54,31.4,37.3,26.0,62,6185,1,10246,74.5,1.27,6.84,62.5,1
337,19,39,0,22.12,43,145,0,24.7,36.2,25.1,61,7507,2,9711,73.1,1.19,7.17,77.7,1
337,20,39,0,22.35,63,115,37,28.3,25.5,25.8,60,8051,2,10147,74.1,1.23,6.22,72.1,1
337,21,39,0,22.28,63,166,59,40.4,35.3,25.1,60,5158,2,10077,74.3,1.26,6.59,73.3,1
337,22,39,0,22.18,44,184,0,28.7,40.0,25.0,61,7583,2,9966,74.7,1.26,6.46,72.8,0
337,23,39,0,22.41,65,200,0,50.8,36.3,25.5,63,6584,2,9951,74.6,1.27,6.1,71.8,0
337,24,39,0,21.66,30,177,43,34.9,38.4,25.4,67,6324,1,11222,75.1,1.33,6.85,71.8,0
337,25,39,0,22.57,56,201,34,40.6,41.8,25.8,65,9612,1,10664,74.1,1.3,7.01,72.3,0
337,26,39,0,22.78,61,170,36,37.3,38.3,26.3,65,12520,1,11562,79.0,1.4,6.81,65.0,0
337,27,39,0,21.96,73,175,0,48.6,35.9,25.7,64,9564,2,11702,77.8,1.41,6.29,63.8,1
337,28,39,0,21.98,55,200,99,54.5,38.9,27.0,67,8828,2,11689,77.2,1.42,6.55,63.3,0
337,29,39,0,21.71,55,194,0,21.3,32.9,25.3,62,7258,2,11266,76.8,1.39,6.94,62.6,1
337,30,39,0,21.93,60,163,49,49.9,41.4,26.1,64,11066,2,10764,76.5,1.35,6.61,62.6,1
337,31,39,0,22.24,72,212,0,41.8,42.9,25.9,63,6876,1,11345,76.1,1.34,6.12,64.3,1
337,34,39,0,22.03,62,109,28,49.5,43.2,25.6,62,8784,2,12789,74.4,1.3,6.49,76.6,1
337,35,39,0,21.9,33,154,120,35.4,42.5,27.2,61,10631,2,12649,74.1,1.28,6.59,75.8,0
337,36,39,0,21.7,41,186,0,42.1,37.5,25.8,63,6677,1,12253,73.6,1.28,6.88,77.3,0
337,37,39,0,22.29,43,152,0,48.4,37.7,27.8,64,7639,1,12370,73.0,1.25,6.07,78.6,0
337,38,39,0,22.01,45,185,106,40.0,37.8,25.1,65,7117,2,11432,72.9,1.26,6.71,76.1,0
338,14,17,1,23.17,79,100,0,39.9,37.0,21.9,64,7097,1,8009,65.7,1.0,6.67,41.0,0
338,15,17,1,23.24,58,205,24,40.6,38.5,21.5,66,6104,1,8645,65.5,1.02,6.62,39.9,1
338,16,17,1,23.56,50,145,18,46.3,26.8,21.1,67,7137,1,9694,65.6,1.02,6.35,39.9,0
338,17,17,1,23.36,68,150,0,65.4,37.8,19.8,71,7733,1,9638,66.5,1.08,6.36,41.3,0
338,20,17,1,22.98,66,115,0,50.2,35.6,21.1,64,7651,1,11358,60.8,1.0,6.96,42.9,0
338,21,17,1,23.67,58,160,0,55.1,39.8,20.6,66,7740,2,11047,60.2,0.95,6.14,41.7,0
338,22,17,1,23.61,68,141,68,47.5,39.5,21.5,64,10100,2,11419,60.5,0.99,6.37,43.1,0
338,23,17,1,23.95,53,176,19,47.9,36.6,20.9,61,4028,2,12695,60.6,1.01,6.01,40.9,0
338,24,17,1,23.58,89,173,94,50.0,39.2,22.4,67,8552,2,13089,61.1,1.05,6.44,41.3,0
338,27,17,1,22.96,63,131,0,36.2,35.0,21.3,58,8792,2,13471,58.4,1.13,7.08,70.3,0
338,28,17,1,23.52,76,161,0,56.8,29.8,21.2,66,12573,2,13889,57.8,1.11,6.34,72.4,0
338,29,17,1,22.94,75,161,33,54.0,29.9,21.2,65,7706,2,13917,58.3,1.14,6.86,71.4,0
338,30,17,1,23.52,77,139,0,55.9,33.5,20.5,65,7644,2,12551,57.7,1.12,6.24,74.8,0
338,31,17,1,23.39,79,165,96,54.0,28.9,21.4,68,9846,2,13210,57.5,1.13,6.69,72.6,0
338,32,17,1,23.45,63,163,82,29.9,33.6,20.9,66,10819,2,11868,57.9,1.1,7.89,71.7,0
338,33,17,1,23.88,72,129,53,25.8,32.3,21.7,65,7050,2,12814,68.4,1.2,7.38,34.1,1
338,34,17,1,24.33,82,142,0,69.3,31.5,21.6,65,4697,2,12997,69.2,1.25,5.57,33.9,0
338,35,17,1,23.57,48,178,0,43.9,34.5,22.4,66,5926,2,13392,70.1,1.35,6.27,32.4,0
338,36,17,1,23.74,88,210,0,50.6,32.8,21.3,68,7885,2,13456,70.0,1.34,5.76,33.5,0
338,37,17,1,23.55,63,201,0,50.5,31.4,21.5,67,6494,2,12281,69.7,1.38,6.32,33.5,0
338,38,17,1,23.17,67,180,0,44.7,32.9,21.7,69,6720,2,13372,69.4,1.36,6.68,35.6,0
339,14,55,0,21.35,23,1,0,20.8,28.5,19.4,55,13362,0,4383,80.4,-0.38,8.64,93.6,1
339,15,55,0,21.4,25,31,0,25.1,28.4,20.3,57,11515,0,4386,81.2,-0.37,7.84,94.1,1
339,16,55,0,21.76,26,13,0,48.5,33.6,21.6,57,7922,0,4606,80.2,-0.35,8.63,94.1,1
339,17,55,0,21.72,19,45,0,39.0,25.2,20.7,56,7888,0,4511,80.5,-0.4,7.71,94.1,1
339,20,55,0,21.44,22,71,48,29.3,28.6,21.0,54,9934,0,4534,76.0,-0.38,8.01,89.0,1
339,21,55,0,21.34,44,11,120,21.3,27.6,21.3,53,8358,0,4432,78.1,-0.37,8.66,89.8,1
339,22,55,0,21.11,20,47,95,36.0,29.2,21.1,56,14882,0,4407,77.9,-0.41,7.69,89.8,0
339,23,55,0,21.99,43,29,40,37.5,32.1,21.8,58,7841,0,4451,74.5,-0.37,8.04,90.8,1
339,24,55,0,21.58,12,18,0,38.5,36.5,20.8,56,7525,0,4429,74.5,-0.37,8.28,90.8,1
339,27,55,0,21.84,25,58,55,52.4,28.2,20.7,60,10887,0,4787,76.2,-0.35,7.5,90.9,1
339,28,55,0,21.92,38,43,40,40.3,23.8,21.0,56,9743,0,4511,75.9,-0.29,8.57,90.9,1
339,29,55,0,21.87,48,19,25,40.2,37.0,21.1,53,9661,0,4582,75.6,-0.28,7.71,89.9,1
339,30,55,0,21.29,0,0,77,32.6,33.1,21.5,57,10402,0,4918,76.8,-0.28,8.37,89.9,1
339,31,55,0,21.56,39,27,0,43.6,31.1,21.1,54,6605,0,5236,76.2,-0.26,8.3,89.9,1
339,34,55,0,21.84,26,29,52,38.7,34.0,20.3,56,7303,0,5263,78.8,-0.3,8.47,78.6,1
339,35,55,0,21.54,22,78,0,23.6,29.8,20.6,57,5943,0,5101,79.5,-0.33,8.24,78.6,1
339,36,55,0,22.05,26,25,55,35.3,28.8,21.1,56,9926,0,5077,79.4,-0.3,7.85,79.4,1
339,37,55,0,21.71,34,42,33,29.7,31.5,21.7,58,11157,0,4753,84.1,-0.31,8.08,78.6,1
339,38,55,0,21.25,0,54,77,35.2,36.5,21.3,58,13068,0,5416,83.9,-0.32,8.0,78.6,0
